method,kl,kl,hd,hd,jsd,jsd,acc,acc,ace,ace,spa,spa,mse,mse
,mean,std,mean,std,mean,std,mean,std,mean,std,mean,std,mean,std
full_information,2.6832791338853714,2.582195326774319,2.255864136921764,1.6140295740767632,0.6842538675961682,0.6649145983799729,0.8522522785639521,0.09144829506435655,0.3462692021007307,0.22828129634426986,0.8397390104259991,0.06936452974325091,0.04903920963413774,0.02980632139291017
popularity,4.965132472466845,8.176971693487944,2.5906785929868064,1.8012681753731368,0.8853366389581514,0.828801344557303,0.8408045380468934,0.09811290061585641,0.4485640704356375,0.43128311361257676,0.8239371025027369,0.06929203704663564,0.05540133940577562,0.03468818889248675
proposed,2.8443324237937766,2.6406908947664323,2.310967720802711,1.6313556302011305,0.7182656846342154,0.6773210717458286,0.8361294076790977,0.09993171480787162,0.36205128744991494,0.23723937784183946,0.8311291315774193,0.07545787047723301,0.053666366183887815,0.033924201132282956
random,5.554597796138519,4.7714011101513165,3.1772146389897618,2.066087670883588,1.3022400367082267,1.1001428889115925,0.7234594448136803,0.14798100712093554,0.45378032529760154,0.29623777598850204,0.778235073044522,0.08885852636089636,0.07005242325855958,0.03977918575166994
simple_markov,30.750526919936203,20.177782080493582,3.305786785951071,2.062645481834983,1.324954439142672,0.9842729507735186,0.7812185013792452,0.1334591755083886,1.3363623134237088,0.9666764213130631,0.8126949839035152,0.08820330807621038,0.07126720860623008,0.042850130033350774
