method,kl,kl,hd,hd,jsd,jsd,acc,acc,ace,ace,spa,spa,mse,mse
,mean,std,mean,std,mean,std,mean,std,mean,std,mean,std,mean,std
full_information,2.3183495043785673,2.3122802514543155,2.0111554713246855,1.4719555110440043,0.5948895195927657,0.5962854165509407,0.8568464620707714,0.08856037269414684,0.33415166418634745,0.2177132883693215,0.8422475990764833,0.06925167448960755,0.048914991644957474,0.02955510582031982
popularity,4.106553799671969,6.986977388113921,2.3222878654547467,1.658314682669047,0.7808984908992889,0.7535707898533711,0.8460935767808004,0.09514255715998281,0.4118873501147547,0.38001440422047605,0.8271162975492282,0.06952355613212188,0.05458771191236063,0.03355562655586596
proposed,2.451464220590085,2.366638054488768,2.0591302167873344,1.488073854575252,0.6235654069715844,0.6075219808472199,0.8427834264875701,0.09630239141108911,0.3477280991873509,0.22597945147654971,0.8347312299884432,0.07448878684474132,0.05292006790659994,0.033124682982200414
random,4.936664663551586,4.358673803902731,2.870966840821185,1.9140834468487484,1.1653929032369315,1.0103557534230778,0.7335151767354806,0.14535054963874028,0.43530889175625365,0.2853575680627153,0.784450695176372,0.0897409796208221,0.0688981868806454,0.03950937500803581
simple_markov,28.379865181475328,19.68078036722948,2.9585904255725834,1.9050796115001154,1.1598247955286753,0.9011927531066694,0.7933242807606757,0.1267584619580039,1.3382173713600234,1.008882932447574,0.8196087701890985,0.08643137669044564,0.07100114344345569,0.043294508534328105
