method,kl,kl,hd,hd,jsd,jsd,acc,acc,ace,ace,spa,spa,mse,mse
,mean,std,mean,std,mean,std,mean,std,mean,std,mean,std,mean,std
full_information,1.756362227421147,1.7077536409829888,1.6132888147082187,1.149159880040273,0.4568834643231892,0.45701433281293014,0.8636071313302083,0.08351921844499252,0.3108788597501035,0.1979421365909318,0.8504781788475919,0.06816890245692442,0.04843356013309224,0.030095872919821666
popularity,3.267314091207876,5.471079528977337,1.8804563730059785,1.3398728996626639,0.6124021662081349,0.611846953725847,0.8570092512010782,0.08789722523781282,0.3981253595626101,0.4004517123428537,0.8376199098300137,0.06735685085017425,0.05326697593889957,0.03343421570682963
proposed,1.8909117836798754,1.7654978544147422,1.6594356961048773,1.1623300810971195,0.4847472178665559,0.4668626305513217,0.8515428325947557,0.09113547056294882,0.3232665422099801,0.205767023457915,0.8444603089698275,0.07284620624886072,0.05207602418630786,0.033268475734254274
random,3.9578868279540558,3.700239802403129,2.370252100426984,1.59415319807314,0.9534898818784342,0.8736462220669647,0.7499096487202257,0.13769696620232436,0.40397213773063123,0.26084063770826,0.7946885315822297,0.0894612138434419,0.06716146978970693,0.038865188886405784
simple_markov,26.688538117612236,18.63020377193643,2.479153567245291,1.4653209405795364,0.9482772263808465,0.6954212625901787,0.8104079172074364,0.11370072853971899,1.3865103655016073,1.0039937816730795,0.8316353985392123,0.08284945657569653,0.06946223586468636,0.04297670152579936
