method,kl,kl,hd,hd,jsd,jsd,acc,acc,ace,ace,spa,spa,mse,mse
,mean,std,mean,std,mean,std,mean,std,mean,std,mean,std,mean,std
full_information,2.7232186595395826,2.652358026650905,2.2734820973814465,1.648091646805794,0.7016868938474742,0.6899177116009765,0.85589551253159,0.08812255950304752,0.34284703431167207,0.22030401325916024,0.8396888282246309,0.06806869261979558,0.048721976447507934,0.029327498534981192
popularity,4.544640364821836,6.9077297088946255,2.604008081818652,1.840964624504829,0.9064908712976238,0.8571366144687991,0.8441480476478054,0.09456347235589428,0.41802957157821247,0.3693840044499865,0.823848672777029,0.06852145917623666,0.054566582517645526,0.033267226257173016
proposed,2.8511811222950034,2.6825571707385376,2.3191601838069236,1.6565545929326917,0.7290282466575175,0.6959039529330313,0.841154066554914,0.09560916116573538,0.35707764036166073,0.22861724714222867,0.831492407767263,0.07339694407414223,0.0528845910407215,0.032947057196178624
random,5.719383602741934,5.027290542813846,3.207580557951204,2.145516601671436,1.3429216324295499,1.1645798503742395,0.7246240550880381,0.14832691679309895,0.45225694362747,0.29508946323894286,0.7787179878048742,0.08974399610958936,0.0698390391632401,0.039758557238508796
simple_markov,31.17136871174713,20.879936370802522,3.2684622060132438,2.02240480194037,1.3070851538969162,0.9638703238574668,0.7853019267926047,0.1279156775613132,1.3679077430461113,1.0169999968714871,0.8138346887916441,0.08640435514999051,0.07203377613823966,0.04341402512498535
