method,kl,kl,hd,hd,jsd,jsd,acc,acc,ace,ace,spa,spa,mse,mse
,mean,std,mean,std,mean,std,mean,std,mean,std,mean,std,mean,std
full_information,2.49828996528954,2.478556622185548,2.1400504800086755,1.576971667097851,0.6417921267442815,0.6412242445922477,0.8570915360189424,0.08900072603384232,0.3376056148173202,0.22218750174508525,0.8412623704948443,0.06939714262695096,0.04850432995807747,0.029461809152351217
popularity,4.025262158546157,6.111045555158999,2.4615029967494264,1.7477755054534807,0.8352070339038117,0.794103699560566,0.8464340606808521,0.09555462017080665,0.39926837796937176,0.34128341636624937,0.8258307114137309,0.06944720681509908,0.05392420069823239,0.03284254776153528
proposed,2.606931875900252,2.503768232804648,2.180144061647149,1.5839763753955316,0.6652296615618172,0.6461946635083865,0.84406684669559,0.09625213179853194,0.3502695091369689,0.22989040333848826,0.8338226994435053,0.0743576342980262,0.05224048175892904,0.032807179844477806
random,5.327048414149289,4.664455160024112,3.052098899698729,2.035764381842202,1.2525639807544984,1.0793337535269256,0.729144482908654,0.14799666489627541,0.44380925315478753,0.29271903098036506,0.781773768556574,0.09016557566245827,0.06934165414650705,0.039808272850683994
simple_markov,28.668366722626576,21.01076423099216,3.063161049480412,2.0326480714618613,1.198749850639869,0.9524157518285088,0.7911473870257292,0.12848680988959418,1.308385765789792,1.0074220113202257,0.8180275097412405,0.08675272343807656,0.07091163748300786,0.04347299589774919
