experiment,metric,baseline,p_value,significant
"n_students-100_n_skills-10_smoothing-0.1_current_alpha_beta-[2, 6]_future_alpha_beta-[2, 6]",acc,full_information,0.9970703125,False
"n_students-100_n_skills-10_smoothing-0.1_current_alpha_beta-[2, 6]_future_alpha_beta-[2, 6]",acc,popularity,0.9345703125,False
"n_students-100_n_skills-10_smoothing-0.1_current_alpha_beta-[2, 6]_future_alpha_beta-[2, 6]",acc,simple_markov,0.0009765625,True
"n_students-100_n_skills-10_smoothing-0.1_current_alpha_beta-[2, 6]_future_alpha_beta-[2, 6]",acc,random,0.0009765625,True
"n_students-100_n_skills-10_smoothing-0.1_current_alpha_beta-[2, 6]_future_alpha_beta-[2, 6]",acc,bayesian_network,0.0009765625,True
"n_students-100_n_skills-10_smoothing-0.1_current_alpha_beta-[2, 6]_future_alpha_beta-[3, 5]",acc,full_information,0.9677734375,False
"n_students-100_n_skills-10_smoothing-0.1_current_alpha_beta-[2, 6]_future_alpha_beta-[3, 5]",acc,popularity,0.19140625,False
"n_students-100_n_skills-10_smoothing-0.1_current_alpha_beta-[2, 6]_future_alpha_beta-[3, 5]",acc,simple_markov,0.0009765625,True
"n_students-100_n_skills-10_smoothing-0.1_current_alpha_beta-[2, 6]_future_alpha_beta-[3, 5]",acc,random,0.0009765625,True
"n_students-100_n_skills-10_smoothing-0.1_current_alpha_beta-[2, 6]_future_alpha_beta-[3, 5]",acc,bayesian_network,0.0009765625,True
"n_students-100_n_skills-10_smoothing-0.1_current_alpha_beta-[2, 6]_future_alpha_beta-[4, 4]",acc,full_information,0.9951171875,False
"n_students-100_n_skills-10_smoothing-0.1_current_alpha_beta-[2, 6]_future_alpha_beta-[4, 4]",acc,popularity,0.5390625,False
"n_students-100_n_skills-10_smoothing-0.1_current_alpha_beta-[2, 6]_future_alpha_beta-[4, 4]",acc,simple_markov,0.0009765625,True
"n_students-100_n_skills-10_smoothing-0.1_current_alpha_beta-[2, 6]_future_alpha_beta-[4, 4]",acc,random,0.0009765625,True
"n_students-100_n_skills-10_smoothing-0.1_current_alpha_beta-[2, 6]_future_alpha_beta-[4, 4]",acc,bayesian_network,0.0009765625,True
"n_students-100_n_skills-10_smoothing-0.1_current_alpha_beta-[2, 6]_future_alpha_beta-[5, 3]",acc,full_information,0.9951171875,False
"n_students-100_n_skills-10_smoothing-0.1_current_alpha_beta-[2, 6]_future_alpha_beta-[5, 3]",acc,popularity,0.8203125,False
"n_students-100_n_skills-10_smoothing-0.1_current_alpha_beta-[2, 6]_future_alpha_beta-[5, 3]",acc,simple_markov,0.0009765625,True
"n_students-100_n_skills-10_smoothing-0.1_current_alpha_beta-[2, 6]_future_alpha_beta-[5, 3]",acc,random,0.0009765625,True
"n_students-100_n_skills-10_smoothing-0.1_current_alpha_beta-[2, 6]_future_alpha_beta-[5, 3]",acc,bayesian_network,0.0009765625,True
"n_students-100_n_skills-10_smoothing-0.1_current_alpha_beta-[2, 6]_future_alpha_beta-[6, 2]",acc,full_information,0.99609375,False
"n_students-100_n_skills-10_smoothing-0.1_current_alpha_beta-[2, 6]_future_alpha_beta-[6, 2]",acc,popularity,0.875,False
"n_students-100_n_skills-10_smoothing-0.1_current_alpha_beta-[2, 6]_future_alpha_beta-[6, 2]",acc,simple_markov,0.0009765625,True
"n_students-100_n_skills-10_smoothing-0.1_current_alpha_beta-[2, 6]_future_alpha_beta-[6, 2]",acc,random,0.0009765625,True
"n_students-100_n_skills-10_smoothing-0.1_current_alpha_beta-[2, 6]_future_alpha_beta-[6, 2]",acc,bayesian_network,0.0009765625,True
"n_students-100_n_skills-10_smoothing-0.1_current_alpha_beta-[3, 5]_future_alpha_beta-[2, 6]",acc,full_information,0.9033203125,False
"n_students-100_n_skills-10_smoothing-0.1_current_alpha_beta-[3, 5]_future_alpha_beta-[2, 6]",acc,popularity,0.578125,False
"n_students-100_n_skills-10_smoothing-0.1_current_alpha_beta-[3, 5]_future_alpha_beta-[2, 6]",acc,simple_markov,0.001953125,True
"n_students-100_n_skills-10_smoothing-0.1_current_alpha_beta-[3, 5]_future_alpha_beta-[2, 6]",acc,random,0.0009765625,True
"n_students-100_n_skills-10_smoothing-0.1_current_alpha_beta-[3, 5]_future_alpha_beta-[2, 6]",acc,bayesian_network,0.0029296875,True
"n_students-100_n_skills-10_smoothing-0.1_current_alpha_beta-[3, 5]_future_alpha_beta-[3, 5]",acc,full_information,0.65234375,False
"n_students-100_n_skills-10_smoothing-0.1_current_alpha_beta-[3, 5]_future_alpha_beta-[3, 5]",acc,popularity,0.23046875,False
"n_students-100_n_skills-10_smoothing-0.1_current_alpha_beta-[3, 5]_future_alpha_beta-[3, 5]",acc,simple_markov,0.0009765625,True
"n_students-100_n_skills-10_smoothing-0.1_current_alpha_beta-[3, 5]_future_alpha_beta-[3, 5]",acc,random,0.0009765625,True
"n_students-100_n_skills-10_smoothing-0.1_current_alpha_beta-[3, 5]_future_alpha_beta-[3, 5]",acc,bayesian_network,0.0009765625,True
"n_students-100_n_skills-10_smoothing-0.1_current_alpha_beta-[3, 5]_future_alpha_beta-[4, 4]",acc,full_information,0.9345703125,False
"n_students-100_n_skills-10_smoothing-0.1_current_alpha_beta-[3, 5]_future_alpha_beta-[4, 4]",acc,popularity,0.5,False
"n_students-100_n_skills-10_smoothing-0.1_current_alpha_beta-[3, 5]_future_alpha_beta-[4, 4]",acc,simple_markov,0.0009765625,True
"n_students-100_n_skills-10_smoothing-0.1_current_alpha_beta-[3, 5]_future_alpha_beta-[4, 4]",acc,random,0.0009765625,True
"n_students-100_n_skills-10_smoothing-0.1_current_alpha_beta-[3, 5]_future_alpha_beta-[4, 4]",acc,bayesian_network,0.0009765625,True
"n_students-100_n_skills-10_smoothing-0.1_current_alpha_beta-[3, 5]_future_alpha_beta-[5, 3]",acc,full_information,0.951171875,False
"n_students-100_n_skills-10_smoothing-0.1_current_alpha_beta-[3, 5]_future_alpha_beta-[5, 3]",acc,popularity,0.673828125,False
"n_students-100_n_skills-10_smoothing-0.1_current_alpha_beta-[3, 5]_future_alpha_beta-[5, 3]",acc,simple_markov,0.0009765625,True
"n_students-100_n_skills-10_smoothing-0.1_current_alpha_beta-[3, 5]_future_alpha_beta-[5, 3]",acc,random,0.0009765625,True
"n_students-100_n_skills-10_smoothing-0.1_current_alpha_beta-[3, 5]_future_alpha_beta-[5, 3]",acc,bayesian_network,0.0009765625,True
"n_students-100_n_skills-10_smoothing-0.1_current_alpha_beta-[3, 5]_future_alpha_beta-[6, 2]",acc,full_information,0.8984375,False
"n_students-100_n_skills-10_smoothing-0.1_current_alpha_beta-[3, 5]_future_alpha_beta-[6, 2]",acc,popularity,0.0234375,True
"n_students-100_n_skills-10_smoothing-0.1_current_alpha_beta-[3, 5]_future_alpha_beta-[6, 2]",acc,simple_markov,0.0009765625,True
"n_students-100_n_skills-10_smoothing-0.1_current_alpha_beta-[3, 5]_future_alpha_beta-[6, 2]",acc,random,0.0009765625,True
"n_students-100_n_skills-10_smoothing-0.1_current_alpha_beta-[3, 5]_future_alpha_beta-[6, 2]",acc,bayesian_network,0.0009765625,True
"n_students-100_n_skills-10_smoothing-0.1_current_alpha_beta-[4, 4]_future_alpha_beta-[2, 6]",acc,full_information,0.56640625,False
"n_students-100_n_skills-10_smoothing-0.1_current_alpha_beta-[4, 4]_future_alpha_beta-[2, 6]",acc,popularity,0.53125,False
"n_students-100_n_skills-10_smoothing-0.1_current_alpha_beta-[4, 4]_future_alpha_beta-[2, 6]",acc,simple_markov,0.0009765625,True
"n_students-100_n_skills-10_smoothing-0.1_current_alpha_beta-[4, 4]_future_alpha_beta-[2, 6]",acc,random,0.0009765625,True
"n_students-100_n_skills-10_smoothing-0.1_current_alpha_beta-[4, 4]_future_alpha_beta-[2, 6]",acc,bayesian_network,0.0009765625,True
"n_students-100_n_skills-10_smoothing-0.1_current_alpha_beta-[4, 4]_future_alpha_beta-[3, 5]",acc,full_information,0.673828125,False
"n_students-100_n_skills-10_smoothing-0.1_current_alpha_beta-[4, 4]_future_alpha_beta-[3, 5]",acc,popularity,0.623046875,False
"n_students-100_n_skills-10_smoothing-0.1_current_alpha_beta-[4, 4]_future_alpha_beta-[3, 5]",acc,simple_markov,0.0009765625,True
"n_students-100_n_skills-10_smoothing-0.1_current_alpha_beta-[4, 4]_future_alpha_beta-[3, 5]",acc,random,0.0009765625,True
"n_students-100_n_skills-10_smoothing-0.1_current_alpha_beta-[4, 4]_future_alpha_beta-[3, 5]",acc,bayesian_network,0.001953125,True
"n_students-100_n_skills-10_smoothing-0.1_current_alpha_beta-[4, 4]_future_alpha_beta-[4, 4]",acc,full_information,0.80859375,False
"n_students-100_n_skills-10_smoothing-0.1_current_alpha_beta-[4, 4]_future_alpha_beta-[4, 4]",acc,popularity,0.9609375,False
"n_students-100_n_skills-10_smoothing-0.1_current_alpha_beta-[4, 4]_future_alpha_beta-[4, 4]",acc,simple_markov,0.0009765625,True
"n_students-100_n_skills-10_smoothing-0.1_current_alpha_beta-[4, 4]_future_alpha_beta-[4, 4]",acc,random,0.0009765625,True
"n_students-100_n_skills-10_smoothing-0.1_current_alpha_beta-[4, 4]_future_alpha_beta-[4, 4]",acc,bayesian_network,0.0009765625,True
"n_students-100_n_skills-10_smoothing-0.1_current_alpha_beta-[4, 4]_future_alpha_beta-[5, 3]",acc,full_information,0.53125,False
"n_students-100_n_skills-10_smoothing-0.1_current_alpha_beta-[4, 4]_future_alpha_beta-[5, 3]",acc,popularity,0.109375,False
"n_students-100_n_skills-10_smoothing-0.1_current_alpha_beta-[4, 4]_future_alpha_beta-[5, 3]",acc,simple_markov,0.0009765625,True
"n_students-100_n_skills-10_smoothing-0.1_current_alpha_beta-[4, 4]_future_alpha_beta-[5, 3]",acc,random,0.0009765625,True
"n_students-100_n_skills-10_smoothing-0.1_current_alpha_beta-[4, 4]_future_alpha_beta-[5, 3]",acc,bayesian_network,0.0009765625,True
"n_students-100_n_skills-10_smoothing-0.1_current_alpha_beta-[4, 4]_future_alpha_beta-[6, 2]",acc,full_information,0.9453125,False
"n_students-100_n_skills-10_smoothing-0.1_current_alpha_beta-[4, 4]_future_alpha_beta-[6, 2]",acc,popularity,0.7265625,False
"n_students-100_n_skills-10_smoothing-0.1_current_alpha_beta-[4, 4]_future_alpha_beta-[6, 2]",acc,simple_markov,0.0009765625,True
"n_students-100_n_skills-10_smoothing-0.1_current_alpha_beta-[4, 4]_future_alpha_beta-[6, 2]",acc,random,0.0009765625,True
"n_students-100_n_skills-10_smoothing-0.1_current_alpha_beta-[4, 4]_future_alpha_beta-[6, 2]",acc,bayesian_network,0.0009765625,True
"n_students-100_n_skills-10_smoothing-0.1_current_alpha_beta-[5, 3]_future_alpha_beta-[2, 6]",acc,full_information,0.671875,False
"n_students-100_n_skills-10_smoothing-0.1_current_alpha_beta-[5, 3]_future_alpha_beta-[2, 6]",acc,popularity,0.8125,False
"n_students-100_n_skills-10_smoothing-0.1_current_alpha_beta-[5, 3]_future_alpha_beta-[2, 6]",acc,simple_markov,0.0009765625,True
"n_students-100_n_skills-10_smoothing-0.1_current_alpha_beta-[5, 3]_future_alpha_beta-[2, 6]",acc,random,0.0009765625,True
"n_students-100_n_skills-10_smoothing-0.1_current_alpha_beta-[5, 3]_future_alpha_beta-[2, 6]",acc,bayesian_network,0.0009765625,True
"n_students-100_n_skills-10_smoothing-0.1_current_alpha_beta-[5, 3]_future_alpha_beta-[3, 5]",acc,full_information,0.150390625,False
"n_students-100_n_skills-10_smoothing-0.1_current_alpha_beta-[5, 3]_future_alpha_beta-[3, 5]",acc,popularity,0.5,False
"n_students-100_n_skills-10_smoothing-0.1_current_alpha_beta-[5, 3]_future_alpha_beta-[3, 5]",acc,simple_markov,0.0009765625,True
"n_students-100_n_skills-10_smoothing-0.1_current_alpha_beta-[5, 3]_future_alpha_beta-[3, 5]",acc,random,0.0009765625,True
"n_students-100_n_skills-10_smoothing-0.1_current_alpha_beta-[5, 3]_future_alpha_beta-[3, 5]",acc,bayesian_network,0.0009765625,True
"n_students-100_n_skills-10_smoothing-0.1_current_alpha_beta-[5, 3]_future_alpha_beta-[4, 4]",acc,full_information,0.65625,False
"n_students-100_n_skills-10_smoothing-0.1_current_alpha_beta-[5, 3]_future_alpha_beta-[4, 4]",acc,popularity,0.78125,False
"n_students-100_n_skills-10_smoothing-0.1_current_alpha_beta-[5, 3]_future_alpha_beta-[4, 4]",acc,simple_markov,0.0009765625,True
"n_students-100_n_skills-10_smoothing-0.1_current_alpha_beta-[5, 3]_future_alpha_beta-[4, 4]",acc,random,0.0009765625,True
"n_students-100_n_skills-10_smoothing-0.1_current_alpha_beta-[5, 3]_future_alpha_beta-[4, 4]",acc,bayesian_network,0.001953125,True
"n_students-100_n_skills-10_smoothing-0.1_current_alpha_beta-[5, 3]_future_alpha_beta-[5, 3]",acc,full_information,0.765625,False
"n_students-100_n_skills-10_smoothing-0.1_current_alpha_beta-[5, 3]_future_alpha_beta-[5, 3]",acc,popularity,0.5,False
"n_students-100_n_skills-10_smoothing-0.1_current_alpha_beta-[5, 3]_future_alpha_beta-[5, 3]",acc,simple_markov,0.0009765625,True
"n_students-100_n_skills-10_smoothing-0.1_current_alpha_beta-[5, 3]_future_alpha_beta-[5, 3]",acc,random,0.0009765625,True
"n_students-100_n_skills-10_smoothing-0.1_current_alpha_beta-[5, 3]_future_alpha_beta-[5, 3]",acc,bayesian_network,0.0009765625,True
"n_students-100_n_skills-10_smoothing-0.1_current_alpha_beta-[5, 3]_future_alpha_beta-[6, 2]",acc,full_information,0.9375,False
"n_students-100_n_skills-10_smoothing-0.1_current_alpha_beta-[5, 3]_future_alpha_beta-[6, 2]",acc,popularity,0.3125,False
"n_students-100_n_skills-10_smoothing-0.1_current_alpha_beta-[5, 3]_future_alpha_beta-[6, 2]",acc,simple_markov,0.0009765625,True
"n_students-100_n_skills-10_smoothing-0.1_current_alpha_beta-[5, 3]_future_alpha_beta-[6, 2]",acc,random,0.0009765625,True
"n_students-100_n_skills-10_smoothing-0.1_current_alpha_beta-[5, 3]_future_alpha_beta-[6, 2]",acc,bayesian_network,0.0009765625,True
"n_students-100_n_skills-10_smoothing-0.1_current_alpha_beta-[6, 2]_future_alpha_beta-[2, 6]",acc,full_information,0.90625,False
"n_students-100_n_skills-10_smoothing-0.1_current_alpha_beta-[6, 2]_future_alpha_beta-[2, 6]",acc,popularity,0.7578125,False
"n_students-100_n_skills-10_smoothing-0.1_current_alpha_beta-[6, 2]_future_alpha_beta-[2, 6]",acc,simple_markov,0.0322265625,True
"n_students-100_n_skills-10_smoothing-0.1_current_alpha_beta-[6, 2]_future_alpha_beta-[2, 6]",acc,random,0.0009765625,True
"n_students-100_n_skills-10_smoothing-0.1_current_alpha_beta-[6, 2]_future_alpha_beta-[2, 6]",acc,bayesian_network,0.0654296875,False
"n_students-100_n_skills-10_smoothing-0.1_current_alpha_beta-[6, 2]_future_alpha_beta-[3, 5]",acc,full_information,0.765625,False
"n_students-100_n_skills-10_smoothing-0.1_current_alpha_beta-[6, 2]_future_alpha_beta-[3, 5]",acc,popularity,0.4375,False
"n_students-100_n_skills-10_smoothing-0.1_current_alpha_beta-[6, 2]_future_alpha_beta-[3, 5]",acc,simple_markov,0.0068359375,True
"n_students-100_n_skills-10_smoothing-0.1_current_alpha_beta-[6, 2]_future_alpha_beta-[3, 5]",acc,random,0.0009765625,True
"n_students-100_n_skills-10_smoothing-0.1_current_alpha_beta-[6, 2]_future_alpha_beta-[3, 5]",acc,bayesian_network,0.0419921875,True
"n_students-100_n_skills-10_smoothing-0.1_current_alpha_beta-[6, 2]_future_alpha_beta-[4, 4]",acc,full_information,0.28125,False
"n_students-100_n_skills-10_smoothing-0.1_current_alpha_beta-[6, 2]_future_alpha_beta-[4, 4]",acc,popularity,0.1875,False
"n_students-100_n_skills-10_smoothing-0.1_current_alpha_beta-[6, 2]_future_alpha_beta-[4, 4]",acc,simple_markov,0.0009765625,True
"n_students-100_n_skills-10_smoothing-0.1_current_alpha_beta-[6, 2]_future_alpha_beta-[4, 4]",acc,random,0.0009765625,True
"n_students-100_n_skills-10_smoothing-0.1_current_alpha_beta-[6, 2]_future_alpha_beta-[4, 4]",acc,bayesian_network,0.0048828125,True
"n_students-100_n_skills-10_smoothing-0.1_current_alpha_beta-[6, 2]_future_alpha_beta-[5, 3]",acc,full_information,0.65625,False
"n_students-100_n_skills-10_smoothing-0.1_current_alpha_beta-[6, 2]_future_alpha_beta-[5, 3]",acc,popularity,0.078125,False
"n_students-100_n_skills-10_smoothing-0.1_current_alpha_beta-[6, 2]_future_alpha_beta-[5, 3]",acc,simple_markov,0.0009765625,True
"n_students-100_n_skills-10_smoothing-0.1_current_alpha_beta-[6, 2]_future_alpha_beta-[5, 3]",acc,random,0.0009765625,True
"n_students-100_n_skills-10_smoothing-0.1_current_alpha_beta-[6, 2]_future_alpha_beta-[5, 3]",acc,bayesian_network,0.0009765625,True
"n_students-100_n_skills-10_smoothing-0.1_current_alpha_beta-[6, 2]_future_alpha_beta-[6, 2]",acc,full_information,0.09375,False
"n_students-100_n_skills-10_smoothing-0.1_current_alpha_beta-[6, 2]_future_alpha_beta-[6, 2]",acc,popularity,0.3125,False
"n_students-100_n_skills-10_smoothing-0.1_current_alpha_beta-[6, 2]_future_alpha_beta-[6, 2]",acc,simple_markov,0.0009765625,True
"n_students-100_n_skills-10_smoothing-0.1_current_alpha_beta-[6, 2]_future_alpha_beta-[6, 2]",acc,random,0.0009765625,True
"n_students-100_n_skills-10_smoothing-0.1_current_alpha_beta-[6, 2]_future_alpha_beta-[6, 2]",acc,bayesian_network,0.0009765625,True
"n_students-100_n_skills-10_smoothing-0.3_current_alpha_beta-[2, 6]_future_alpha_beta-[2, 6]",acc,full_information,0.8837890625,False
"n_students-100_n_skills-10_smoothing-0.3_current_alpha_beta-[2, 6]_future_alpha_beta-[2, 6]",acc,popularity,0.4453125,False
"n_students-100_n_skills-10_smoothing-0.3_current_alpha_beta-[2, 6]_future_alpha_beta-[2, 6]",acc,simple_markov,0.0009765625,True
"n_students-100_n_skills-10_smoothing-0.3_current_alpha_beta-[2, 6]_future_alpha_beta-[2, 6]",acc,random,0.0009765625,True
"n_students-100_n_skills-10_smoothing-0.3_current_alpha_beta-[2, 6]_future_alpha_beta-[2, 6]",acc,bayesian_network,0.013671875,True
"n_students-100_n_skills-10_smoothing-0.3_current_alpha_beta-[2, 6]_future_alpha_beta-[3, 5]",acc,full_information,0.9970703125,False
"n_students-100_n_skills-10_smoothing-0.3_current_alpha_beta-[2, 6]_future_alpha_beta-[3, 5]",acc,popularity,0.7216796875,False
"n_students-100_n_skills-10_smoothing-0.3_current_alpha_beta-[2, 6]_future_alpha_beta-[3, 5]",acc,simple_markov,0.0009765625,True
"n_students-100_n_skills-10_smoothing-0.3_current_alpha_beta-[2, 6]_future_alpha_beta-[3, 5]",acc,random,0.0009765625,True
"n_students-100_n_skills-10_smoothing-0.3_current_alpha_beta-[2, 6]_future_alpha_beta-[3, 5]",acc,bayesian_network,0.0322265625,True
"n_students-100_n_skills-10_smoothing-0.3_current_alpha_beta-[2, 6]_future_alpha_beta-[4, 4]",acc,full_information,0.998046875,False
"n_students-100_n_skills-10_smoothing-0.3_current_alpha_beta-[2, 6]_future_alpha_beta-[4, 4]",acc,popularity,0.71484375,False
"n_students-100_n_skills-10_smoothing-0.3_current_alpha_beta-[2, 6]_future_alpha_beta-[4, 4]",acc,simple_markov,0.0009765625,True
"n_students-100_n_skills-10_smoothing-0.3_current_alpha_beta-[2, 6]_future_alpha_beta-[4, 4]",acc,random,0.0009765625,True
"n_students-100_n_skills-10_smoothing-0.3_current_alpha_beta-[2, 6]_future_alpha_beta-[4, 4]",acc,bayesian_network,0.001953125,True
"n_students-100_n_skills-10_smoothing-0.3_current_alpha_beta-[2, 6]_future_alpha_beta-[5, 3]",acc,full_information,1.0,False
"n_students-100_n_skills-10_smoothing-0.3_current_alpha_beta-[2, 6]_future_alpha_beta-[5, 3]",acc,popularity,0.919921875,False
"n_students-100_n_skills-10_smoothing-0.3_current_alpha_beta-[2, 6]_future_alpha_beta-[5, 3]",acc,simple_markov,0.0009765625,True
"n_students-100_n_skills-10_smoothing-0.3_current_alpha_beta-[2, 6]_future_alpha_beta-[5, 3]",acc,random,0.0009765625,True
"n_students-100_n_skills-10_smoothing-0.3_current_alpha_beta-[2, 6]_future_alpha_beta-[5, 3]",acc,bayesian_network,0.0009765625,True
"n_students-100_n_skills-10_smoothing-0.3_current_alpha_beta-[2, 6]_future_alpha_beta-[6, 2]",acc,full_information,0.9990234375,False
"n_students-100_n_skills-10_smoothing-0.3_current_alpha_beta-[2, 6]_future_alpha_beta-[6, 2]",acc,popularity,0.951171875,False
"n_students-100_n_skills-10_smoothing-0.3_current_alpha_beta-[2, 6]_future_alpha_beta-[6, 2]",acc,simple_markov,0.001953125,True
"n_students-100_n_skills-10_smoothing-0.3_current_alpha_beta-[2, 6]_future_alpha_beta-[6, 2]",acc,random,0.0009765625,True
"n_students-100_n_skills-10_smoothing-0.3_current_alpha_beta-[2, 6]_future_alpha_beta-[6, 2]",acc,bayesian_network,0.0009765625,True
"n_students-100_n_skills-10_smoothing-0.3_current_alpha_beta-[3, 5]_future_alpha_beta-[2, 6]",acc,full_information,0.7216796875,False
"n_students-100_n_skills-10_smoothing-0.3_current_alpha_beta-[3, 5]_future_alpha_beta-[2, 6]",acc,popularity,0.6875,False
"n_students-100_n_skills-10_smoothing-0.3_current_alpha_beta-[3, 5]_future_alpha_beta-[2, 6]",acc,simple_markov,0.0009765625,True
"n_students-100_n_skills-10_smoothing-0.3_current_alpha_beta-[3, 5]_future_alpha_beta-[2, 6]",acc,random,0.0009765625,True
"n_students-100_n_skills-10_smoothing-0.3_current_alpha_beta-[3, 5]_future_alpha_beta-[2, 6]",acc,bayesian_network,0.0244140625,True
"n_students-100_n_skills-10_smoothing-0.3_current_alpha_beta-[3, 5]_future_alpha_beta-[3, 5]",acc,full_information,0.8623046875,False
"n_students-100_n_skills-10_smoothing-0.3_current_alpha_beta-[3, 5]_future_alpha_beta-[3, 5]",acc,popularity,0.58984375,False
"n_students-100_n_skills-10_smoothing-0.3_current_alpha_beta-[3, 5]_future_alpha_beta-[3, 5]",acc,simple_markov,0.0009765625,True
"n_students-100_n_skills-10_smoothing-0.3_current_alpha_beta-[3, 5]_future_alpha_beta-[3, 5]",acc,random,0.0009765625,True
"n_students-100_n_skills-10_smoothing-0.3_current_alpha_beta-[3, 5]_future_alpha_beta-[3, 5]",acc,bayesian_network,0.0009765625,True
"n_students-100_n_skills-10_smoothing-0.3_current_alpha_beta-[3, 5]_future_alpha_beta-[4, 4]",acc,full_information,0.998046875,False
"n_students-100_n_skills-10_smoothing-0.3_current_alpha_beta-[3, 5]_future_alpha_beta-[4, 4]",acc,popularity,0.8388671875,False
"n_students-100_n_skills-10_smoothing-0.3_current_alpha_beta-[3, 5]_future_alpha_beta-[4, 4]",acc,simple_markov,0.0009765625,True
"n_students-100_n_skills-10_smoothing-0.3_current_alpha_beta-[3, 5]_future_alpha_beta-[4, 4]",acc,random,0.0009765625,True
"n_students-100_n_skills-10_smoothing-0.3_current_alpha_beta-[3, 5]_future_alpha_beta-[4, 4]",acc,bayesian_network,0.0009765625,True
"n_students-100_n_skills-10_smoothing-0.3_current_alpha_beta-[3, 5]_future_alpha_beta-[5, 3]",acc,full_information,0.9951171875,False
"n_students-100_n_skills-10_smoothing-0.3_current_alpha_beta-[3, 5]_future_alpha_beta-[5, 3]",acc,popularity,0.0966796875,False
"n_students-100_n_skills-10_smoothing-0.3_current_alpha_beta-[3, 5]_future_alpha_beta-[5, 3]",acc,simple_markov,0.0009765625,True
"n_students-100_n_skills-10_smoothing-0.3_current_alpha_beta-[3, 5]_future_alpha_beta-[5, 3]",acc,random,0.0009765625,True
"n_students-100_n_skills-10_smoothing-0.3_current_alpha_beta-[3, 5]_future_alpha_beta-[5, 3]",acc,bayesian_network,0.0009765625,True
"n_students-100_n_skills-10_smoothing-0.3_current_alpha_beta-[3, 5]_future_alpha_beta-[6, 2]",acc,full_information,0.986328125,False
"n_students-100_n_skills-10_smoothing-0.3_current_alpha_beta-[3, 5]_future_alpha_beta-[6, 2]",acc,popularity,0.1162109375,False
"n_students-100_n_skills-10_smoothing-0.3_current_alpha_beta-[3, 5]_future_alpha_beta-[6, 2]",acc,simple_markov,0.0009765625,True
"n_students-100_n_skills-10_smoothing-0.3_current_alpha_beta-[3, 5]_future_alpha_beta-[6, 2]",acc,random,0.0009765625,True
"n_students-100_n_skills-10_smoothing-0.3_current_alpha_beta-[3, 5]_future_alpha_beta-[6, 2]",acc,bayesian_network,0.0009765625,True
"n_students-100_n_skills-10_smoothing-0.3_current_alpha_beta-[4, 4]_future_alpha_beta-[2, 6]",acc,full_information,0.9345703125,False
"n_students-100_n_skills-10_smoothing-0.3_current_alpha_beta-[4, 4]_future_alpha_beta-[2, 6]",acc,popularity,0.8125,False
"n_students-100_n_skills-10_smoothing-0.3_current_alpha_beta-[4, 4]_future_alpha_beta-[2, 6]",acc,simple_markov,0.0009765625,True
"n_students-100_n_skills-10_smoothing-0.3_current_alpha_beta-[4, 4]_future_alpha_beta-[2, 6]",acc,random,0.0009765625,True
"n_students-100_n_skills-10_smoothing-0.3_current_alpha_beta-[4, 4]_future_alpha_beta-[2, 6]",acc,bayesian_network,0.0966796875,False
"n_students-100_n_skills-10_smoothing-0.3_current_alpha_beta-[4, 4]_future_alpha_beta-[3, 5]",acc,full_information,0.5,False
"n_students-100_n_skills-10_smoothing-0.3_current_alpha_beta-[4, 4]_future_alpha_beta-[3, 5]",acc,popularity,0.150390625,False
"n_students-100_n_skills-10_smoothing-0.3_current_alpha_beta-[4, 4]_future_alpha_beta-[3, 5]",acc,simple_markov,0.0009765625,True
"n_students-100_n_skills-10_smoothing-0.3_current_alpha_beta-[4, 4]_future_alpha_beta-[3, 5]",acc,random,0.0009765625,True
"n_students-100_n_skills-10_smoothing-0.3_current_alpha_beta-[4, 4]_future_alpha_beta-[3, 5]",acc,bayesian_network,0.009765625,True
"n_students-100_n_skills-10_smoothing-0.3_current_alpha_beta-[4, 4]_future_alpha_beta-[4, 4]",acc,full_information,0.7216796875,False
"n_students-100_n_skills-10_smoothing-0.3_current_alpha_beta-[4, 4]_future_alpha_beta-[4, 4]",acc,popularity,0.0654296875,False
"n_students-100_n_skills-10_smoothing-0.3_current_alpha_beta-[4, 4]_future_alpha_beta-[4, 4]",acc,simple_markov,0.0009765625,True
"n_students-100_n_skills-10_smoothing-0.3_current_alpha_beta-[4, 4]_future_alpha_beta-[4, 4]",acc,random,0.0009765625,True
"n_students-100_n_skills-10_smoothing-0.3_current_alpha_beta-[4, 4]_future_alpha_beta-[4, 4]",acc,bayesian_network,0.001953125,True
"n_students-100_n_skills-10_smoothing-0.3_current_alpha_beta-[4, 4]_future_alpha_beta-[5, 3]",acc,full_information,0.8203125,False
"n_students-100_n_skills-10_smoothing-0.3_current_alpha_beta-[4, 4]_future_alpha_beta-[5, 3]",acc,popularity,0.529296875,False
"n_students-100_n_skills-10_smoothing-0.3_current_alpha_beta-[4, 4]_future_alpha_beta-[5, 3]",acc,simple_markov,0.0009765625,True
"n_students-100_n_skills-10_smoothing-0.3_current_alpha_beta-[4, 4]_future_alpha_beta-[5, 3]",acc,random,0.0009765625,True
"n_students-100_n_skills-10_smoothing-0.3_current_alpha_beta-[4, 4]_future_alpha_beta-[5, 3]",acc,bayesian_network,0.0009765625,True
"n_students-100_n_skills-10_smoothing-0.3_current_alpha_beta-[4, 4]_future_alpha_beta-[6, 2]",acc,full_information,0.8388671875,False
"n_students-100_n_skills-10_smoothing-0.3_current_alpha_beta-[4, 4]_future_alpha_beta-[6, 2]",acc,popularity,0.248046875,False
"n_students-100_n_skills-10_smoothing-0.3_current_alpha_beta-[4, 4]_future_alpha_beta-[6, 2]",acc,simple_markov,0.0009765625,True
"n_students-100_n_skills-10_smoothing-0.3_current_alpha_beta-[4, 4]_future_alpha_beta-[6, 2]",acc,random,0.0009765625,True
"n_students-100_n_skills-10_smoothing-0.3_current_alpha_beta-[4, 4]_future_alpha_beta-[6, 2]",acc,bayesian_network,0.001953125,True
"n_students-100_n_skills-10_smoothing-0.3_current_alpha_beta-[5, 3]_future_alpha_beta-[2, 6]",acc,full_information,0.9765625,False
"n_students-100_n_skills-10_smoothing-0.3_current_alpha_beta-[5, 3]_future_alpha_beta-[2, 6]",acc,popularity,0.83984375,False
"n_students-100_n_skills-10_smoothing-0.3_current_alpha_beta-[5, 3]_future_alpha_beta-[2, 6]",acc,simple_markov,0.0048828125,True
"n_students-100_n_skills-10_smoothing-0.3_current_alpha_beta-[5, 3]_future_alpha_beta-[2, 6]",acc,random,0.0009765625,True
"n_students-100_n_skills-10_smoothing-0.3_current_alpha_beta-[5, 3]_future_alpha_beta-[2, 6]",acc,bayesian_network,0.0654296875,False
"n_students-100_n_skills-10_smoothing-0.3_current_alpha_beta-[5, 3]_future_alpha_beta-[3, 5]",acc,full_information,0.5673828125,False
"n_students-100_n_skills-10_smoothing-0.3_current_alpha_beta-[5, 3]_future_alpha_beta-[3, 5]",acc,popularity,0.5869140625,False
"n_students-100_n_skills-10_smoothing-0.3_current_alpha_beta-[5, 3]_future_alpha_beta-[3, 5]",acc,simple_markov,0.0009765625,True
"n_students-100_n_skills-10_smoothing-0.3_current_alpha_beta-[5, 3]_future_alpha_beta-[3, 5]",acc,random,0.0009765625,True
"n_students-100_n_skills-10_smoothing-0.3_current_alpha_beta-[5, 3]_future_alpha_beta-[3, 5]",acc,bayesian_network,0.001953125,True
"n_students-100_n_skills-10_smoothing-0.3_current_alpha_beta-[5, 3]_future_alpha_beta-[4, 4]",acc,full_information,0.794921875,False
"n_students-100_n_skills-10_smoothing-0.3_current_alpha_beta-[5, 3]_future_alpha_beta-[4, 4]",acc,popularity,0.765625,False
"n_students-100_n_skills-10_smoothing-0.3_current_alpha_beta-[5, 3]_future_alpha_beta-[4, 4]",acc,simple_markov,0.001953125,True
"n_students-100_n_skills-10_smoothing-0.3_current_alpha_beta-[5, 3]_future_alpha_beta-[4, 4]",acc,random,0.0009765625,True
"n_students-100_n_skills-10_smoothing-0.3_current_alpha_beta-[5, 3]_future_alpha_beta-[4, 4]",acc,bayesian_network,0.0009765625,True
"n_students-100_n_skills-10_smoothing-0.3_current_alpha_beta-[5, 3]_future_alpha_beta-[5, 3]",acc,full_information,0.8984375,False
"n_students-100_n_skills-10_smoothing-0.3_current_alpha_beta-[5, 3]_future_alpha_beta-[5, 3]",acc,popularity,0.6796875,False
"n_students-100_n_skills-10_smoothing-0.3_current_alpha_beta-[5, 3]_future_alpha_beta-[5, 3]",acc,simple_markov,0.0048828125,True
"n_students-100_n_skills-10_smoothing-0.3_current_alpha_beta-[5, 3]_future_alpha_beta-[5, 3]",acc,random,0.0009765625,True
"n_students-100_n_skills-10_smoothing-0.3_current_alpha_beta-[5, 3]_future_alpha_beta-[5, 3]",acc,bayesian_network,0.0419921875,True
"n_students-100_n_skills-10_smoothing-0.3_current_alpha_beta-[5, 3]_future_alpha_beta-[6, 2]",acc,full_information,0.98046875,False
"n_students-100_n_skills-10_smoothing-0.3_current_alpha_beta-[5, 3]_future_alpha_beta-[6, 2]",acc,popularity,0.52734375,False
"n_students-100_n_skills-10_smoothing-0.3_current_alpha_beta-[5, 3]_future_alpha_beta-[6, 2]",acc,simple_markov,0.0009765625,True
"n_students-100_n_skills-10_smoothing-0.3_current_alpha_beta-[5, 3]_future_alpha_beta-[6, 2]",acc,random,0.0009765625,True
"n_students-100_n_skills-10_smoothing-0.3_current_alpha_beta-[5, 3]_future_alpha_beta-[6, 2]",acc,bayesian_network,0.001953125,True
"n_students-100_n_skills-10_smoothing-0.3_current_alpha_beta-[6, 2]_future_alpha_beta-[2, 6]",acc,full_information,0.544921875,False
"n_students-100_n_skills-10_smoothing-0.3_current_alpha_beta-[6, 2]_future_alpha_beta-[2, 6]",acc,popularity,0.40625,False
"n_students-100_n_skills-10_smoothing-0.3_current_alpha_beta-[6, 2]_future_alpha_beta-[2, 6]",acc,simple_markov,0.0244140625,True
"n_students-100_n_skills-10_smoothing-0.3_current_alpha_beta-[6, 2]_future_alpha_beta-[2, 6]",acc,random,0.0029296875,True
"n_students-100_n_skills-10_smoothing-0.3_current_alpha_beta-[6, 2]_future_alpha_beta-[2, 6]",acc,bayesian_network,0.0244140625,True
"n_students-100_n_skills-10_smoothing-0.3_current_alpha_beta-[6, 2]_future_alpha_beta-[3, 5]",acc,full_information,0.9462890625,False
"n_students-100_n_skills-10_smoothing-0.3_current_alpha_beta-[6, 2]_future_alpha_beta-[3, 5]",acc,popularity,1.0,False
"n_students-100_n_skills-10_smoothing-0.3_current_alpha_beta-[6, 2]_future_alpha_beta-[3, 5]",acc,simple_markov,0.001953125,True
"n_students-100_n_skills-10_smoothing-0.3_current_alpha_beta-[6, 2]_future_alpha_beta-[3, 5]",acc,random,0.0009765625,True
"n_students-100_n_skills-10_smoothing-0.3_current_alpha_beta-[6, 2]_future_alpha_beta-[3, 5]",acc,bayesian_network,0.009765625,True
"n_students-100_n_skills-10_smoothing-0.3_current_alpha_beta-[6, 2]_future_alpha_beta-[4, 4]",acc,full_information,0.9853515625,False
"n_students-100_n_skills-10_smoothing-0.3_current_alpha_beta-[6, 2]_future_alpha_beta-[4, 4]",acc,popularity,0.9775390625,False
"n_students-100_n_skills-10_smoothing-0.3_current_alpha_beta-[6, 2]_future_alpha_beta-[4, 4]",acc,simple_markov,0.0029296875,True
"n_students-100_n_skills-10_smoothing-0.3_current_alpha_beta-[6, 2]_future_alpha_beta-[4, 4]",acc,random,0.0048828125,True
"n_students-100_n_skills-10_smoothing-0.3_current_alpha_beta-[6, 2]_future_alpha_beta-[4, 4]",acc,bayesian_network,0.0419921875,True
"n_students-100_n_skills-10_smoothing-0.3_current_alpha_beta-[6, 2]_future_alpha_beta-[5, 3]",acc,full_information,0.84375,False
"n_students-100_n_skills-10_smoothing-0.3_current_alpha_beta-[6, 2]_future_alpha_beta-[5, 3]",acc,popularity,0.84375,False
"n_students-100_n_skills-10_smoothing-0.3_current_alpha_beta-[6, 2]_future_alpha_beta-[5, 3]",acc,simple_markov,0.0419921875,True
"n_students-100_n_skills-10_smoothing-0.3_current_alpha_beta-[6, 2]_future_alpha_beta-[5, 3]",acc,random,0.0048828125,True
"n_students-100_n_skills-10_smoothing-0.3_current_alpha_beta-[6, 2]_future_alpha_beta-[5, 3]",acc,bayesian_network,0.052734375,False
"n_students-100_n_skills-10_smoothing-0.3_current_alpha_beta-[6, 2]_future_alpha_beta-[6, 2]",acc,full_information,0.380859375,False
"n_students-100_n_skills-10_smoothing-0.3_current_alpha_beta-[6, 2]_future_alpha_beta-[6, 2]",acc,popularity,0.578125,False
"n_students-100_n_skills-10_smoothing-0.3_current_alpha_beta-[6, 2]_future_alpha_beta-[6, 2]",acc,simple_markov,0.0029296875,True
"n_students-100_n_skills-10_smoothing-0.3_current_alpha_beta-[6, 2]_future_alpha_beta-[6, 2]",acc,random,0.0009765625,True
"n_students-100_n_skills-10_smoothing-0.3_current_alpha_beta-[6, 2]_future_alpha_beta-[6, 2]",acc,bayesian_network,0.052734375,False
"n_students-100_n_skills-10_smoothing-0.5_current_alpha_beta-[2, 6]_future_alpha_beta-[2, 6]",acc,full_information,0.9931640625,False
"n_students-100_n_skills-10_smoothing-0.5_current_alpha_beta-[2, 6]_future_alpha_beta-[2, 6]",acc,popularity,0.7841796875,False
"n_students-100_n_skills-10_smoothing-0.5_current_alpha_beta-[2, 6]_future_alpha_beta-[2, 6]",acc,simple_markov,0.001953125,True
"n_students-100_n_skills-10_smoothing-0.5_current_alpha_beta-[2, 6]_future_alpha_beta-[2, 6]",acc,random,0.0009765625,True
"n_students-100_n_skills-10_smoothing-0.5_current_alpha_beta-[2, 6]_future_alpha_beta-[2, 6]",acc,bayesian_network,0.0654296875,False
"n_students-100_n_skills-10_smoothing-0.5_current_alpha_beta-[2, 6]_future_alpha_beta-[3, 5]",acc,full_information,0.990234375,False
"n_students-100_n_skills-10_smoothing-0.5_current_alpha_beta-[2, 6]_future_alpha_beta-[3, 5]",acc,popularity,0.1611328125,False
"n_students-100_n_skills-10_smoothing-0.5_current_alpha_beta-[2, 6]_future_alpha_beta-[3, 5]",acc,simple_markov,0.0009765625,True
"n_students-100_n_skills-10_smoothing-0.5_current_alpha_beta-[2, 6]_future_alpha_beta-[3, 5]",acc,random,0.0009765625,True
"n_students-100_n_skills-10_smoothing-0.5_current_alpha_beta-[2, 6]_future_alpha_beta-[3, 5]",acc,bayesian_network,0.0009765625,True
"n_students-100_n_skills-10_smoothing-0.5_current_alpha_beta-[2, 6]_future_alpha_beta-[4, 4]",acc,full_information,0.9970703125,False
"n_students-100_n_skills-10_smoothing-0.5_current_alpha_beta-[2, 6]_future_alpha_beta-[4, 4]",acc,popularity,0.615234375,False
"n_students-100_n_skills-10_smoothing-0.5_current_alpha_beta-[2, 6]_future_alpha_beta-[4, 4]",acc,simple_markov,0.0009765625,True
"n_students-100_n_skills-10_smoothing-0.5_current_alpha_beta-[2, 6]_future_alpha_beta-[4, 4]",acc,random,0.0009765625,True
"n_students-100_n_skills-10_smoothing-0.5_current_alpha_beta-[2, 6]_future_alpha_beta-[4, 4]",acc,bayesian_network,0.0068359375,True
"n_students-100_n_skills-10_smoothing-0.5_current_alpha_beta-[2, 6]_future_alpha_beta-[5, 3]",acc,full_information,1.0,False
"n_students-100_n_skills-10_smoothing-0.5_current_alpha_beta-[2, 6]_future_alpha_beta-[5, 3]",acc,popularity,0.9814453125,False
"n_students-100_n_skills-10_smoothing-0.5_current_alpha_beta-[2, 6]_future_alpha_beta-[5, 3]",acc,simple_markov,0.0009765625,True
"n_students-100_n_skills-10_smoothing-0.5_current_alpha_beta-[2, 6]_future_alpha_beta-[5, 3]",acc,random,0.0009765625,True
"n_students-100_n_skills-10_smoothing-0.5_current_alpha_beta-[2, 6]_future_alpha_beta-[5, 3]",acc,bayesian_network,0.0244140625,True
"n_students-100_n_skills-10_smoothing-0.5_current_alpha_beta-[2, 6]_future_alpha_beta-[6, 2]",acc,full_information,0.9931640625,False
"n_students-100_n_skills-10_smoothing-0.5_current_alpha_beta-[2, 6]_future_alpha_beta-[6, 2]",acc,popularity,0.919921875,False
"n_students-100_n_skills-10_smoothing-0.5_current_alpha_beta-[2, 6]_future_alpha_beta-[6, 2]",acc,simple_markov,0.0009765625,True
"n_students-100_n_skills-10_smoothing-0.5_current_alpha_beta-[2, 6]_future_alpha_beta-[6, 2]",acc,random,0.0009765625,True
"n_students-100_n_skills-10_smoothing-0.5_current_alpha_beta-[2, 6]_future_alpha_beta-[6, 2]",acc,bayesian_network,0.080078125,False
"n_students-100_n_skills-10_smoothing-0.5_current_alpha_beta-[3, 5]_future_alpha_beta-[2, 6]",acc,full_information,0.615234375,False
"n_students-100_n_skills-10_smoothing-0.5_current_alpha_beta-[3, 5]_future_alpha_beta-[2, 6]",acc,popularity,0.0546875,False
"n_students-100_n_skills-10_smoothing-0.5_current_alpha_beta-[3, 5]_future_alpha_beta-[2, 6]",acc,simple_markov,0.0009765625,True
"n_students-100_n_skills-10_smoothing-0.5_current_alpha_beta-[3, 5]_future_alpha_beta-[2, 6]",acc,random,0.0009765625,True
"n_students-100_n_skills-10_smoothing-0.5_current_alpha_beta-[3, 5]_future_alpha_beta-[2, 6]",acc,bayesian_network,0.009765625,True
"n_students-100_n_skills-10_smoothing-0.5_current_alpha_beta-[3, 5]_future_alpha_beta-[3, 5]",acc,full_information,0.615234375,False
"n_students-100_n_skills-10_smoothing-0.5_current_alpha_beta-[3, 5]_future_alpha_beta-[3, 5]",acc,popularity,0.2783203125,False
"n_students-100_n_skills-10_smoothing-0.5_current_alpha_beta-[3, 5]_future_alpha_beta-[3, 5]",acc,simple_markov,0.0009765625,True
"n_students-100_n_skills-10_smoothing-0.5_current_alpha_beta-[3, 5]_future_alpha_beta-[3, 5]",acc,random,0.0009765625,True
"n_students-100_n_skills-10_smoothing-0.5_current_alpha_beta-[3, 5]_future_alpha_beta-[3, 5]",acc,bayesian_network,0.0029296875,True
"n_students-100_n_skills-10_smoothing-0.5_current_alpha_beta-[3, 5]_future_alpha_beta-[4, 4]",acc,full_information,1.0,False
"n_students-100_n_skills-10_smoothing-0.5_current_alpha_beta-[3, 5]_future_alpha_beta-[4, 4]",acc,popularity,0.9755859375,False
"n_students-100_n_skills-10_smoothing-0.5_current_alpha_beta-[3, 5]_future_alpha_beta-[4, 4]",acc,simple_markov,0.0009765625,True
"n_students-100_n_skills-10_smoothing-0.5_current_alpha_beta-[3, 5]_future_alpha_beta-[4, 4]",acc,random,0.0009765625,True
"n_students-100_n_skills-10_smoothing-0.5_current_alpha_beta-[3, 5]_future_alpha_beta-[4, 4]",acc,bayesian_network,0.0029296875,True
"n_students-100_n_skills-10_smoothing-0.5_current_alpha_beta-[3, 5]_future_alpha_beta-[5, 3]",acc,full_information,0.8837890625,False
"n_students-100_n_skills-10_smoothing-0.5_current_alpha_beta-[3, 5]_future_alpha_beta-[5, 3]",acc,popularity,0.7841796875,False
"n_students-100_n_skills-10_smoothing-0.5_current_alpha_beta-[3, 5]_future_alpha_beta-[5, 3]",acc,simple_markov,0.001953125,True
"n_students-100_n_skills-10_smoothing-0.5_current_alpha_beta-[3, 5]_future_alpha_beta-[5, 3]",acc,random,0.001953125,True
"n_students-100_n_skills-10_smoothing-0.5_current_alpha_beta-[3, 5]_future_alpha_beta-[5, 3]",acc,bayesian_network,0.0068359375,True
"n_students-100_n_skills-10_smoothing-0.5_current_alpha_beta-[3, 5]_future_alpha_beta-[6, 2]",acc,full_information,0.71484375,False
"n_students-100_n_skills-10_smoothing-0.5_current_alpha_beta-[3, 5]_future_alpha_beta-[6, 2]",acc,popularity,0.02734375,True
"n_students-100_n_skills-10_smoothing-0.5_current_alpha_beta-[3, 5]_future_alpha_beta-[6, 2]",acc,simple_markov,0.0009765625,True
"n_students-100_n_skills-10_smoothing-0.5_current_alpha_beta-[3, 5]_future_alpha_beta-[6, 2]",acc,random,0.0009765625,True
"n_students-100_n_skills-10_smoothing-0.5_current_alpha_beta-[3, 5]_future_alpha_beta-[6, 2]",acc,bayesian_network,0.0009765625,True
"n_students-100_n_skills-10_smoothing-0.5_current_alpha_beta-[4, 4]_future_alpha_beta-[2, 6]",acc,full_information,0.8388671875,False
"n_students-100_n_skills-10_smoothing-0.5_current_alpha_beta-[4, 4]_future_alpha_beta-[2, 6]",acc,popularity,0.384765625,False
"n_students-100_n_skills-10_smoothing-0.5_current_alpha_beta-[4, 4]_future_alpha_beta-[2, 6]",acc,simple_markov,0.0009765625,True
"n_students-100_n_skills-10_smoothing-0.5_current_alpha_beta-[4, 4]_future_alpha_beta-[2, 6]",acc,random,0.0009765625,True
"n_students-100_n_skills-10_smoothing-0.5_current_alpha_beta-[4, 4]_future_alpha_beta-[2, 6]",acc,bayesian_network,0.0185546875,True
"n_students-100_n_skills-10_smoothing-0.5_current_alpha_beta-[4, 4]_future_alpha_beta-[3, 5]",acc,full_information,0.9931640625,False
"n_students-100_n_skills-10_smoothing-0.5_current_alpha_beta-[4, 4]_future_alpha_beta-[3, 5]",acc,popularity,0.951171875,False
"n_students-100_n_skills-10_smoothing-0.5_current_alpha_beta-[4, 4]_future_alpha_beta-[3, 5]",acc,simple_markov,0.0009765625,True
"n_students-100_n_skills-10_smoothing-0.5_current_alpha_beta-[4, 4]_future_alpha_beta-[3, 5]",acc,random,0.0009765625,True
"n_students-100_n_skills-10_smoothing-0.5_current_alpha_beta-[4, 4]_future_alpha_beta-[3, 5]",acc,bayesian_network,0.0322265625,True
"n_students-100_n_skills-10_smoothing-0.5_current_alpha_beta-[4, 4]_future_alpha_beta-[4, 4]",acc,full_information,0.9970703125,False
"n_students-100_n_skills-10_smoothing-0.5_current_alpha_beta-[4, 4]_future_alpha_beta-[4, 4]",acc,popularity,0.65234375,False
"n_students-100_n_skills-10_smoothing-0.5_current_alpha_beta-[4, 4]_future_alpha_beta-[4, 4]",acc,simple_markov,0.0009765625,True
"n_students-100_n_skills-10_smoothing-0.5_current_alpha_beta-[4, 4]_future_alpha_beta-[4, 4]",acc,random,0.0009765625,True
"n_students-100_n_skills-10_smoothing-0.5_current_alpha_beta-[4, 4]_future_alpha_beta-[4, 4]",acc,bayesian_network,0.2158203125,False
"n_students-100_n_skills-10_smoothing-0.5_current_alpha_beta-[4, 4]_future_alpha_beta-[5, 3]",acc,full_information,0.919921875,False
"n_students-100_n_skills-10_smoothing-0.5_current_alpha_beta-[4, 4]_future_alpha_beta-[5, 3]",acc,popularity,0.384765625,False
"n_students-100_n_skills-10_smoothing-0.5_current_alpha_beta-[4, 4]_future_alpha_beta-[5, 3]",acc,simple_markov,0.0009765625,True
"n_students-100_n_skills-10_smoothing-0.5_current_alpha_beta-[4, 4]_future_alpha_beta-[5, 3]",acc,random,0.0009765625,True
"n_students-100_n_skills-10_smoothing-0.5_current_alpha_beta-[4, 4]_future_alpha_beta-[5, 3]",acc,bayesian_network,0.0322265625,True
"n_students-100_n_skills-10_smoothing-0.5_current_alpha_beta-[4, 4]_future_alpha_beta-[6, 2]",acc,full_information,0.9755859375,False
"n_students-100_n_skills-10_smoothing-0.5_current_alpha_beta-[4, 4]_future_alpha_beta-[6, 2]",acc,popularity,0.9033203125,False
"n_students-100_n_skills-10_smoothing-0.5_current_alpha_beta-[4, 4]_future_alpha_beta-[6, 2]",acc,simple_markov,0.0185546875,True
"n_students-100_n_skills-10_smoothing-0.5_current_alpha_beta-[4, 4]_future_alpha_beta-[6, 2]",acc,random,0.001953125,True
"n_students-100_n_skills-10_smoothing-0.5_current_alpha_beta-[4, 4]_future_alpha_beta-[6, 2]",acc,bayesian_network,0.0244140625,True
"n_students-100_n_skills-10_smoothing-0.5_current_alpha_beta-[5, 3]_future_alpha_beta-[2, 6]",acc,full_information,0.064453125,False
"n_students-100_n_skills-10_smoothing-0.5_current_alpha_beta-[5, 3]_future_alpha_beta-[2, 6]",acc,popularity,0.1953125,False
"n_students-100_n_skills-10_smoothing-0.5_current_alpha_beta-[5, 3]_future_alpha_beta-[2, 6]",acc,simple_markov,0.0048828125,True
"n_students-100_n_skills-10_smoothing-0.5_current_alpha_beta-[5, 3]_future_alpha_beta-[2, 6]",acc,random,0.001953125,True
"n_students-100_n_skills-10_smoothing-0.5_current_alpha_beta-[5, 3]_future_alpha_beta-[2, 6]",acc,bayesian_network,0.052734375,False
"n_students-100_n_skills-10_smoothing-0.5_current_alpha_beta-[5, 3]_future_alpha_beta-[3, 5]",acc,full_information,0.5771484375,False
"n_students-100_n_skills-10_smoothing-0.5_current_alpha_beta-[5, 3]_future_alpha_beta-[3, 5]",acc,popularity,0.2783203125,False
"n_students-100_n_skills-10_smoothing-0.5_current_alpha_beta-[5, 3]_future_alpha_beta-[3, 5]",acc,simple_markov,0.0048828125,True
"n_students-100_n_skills-10_smoothing-0.5_current_alpha_beta-[5, 3]_future_alpha_beta-[3, 5]",acc,random,0.0009765625,True
"n_students-100_n_skills-10_smoothing-0.5_current_alpha_beta-[5, 3]_future_alpha_beta-[3, 5]",acc,bayesian_network,0.0068359375,True
"n_students-100_n_skills-10_smoothing-0.5_current_alpha_beta-[5, 3]_future_alpha_beta-[4, 4]",acc,full_information,0.4228515625,False
"n_students-100_n_skills-10_smoothing-0.5_current_alpha_beta-[5, 3]_future_alpha_beta-[4, 4]",acc,popularity,0.8125,False
"n_students-100_n_skills-10_smoothing-0.5_current_alpha_beta-[5, 3]_future_alpha_beta-[4, 4]",acc,simple_markov,0.0009765625,True
"n_students-100_n_skills-10_smoothing-0.5_current_alpha_beta-[5, 3]_future_alpha_beta-[4, 4]",acc,random,0.0009765625,True
"n_students-100_n_skills-10_smoothing-0.5_current_alpha_beta-[5, 3]_future_alpha_beta-[4, 4]",acc,bayesian_network,0.0322265625,True
"n_students-100_n_skills-10_smoothing-0.5_current_alpha_beta-[5, 3]_future_alpha_beta-[5, 3]",acc,full_information,0.9814453125,False
"n_students-100_n_skills-10_smoothing-0.5_current_alpha_beta-[5, 3]_future_alpha_beta-[5, 3]",acc,popularity,0.947265625,False
"n_students-100_n_skills-10_smoothing-0.5_current_alpha_beta-[5, 3]_future_alpha_beta-[5, 3]",acc,simple_markov,0.009765625,True
"n_students-100_n_skills-10_smoothing-0.5_current_alpha_beta-[5, 3]_future_alpha_beta-[5, 3]",acc,random,0.0419921875,True
"n_students-100_n_skills-10_smoothing-0.5_current_alpha_beta-[5, 3]_future_alpha_beta-[5, 3]",acc,bayesian_network,0.34765625,False
"n_students-100_n_skills-10_smoothing-0.5_current_alpha_beta-[5, 3]_future_alpha_beta-[6, 2]",acc,full_information,0.642578125,False
"n_students-100_n_skills-10_smoothing-0.5_current_alpha_beta-[5, 3]_future_alpha_beta-[6, 2]",acc,popularity,0.52734375,False
"n_students-100_n_skills-10_smoothing-0.5_current_alpha_beta-[5, 3]_future_alpha_beta-[6, 2]",acc,simple_markov,0.001953125,True
"n_students-100_n_skills-10_smoothing-0.5_current_alpha_beta-[5, 3]_future_alpha_beta-[6, 2]",acc,random,0.0048828125,True
"n_students-100_n_skills-10_smoothing-0.5_current_alpha_beta-[5, 3]_future_alpha_beta-[6, 2]",acc,bayesian_network,0.001953125,True
"n_students-100_n_skills-10_smoothing-0.5_current_alpha_beta-[6, 2]_future_alpha_beta-[2, 6]",acc,full_information,0.65234375,False
"n_students-100_n_skills-10_smoothing-0.5_current_alpha_beta-[6, 2]_future_alpha_beta-[2, 6]",acc,popularity,0.787109375,False
"n_students-100_n_skills-10_smoothing-0.5_current_alpha_beta-[6, 2]_future_alpha_beta-[2, 6]",acc,simple_markov,0.0654296875,False
"n_students-100_n_skills-10_smoothing-0.5_current_alpha_beta-[6, 2]_future_alpha_beta-[2, 6]",acc,random,0.00390625,True
"n_students-100_n_skills-10_smoothing-0.5_current_alpha_beta-[6, 2]_future_alpha_beta-[2, 6]",acc,bayesian_network,0.24609375,False
"n_students-100_n_skills-10_smoothing-0.5_current_alpha_beta-[6, 2]_future_alpha_beta-[3, 5]",acc,full_information,0.8388671875,False
"n_students-100_n_skills-10_smoothing-0.5_current_alpha_beta-[6, 2]_future_alpha_beta-[3, 5]",acc,popularity,0.787109375,False
"n_students-100_n_skills-10_smoothing-0.5_current_alpha_beta-[6, 2]_future_alpha_beta-[3, 5]",acc,simple_markov,0.013671875,True
"n_students-100_n_skills-10_smoothing-0.5_current_alpha_beta-[6, 2]_future_alpha_beta-[3, 5]",acc,random,0.001953125,True
"n_students-100_n_skills-10_smoothing-0.5_current_alpha_beta-[6, 2]_future_alpha_beta-[3, 5]",acc,bayesian_network,0.1796875,False
"n_students-100_n_skills-10_smoothing-0.5_current_alpha_beta-[6, 2]_future_alpha_beta-[4, 4]",acc,full_information,0.8984375,False
"n_students-100_n_skills-10_smoothing-0.5_current_alpha_beta-[6, 2]_future_alpha_beta-[4, 4]",acc,popularity,0.875,False
"n_students-100_n_skills-10_smoothing-0.5_current_alpha_beta-[6, 2]_future_alpha_beta-[4, 4]",acc,simple_markov,0.080078125,False
"n_students-100_n_skills-10_smoothing-0.5_current_alpha_beta-[6, 2]_future_alpha_beta-[4, 4]",acc,random,0.001953125,True
"n_students-100_n_skills-10_smoothing-0.5_current_alpha_beta-[6, 2]_future_alpha_beta-[4, 4]",acc,bayesian_network,0.1162109375,False
"n_students-100_n_skills-10_smoothing-0.5_current_alpha_beta-[6, 2]_future_alpha_beta-[5, 3]",acc,full_information,0.2158203125,False
"n_students-100_n_skills-10_smoothing-0.5_current_alpha_beta-[6, 2]_future_alpha_beta-[5, 3]",acc,popularity,0.787109375,False
"n_students-100_n_skills-10_smoothing-0.5_current_alpha_beta-[6, 2]_future_alpha_beta-[5, 3]",acc,simple_markov,0.001953125,True
"n_students-100_n_skills-10_smoothing-0.5_current_alpha_beta-[6, 2]_future_alpha_beta-[5, 3]",acc,random,0.0009765625,True
"n_students-100_n_skills-10_smoothing-0.5_current_alpha_beta-[6, 2]_future_alpha_beta-[5, 3]",acc,bayesian_network,0.3125,False
"n_students-100_n_skills-10_smoothing-0.5_current_alpha_beta-[6, 2]_future_alpha_beta-[6, 2]",acc,full_information,0.91796875,False
"n_students-100_n_skills-10_smoothing-0.5_current_alpha_beta-[6, 2]_future_alpha_beta-[6, 2]",acc,popularity,0.751953125,False
"n_students-100_n_skills-10_smoothing-0.5_current_alpha_beta-[6, 2]_future_alpha_beta-[6, 2]",acc,simple_markov,0.1611328125,False
"n_students-100_n_skills-10_smoothing-0.5_current_alpha_beta-[6, 2]_future_alpha_beta-[6, 2]",acc,random,0.0419921875,True
"n_students-100_n_skills-10_smoothing-0.5_current_alpha_beta-[6, 2]_future_alpha_beta-[6, 2]",acc,bayesian_network,0.8125,False
"n_students-100_n_skills-15_smoothing-0.1_current_alpha_beta-[2, 6]_future_alpha_beta-[2, 6]",acc,full_information,0.990234375,False
"n_students-100_n_skills-15_smoothing-0.1_current_alpha_beta-[2, 6]_future_alpha_beta-[2, 6]",acc,popularity,0.8837890625,False
"n_students-100_n_skills-15_smoothing-0.1_current_alpha_beta-[2, 6]_future_alpha_beta-[2, 6]",acc,simple_markov,0.0009765625,True
"n_students-100_n_skills-15_smoothing-0.1_current_alpha_beta-[2, 6]_future_alpha_beta-[2, 6]",acc,random,0.0009765625,True
"n_students-100_n_skills-15_smoothing-0.1_current_alpha_beta-[2, 6]_future_alpha_beta-[2, 6]",acc,bayesian_network,0.0009765625,True
"n_students-100_n_skills-15_smoothing-0.1_current_alpha_beta-[2, 6]_future_alpha_beta-[3, 5]",acc,full_information,1.0,False
"n_students-100_n_skills-15_smoothing-0.1_current_alpha_beta-[2, 6]_future_alpha_beta-[3, 5]",acc,popularity,0.9033203125,False
"n_students-100_n_skills-15_smoothing-0.1_current_alpha_beta-[2, 6]_future_alpha_beta-[3, 5]",acc,simple_markov,0.0009765625,True
"n_students-100_n_skills-15_smoothing-0.1_current_alpha_beta-[2, 6]_future_alpha_beta-[3, 5]",acc,random,0.0009765625,True
"n_students-100_n_skills-15_smoothing-0.1_current_alpha_beta-[2, 6]_future_alpha_beta-[3, 5]",acc,bayesian_network,0.0009765625,True
"n_students-100_n_skills-15_smoothing-0.1_current_alpha_beta-[2, 6]_future_alpha_beta-[4, 4]",acc,full_information,1.0,False
"n_students-100_n_skills-15_smoothing-0.1_current_alpha_beta-[2, 6]_future_alpha_beta-[4, 4]",acc,popularity,0.8837890625,False
"n_students-100_n_skills-15_smoothing-0.1_current_alpha_beta-[2, 6]_future_alpha_beta-[4, 4]",acc,simple_markov,0.0009765625,True
"n_students-100_n_skills-15_smoothing-0.1_current_alpha_beta-[2, 6]_future_alpha_beta-[4, 4]",acc,random,0.0009765625,True
"n_students-100_n_skills-15_smoothing-0.1_current_alpha_beta-[2, 6]_future_alpha_beta-[4, 4]",acc,bayesian_network,0.0009765625,True
"n_students-100_n_skills-15_smoothing-0.1_current_alpha_beta-[2, 6]_future_alpha_beta-[5, 3]",acc,full_information,1.0,False
"n_students-100_n_skills-15_smoothing-0.1_current_alpha_beta-[2, 6]_future_alpha_beta-[5, 3]",acc,popularity,0.7841796875,False
"n_students-100_n_skills-15_smoothing-0.1_current_alpha_beta-[2, 6]_future_alpha_beta-[5, 3]",acc,simple_markov,0.0009765625,True
"n_students-100_n_skills-15_smoothing-0.1_current_alpha_beta-[2, 6]_future_alpha_beta-[5, 3]",acc,random,0.0009765625,True
"n_students-100_n_skills-15_smoothing-0.1_current_alpha_beta-[2, 6]_future_alpha_beta-[5, 3]",acc,bayesian_network,0.0009765625,True
"n_students-100_n_skills-15_smoothing-0.1_current_alpha_beta-[2, 6]_future_alpha_beta-[6, 2]",acc,full_information,0.998046875,False
"n_students-100_n_skills-15_smoothing-0.1_current_alpha_beta-[2, 6]_future_alpha_beta-[6, 2]",acc,popularity,0.1611328125,False
"n_students-100_n_skills-15_smoothing-0.1_current_alpha_beta-[2, 6]_future_alpha_beta-[6, 2]",acc,simple_markov,0.0009765625,True
"n_students-100_n_skills-15_smoothing-0.1_current_alpha_beta-[2, 6]_future_alpha_beta-[6, 2]",acc,random,0.0009765625,True
"n_students-100_n_skills-15_smoothing-0.1_current_alpha_beta-[2, 6]_future_alpha_beta-[6, 2]",acc,bayesian_network,0.0009765625,True
"n_students-100_n_skills-15_smoothing-0.1_current_alpha_beta-[3, 5]_future_alpha_beta-[2, 6]",acc,full_information,0.947265625,False
"n_students-100_n_skills-15_smoothing-0.1_current_alpha_beta-[3, 5]_future_alpha_beta-[2, 6]",acc,popularity,0.947265625,False
"n_students-100_n_skills-15_smoothing-0.1_current_alpha_beta-[3, 5]_future_alpha_beta-[2, 6]",acc,simple_markov,0.0009765625,True
"n_students-100_n_skills-15_smoothing-0.1_current_alpha_beta-[3, 5]_future_alpha_beta-[2, 6]",acc,random,0.0009765625,True
"n_students-100_n_skills-15_smoothing-0.1_current_alpha_beta-[3, 5]_future_alpha_beta-[2, 6]",acc,bayesian_network,0.0009765625,True
"n_students-100_n_skills-15_smoothing-0.1_current_alpha_beta-[3, 5]_future_alpha_beta-[3, 5]",acc,full_information,0.990234375,False
"n_students-100_n_skills-15_smoothing-0.1_current_alpha_beta-[3, 5]_future_alpha_beta-[3, 5]",acc,popularity,0.8388671875,False
"n_students-100_n_skills-15_smoothing-0.1_current_alpha_beta-[3, 5]_future_alpha_beta-[3, 5]",acc,simple_markov,0.0009765625,True
"n_students-100_n_skills-15_smoothing-0.1_current_alpha_beta-[3, 5]_future_alpha_beta-[3, 5]",acc,random,0.0009765625,True
"n_students-100_n_skills-15_smoothing-0.1_current_alpha_beta-[3, 5]_future_alpha_beta-[3, 5]",acc,bayesian_network,0.0009765625,True
"n_students-100_n_skills-15_smoothing-0.1_current_alpha_beta-[3, 5]_future_alpha_beta-[4, 4]",acc,full_information,0.9580078125,False
"n_students-100_n_skills-15_smoothing-0.1_current_alpha_beta-[3, 5]_future_alpha_beta-[4, 4]",acc,popularity,0.615234375,False
"n_students-100_n_skills-15_smoothing-0.1_current_alpha_beta-[3, 5]_future_alpha_beta-[4, 4]",acc,simple_markov,0.0009765625,True
"n_students-100_n_skills-15_smoothing-0.1_current_alpha_beta-[3, 5]_future_alpha_beta-[4, 4]",acc,random,0.0009765625,True
"n_students-100_n_skills-15_smoothing-0.1_current_alpha_beta-[3, 5]_future_alpha_beta-[4, 4]",acc,bayesian_network,0.0009765625,True
"n_students-100_n_skills-15_smoothing-0.1_current_alpha_beta-[3, 5]_future_alpha_beta-[5, 3]",acc,full_information,0.998046875,False
"n_students-100_n_skills-15_smoothing-0.1_current_alpha_beta-[3, 5]_future_alpha_beta-[5, 3]",acc,popularity,0.4228515625,False
"n_students-100_n_skills-15_smoothing-0.1_current_alpha_beta-[3, 5]_future_alpha_beta-[5, 3]",acc,simple_markov,0.0009765625,True
"n_students-100_n_skills-15_smoothing-0.1_current_alpha_beta-[3, 5]_future_alpha_beta-[5, 3]",acc,random,0.0009765625,True
"n_students-100_n_skills-15_smoothing-0.1_current_alpha_beta-[3, 5]_future_alpha_beta-[5, 3]",acc,bayesian_network,0.0009765625,True
"n_students-100_n_skills-15_smoothing-0.1_current_alpha_beta-[3, 5]_future_alpha_beta-[6, 2]",acc,full_information,1.0,False
"n_students-100_n_skills-15_smoothing-0.1_current_alpha_beta-[3, 5]_future_alpha_beta-[6, 2]",acc,popularity,0.5771484375,False
"n_students-100_n_skills-15_smoothing-0.1_current_alpha_beta-[3, 5]_future_alpha_beta-[6, 2]",acc,simple_markov,0.0009765625,True
"n_students-100_n_skills-15_smoothing-0.1_current_alpha_beta-[3, 5]_future_alpha_beta-[6, 2]",acc,random,0.0009765625,True
"n_students-100_n_skills-15_smoothing-0.1_current_alpha_beta-[3, 5]_future_alpha_beta-[6, 2]",acc,bayesian_network,0.0009765625,True
"n_students-100_n_skills-15_smoothing-0.1_current_alpha_beta-[4, 4]_future_alpha_beta-[2, 6]",acc,full_information,0.4228515625,False
"n_students-100_n_skills-15_smoothing-0.1_current_alpha_beta-[4, 4]_future_alpha_beta-[2, 6]",acc,popularity,0.919921875,False
"n_students-100_n_skills-15_smoothing-0.1_current_alpha_beta-[4, 4]_future_alpha_beta-[2, 6]",acc,simple_markov,0.0009765625,True
"n_students-100_n_skills-15_smoothing-0.1_current_alpha_beta-[4, 4]_future_alpha_beta-[2, 6]",acc,random,0.0009765625,True
"n_students-100_n_skills-15_smoothing-0.1_current_alpha_beta-[4, 4]_future_alpha_beta-[2, 6]",acc,bayesian_network,0.0009765625,True
"n_students-100_n_skills-15_smoothing-0.1_current_alpha_beta-[4, 4]_future_alpha_beta-[3, 5]",acc,full_information,0.7841796875,False
"n_students-100_n_skills-15_smoothing-0.1_current_alpha_beta-[4, 4]_future_alpha_beta-[3, 5]",acc,popularity,0.7841796875,False
"n_students-100_n_skills-15_smoothing-0.1_current_alpha_beta-[4, 4]_future_alpha_beta-[3, 5]",acc,simple_markov,0.0009765625,True
"n_students-100_n_skills-15_smoothing-0.1_current_alpha_beta-[4, 4]_future_alpha_beta-[3, 5]",acc,random,0.0009765625,True
"n_students-100_n_skills-15_smoothing-0.1_current_alpha_beta-[4, 4]_future_alpha_beta-[3, 5]",acc,bayesian_network,0.001953125,True
"n_students-100_n_skills-15_smoothing-0.1_current_alpha_beta-[4, 4]_future_alpha_beta-[4, 4]",acc,full_information,0.990234375,False
"n_students-100_n_skills-15_smoothing-0.1_current_alpha_beta-[4, 4]_future_alpha_beta-[4, 4]",acc,popularity,0.421875,False
"n_students-100_n_skills-15_smoothing-0.1_current_alpha_beta-[4, 4]_future_alpha_beta-[4, 4]",acc,simple_markov,0.0009765625,True
"n_students-100_n_skills-15_smoothing-0.1_current_alpha_beta-[4, 4]_future_alpha_beta-[4, 4]",acc,random,0.0009765625,True
"n_students-100_n_skills-15_smoothing-0.1_current_alpha_beta-[4, 4]_future_alpha_beta-[4, 4]",acc,bayesian_network,0.0009765625,True
"n_students-100_n_skills-15_smoothing-0.1_current_alpha_beta-[4, 4]_future_alpha_beta-[5, 3]",acc,full_information,0.990234375,False
"n_students-100_n_skills-15_smoothing-0.1_current_alpha_beta-[4, 4]_future_alpha_beta-[5, 3]",acc,popularity,0.5,False
"n_students-100_n_skills-15_smoothing-0.1_current_alpha_beta-[4, 4]_future_alpha_beta-[5, 3]",acc,simple_markov,0.0009765625,True
"n_students-100_n_skills-15_smoothing-0.1_current_alpha_beta-[4, 4]_future_alpha_beta-[5, 3]",acc,random,0.0009765625,True
"n_students-100_n_skills-15_smoothing-0.1_current_alpha_beta-[4, 4]_future_alpha_beta-[5, 3]",acc,bayesian_network,0.0009765625,True
"n_students-100_n_skills-15_smoothing-0.1_current_alpha_beta-[4, 4]_future_alpha_beta-[6, 2]",acc,full_information,0.99609375,False
"n_students-100_n_skills-15_smoothing-0.1_current_alpha_beta-[4, 4]_future_alpha_beta-[6, 2]",acc,popularity,0.41015625,False
"n_students-100_n_skills-15_smoothing-0.1_current_alpha_beta-[4, 4]_future_alpha_beta-[6, 2]",acc,simple_markov,0.0009765625,True
"n_students-100_n_skills-15_smoothing-0.1_current_alpha_beta-[4, 4]_future_alpha_beta-[6, 2]",acc,random,0.0009765625,True
"n_students-100_n_skills-15_smoothing-0.1_current_alpha_beta-[4, 4]_future_alpha_beta-[6, 2]",acc,bayesian_network,0.0009765625,True
"n_students-100_n_skills-15_smoothing-0.1_current_alpha_beta-[5, 3]_future_alpha_beta-[2, 6]",acc,full_information,0.9306640625,False
"n_students-100_n_skills-15_smoothing-0.1_current_alpha_beta-[5, 3]_future_alpha_beta-[2, 6]",acc,popularity,0.8125,False
"n_students-100_n_skills-15_smoothing-0.1_current_alpha_beta-[5, 3]_future_alpha_beta-[2, 6]",acc,simple_markov,0.0009765625,True
"n_students-100_n_skills-15_smoothing-0.1_current_alpha_beta-[5, 3]_future_alpha_beta-[2, 6]",acc,random,0.0009765625,True
"n_students-100_n_skills-15_smoothing-0.1_current_alpha_beta-[5, 3]_future_alpha_beta-[2, 6]",acc,bayesian_network,0.0009765625,True
"n_students-100_n_skills-15_smoothing-0.1_current_alpha_beta-[5, 3]_future_alpha_beta-[3, 5]",acc,full_information,0.65625,False
"n_students-100_n_skills-15_smoothing-0.1_current_alpha_beta-[5, 3]_future_alpha_beta-[3, 5]",acc,popularity,0.09765625,False
"n_students-100_n_skills-15_smoothing-0.1_current_alpha_beta-[5, 3]_future_alpha_beta-[3, 5]",acc,simple_markov,0.0009765625,True
"n_students-100_n_skills-15_smoothing-0.1_current_alpha_beta-[5, 3]_future_alpha_beta-[3, 5]",acc,random,0.0009765625,True
"n_students-100_n_skills-15_smoothing-0.1_current_alpha_beta-[5, 3]_future_alpha_beta-[3, 5]",acc,bayesian_network,0.0009765625,True
"n_students-100_n_skills-15_smoothing-0.1_current_alpha_beta-[5, 3]_future_alpha_beta-[4, 4]",acc,full_information,0.962890625,False
"n_students-100_n_skills-15_smoothing-0.1_current_alpha_beta-[5, 3]_future_alpha_beta-[4, 4]",acc,popularity,0.578125,False
"n_students-100_n_skills-15_smoothing-0.1_current_alpha_beta-[5, 3]_future_alpha_beta-[4, 4]",acc,simple_markov,0.0009765625,True
"n_students-100_n_skills-15_smoothing-0.1_current_alpha_beta-[5, 3]_future_alpha_beta-[4, 4]",acc,random,0.0009765625,True
"n_students-100_n_skills-15_smoothing-0.1_current_alpha_beta-[5, 3]_future_alpha_beta-[4, 4]",acc,bayesian_network,0.0009765625,True
"n_students-100_n_skills-15_smoothing-0.1_current_alpha_beta-[5, 3]_future_alpha_beta-[5, 3]",acc,full_information,1.0,False
"n_students-100_n_skills-15_smoothing-0.1_current_alpha_beta-[5, 3]_future_alpha_beta-[5, 3]",acc,popularity,0.59375,False
"n_students-100_n_skills-15_smoothing-0.1_current_alpha_beta-[5, 3]_future_alpha_beta-[5, 3]",acc,simple_markov,0.0009765625,True
"n_students-100_n_skills-15_smoothing-0.1_current_alpha_beta-[5, 3]_future_alpha_beta-[5, 3]",acc,random,0.0009765625,True
"n_students-100_n_skills-15_smoothing-0.1_current_alpha_beta-[5, 3]_future_alpha_beta-[5, 3]",acc,bayesian_network,0.0009765625,True
"n_students-100_n_skills-15_smoothing-0.1_current_alpha_beta-[5, 3]_future_alpha_beta-[6, 2]",acc,full_information,0.875,False
"n_students-100_n_skills-15_smoothing-0.1_current_alpha_beta-[5, 3]_future_alpha_beta-[6, 2]",acc,popularity,0.3203125,False
"n_students-100_n_skills-15_smoothing-0.1_current_alpha_beta-[5, 3]_future_alpha_beta-[6, 2]",acc,simple_markov,0.0009765625,True
"n_students-100_n_skills-15_smoothing-0.1_current_alpha_beta-[5, 3]_future_alpha_beta-[6, 2]",acc,random,0.0009765625,True
"n_students-100_n_skills-15_smoothing-0.1_current_alpha_beta-[5, 3]_future_alpha_beta-[6, 2]",acc,bayesian_network,0.0009765625,True
"n_students-100_n_skills-15_smoothing-0.1_current_alpha_beta-[6, 2]_future_alpha_beta-[2, 6]",acc,full_information,0.578125,False
"n_students-100_n_skills-15_smoothing-0.1_current_alpha_beta-[6, 2]_future_alpha_beta-[2, 6]",acc,popularity,0.751953125,False
"n_students-100_n_skills-15_smoothing-0.1_current_alpha_beta-[6, 2]_future_alpha_beta-[2, 6]",acc,simple_markov,0.0009765625,True
"n_students-100_n_skills-15_smoothing-0.1_current_alpha_beta-[6, 2]_future_alpha_beta-[2, 6]",acc,random,0.0009765625,True
"n_students-100_n_skills-15_smoothing-0.1_current_alpha_beta-[6, 2]_future_alpha_beta-[2, 6]",acc,bayesian_network,0.001953125,True
"n_students-100_n_skills-15_smoothing-0.1_current_alpha_beta-[6, 2]_future_alpha_beta-[3, 5]",acc,full_information,0.248046875,False
"n_students-100_n_skills-15_smoothing-0.1_current_alpha_beta-[6, 2]_future_alpha_beta-[3, 5]",acc,popularity,0.5546875,False
"n_students-100_n_skills-15_smoothing-0.1_current_alpha_beta-[6, 2]_future_alpha_beta-[3, 5]",acc,simple_markov,0.0009765625,True
"n_students-100_n_skills-15_smoothing-0.1_current_alpha_beta-[6, 2]_future_alpha_beta-[3, 5]",acc,random,0.0009765625,True
"n_students-100_n_skills-15_smoothing-0.1_current_alpha_beta-[6, 2]_future_alpha_beta-[3, 5]",acc,bayesian_network,0.0009765625,True
"n_students-100_n_skills-15_smoothing-0.1_current_alpha_beta-[6, 2]_future_alpha_beta-[4, 4]",acc,full_information,0.921875,False
"n_students-100_n_skills-15_smoothing-0.1_current_alpha_beta-[6, 2]_future_alpha_beta-[4, 4]",acc,popularity,0.90625,False
"n_students-100_n_skills-15_smoothing-0.1_current_alpha_beta-[6, 2]_future_alpha_beta-[4, 4]",acc,simple_markov,0.0009765625,True
"n_students-100_n_skills-15_smoothing-0.1_current_alpha_beta-[6, 2]_future_alpha_beta-[4, 4]",acc,random,0.0009765625,True
"n_students-100_n_skills-15_smoothing-0.1_current_alpha_beta-[6, 2]_future_alpha_beta-[4, 4]",acc,bayesian_network,0.001953125,True
"n_students-100_n_skills-15_smoothing-0.1_current_alpha_beta-[6, 2]_future_alpha_beta-[5, 3]",acc,full_information,0.9453125,False
"n_students-100_n_skills-15_smoothing-0.1_current_alpha_beta-[6, 2]_future_alpha_beta-[5, 3]",acc,popularity,0.59375,False
"n_students-100_n_skills-15_smoothing-0.1_current_alpha_beta-[6, 2]_future_alpha_beta-[5, 3]",acc,simple_markov,0.0009765625,True
"n_students-100_n_skills-15_smoothing-0.1_current_alpha_beta-[6, 2]_future_alpha_beta-[5, 3]",acc,random,0.0009765625,True
"n_students-100_n_skills-15_smoothing-0.1_current_alpha_beta-[6, 2]_future_alpha_beta-[5, 3]",acc,bayesian_network,0.0029296875,True
"n_students-100_n_skills-15_smoothing-0.1_current_alpha_beta-[6, 2]_future_alpha_beta-[6, 2]",acc,full_information,0.375,False
"n_students-100_n_skills-15_smoothing-0.1_current_alpha_beta-[6, 2]_future_alpha_beta-[6, 2]",acc,popularity,0.375,False
"n_students-100_n_skills-15_smoothing-0.1_current_alpha_beta-[6, 2]_future_alpha_beta-[6, 2]",acc,simple_markov,0.0009765625,True
"n_students-100_n_skills-15_smoothing-0.1_current_alpha_beta-[6, 2]_future_alpha_beta-[6, 2]",acc,random,0.0009765625,True
"n_students-100_n_skills-15_smoothing-0.1_current_alpha_beta-[6, 2]_future_alpha_beta-[6, 2]",acc,bayesian_network,0.0009765625,True
"n_students-100_n_skills-15_smoothing-0.3_current_alpha_beta-[2, 6]_future_alpha_beta-[2, 6]",acc,full_information,0.9990234375,False
"n_students-100_n_skills-15_smoothing-0.3_current_alpha_beta-[2, 6]_future_alpha_beta-[2, 6]",acc,popularity,0.6875,False
"n_students-100_n_skills-15_smoothing-0.3_current_alpha_beta-[2, 6]_future_alpha_beta-[2, 6]",acc,simple_markov,0.0009765625,True
"n_students-100_n_skills-15_smoothing-0.3_current_alpha_beta-[2, 6]_future_alpha_beta-[2, 6]",acc,random,0.0009765625,True
"n_students-100_n_skills-15_smoothing-0.3_current_alpha_beta-[2, 6]_future_alpha_beta-[2, 6]",acc,bayesian_network,0.0009765625,True
"n_students-100_n_skills-15_smoothing-0.3_current_alpha_beta-[2, 6]_future_alpha_beta-[3, 5]",acc,full_information,0.9970703125,False
"n_students-100_n_skills-15_smoothing-0.3_current_alpha_beta-[2, 6]_future_alpha_beta-[3, 5]",acc,popularity,0.2158203125,False
"n_students-100_n_skills-15_smoothing-0.3_current_alpha_beta-[2, 6]_future_alpha_beta-[3, 5]",acc,simple_markov,0.0009765625,True
"n_students-100_n_skills-15_smoothing-0.3_current_alpha_beta-[2, 6]_future_alpha_beta-[3, 5]",acc,random,0.0009765625,True
"n_students-100_n_skills-15_smoothing-0.3_current_alpha_beta-[2, 6]_future_alpha_beta-[3, 5]",acc,bayesian_network,0.0009765625,True
"n_students-100_n_skills-15_smoothing-0.3_current_alpha_beta-[2, 6]_future_alpha_beta-[4, 4]",acc,full_information,1.0,False
"n_students-100_n_skills-15_smoothing-0.3_current_alpha_beta-[2, 6]_future_alpha_beta-[4, 4]",acc,popularity,0.8388671875,False
"n_students-100_n_skills-15_smoothing-0.3_current_alpha_beta-[2, 6]_future_alpha_beta-[4, 4]",acc,simple_markov,0.0009765625,True
"n_students-100_n_skills-15_smoothing-0.3_current_alpha_beta-[2, 6]_future_alpha_beta-[4, 4]",acc,random,0.0009765625,True
"n_students-100_n_skills-15_smoothing-0.3_current_alpha_beta-[2, 6]_future_alpha_beta-[4, 4]",acc,bayesian_network,0.0009765625,True
"n_students-100_n_skills-15_smoothing-0.3_current_alpha_beta-[2, 6]_future_alpha_beta-[5, 3]",acc,full_information,1.0,False
"n_students-100_n_skills-15_smoothing-0.3_current_alpha_beta-[2, 6]_future_alpha_beta-[5, 3]",acc,popularity,0.8837890625,False
"n_students-100_n_skills-15_smoothing-0.3_current_alpha_beta-[2, 6]_future_alpha_beta-[5, 3]",acc,simple_markov,0.0009765625,True
"n_students-100_n_skills-15_smoothing-0.3_current_alpha_beta-[2, 6]_future_alpha_beta-[5, 3]",acc,random,0.0009765625,True
"n_students-100_n_skills-15_smoothing-0.3_current_alpha_beta-[2, 6]_future_alpha_beta-[5, 3]",acc,bayesian_network,0.0009765625,True
"n_students-100_n_skills-15_smoothing-0.3_current_alpha_beta-[2, 6]_future_alpha_beta-[6, 2]",acc,full_information,1.0,False
"n_students-100_n_skills-15_smoothing-0.3_current_alpha_beta-[2, 6]_future_alpha_beta-[6, 2]",acc,popularity,0.4609375,False
"n_students-100_n_skills-15_smoothing-0.3_current_alpha_beta-[2, 6]_future_alpha_beta-[6, 2]",acc,simple_markov,0.0009765625,True
"n_students-100_n_skills-15_smoothing-0.3_current_alpha_beta-[2, 6]_future_alpha_beta-[6, 2]",acc,random,0.0009765625,True
"n_students-100_n_skills-15_smoothing-0.3_current_alpha_beta-[2, 6]_future_alpha_beta-[6, 2]",acc,bayesian_network,0.0009765625,True
"n_students-100_n_skills-15_smoothing-0.3_current_alpha_beta-[3, 5]_future_alpha_beta-[2, 6]",acc,full_information,0.9931640625,False
"n_students-100_n_skills-15_smoothing-0.3_current_alpha_beta-[3, 5]_future_alpha_beta-[2, 6]",acc,popularity,0.9033203125,False
"n_students-100_n_skills-15_smoothing-0.3_current_alpha_beta-[3, 5]_future_alpha_beta-[2, 6]",acc,simple_markov,0.0009765625,True
"n_students-100_n_skills-15_smoothing-0.3_current_alpha_beta-[3, 5]_future_alpha_beta-[2, 6]",acc,random,0.0009765625,True
"n_students-100_n_skills-15_smoothing-0.3_current_alpha_beta-[3, 5]_future_alpha_beta-[2, 6]",acc,bayesian_network,0.0009765625,True
"n_students-100_n_skills-15_smoothing-0.3_current_alpha_beta-[3, 5]_future_alpha_beta-[3, 5]",acc,full_information,0.9951171875,False
"n_students-100_n_skills-15_smoothing-0.3_current_alpha_beta-[3, 5]_future_alpha_beta-[3, 5]",acc,popularity,0.6875,False
"n_students-100_n_skills-15_smoothing-0.3_current_alpha_beta-[3, 5]_future_alpha_beta-[3, 5]",acc,simple_markov,0.0009765625,True
"n_students-100_n_skills-15_smoothing-0.3_current_alpha_beta-[3, 5]_future_alpha_beta-[3, 5]",acc,random,0.0009765625,True
"n_students-100_n_skills-15_smoothing-0.3_current_alpha_beta-[3, 5]_future_alpha_beta-[3, 5]",acc,bayesian_network,0.0009765625,True
"n_students-100_n_skills-15_smoothing-0.3_current_alpha_beta-[3, 5]_future_alpha_beta-[4, 4]",acc,full_information,1.0,False
"n_students-100_n_skills-15_smoothing-0.3_current_alpha_beta-[3, 5]_future_alpha_beta-[4, 4]",acc,popularity,0.4609375,False
"n_students-100_n_skills-15_smoothing-0.3_current_alpha_beta-[3, 5]_future_alpha_beta-[4, 4]",acc,simple_markov,0.0009765625,True
"n_students-100_n_skills-15_smoothing-0.3_current_alpha_beta-[3, 5]_future_alpha_beta-[4, 4]",acc,random,0.0009765625,True
"n_students-100_n_skills-15_smoothing-0.3_current_alpha_beta-[3, 5]_future_alpha_beta-[4, 4]",acc,bayesian_network,0.0009765625,True
"n_students-100_n_skills-15_smoothing-0.3_current_alpha_beta-[3, 5]_future_alpha_beta-[5, 3]",acc,full_information,0.986328125,False
"n_students-100_n_skills-15_smoothing-0.3_current_alpha_beta-[3, 5]_future_alpha_beta-[5, 3]",acc,popularity,0.1162109375,False
"n_students-100_n_skills-15_smoothing-0.3_current_alpha_beta-[3, 5]_future_alpha_beta-[5, 3]",acc,simple_markov,0.0009765625,True
"n_students-100_n_skills-15_smoothing-0.3_current_alpha_beta-[3, 5]_future_alpha_beta-[5, 3]",acc,random,0.0009765625,True
"n_students-100_n_skills-15_smoothing-0.3_current_alpha_beta-[3, 5]_future_alpha_beta-[5, 3]",acc,bayesian_network,0.0009765625,True
"n_students-100_n_skills-15_smoothing-0.3_current_alpha_beta-[3, 5]_future_alpha_beta-[6, 2]",acc,full_information,1.0,False
"n_students-100_n_skills-15_smoothing-0.3_current_alpha_beta-[3, 5]_future_alpha_beta-[6, 2]",acc,popularity,0.0654296875,False
"n_students-100_n_skills-15_smoothing-0.3_current_alpha_beta-[3, 5]_future_alpha_beta-[6, 2]",acc,simple_markov,0.0009765625,True
"n_students-100_n_skills-15_smoothing-0.3_current_alpha_beta-[3, 5]_future_alpha_beta-[6, 2]",acc,random,0.0009765625,True
"n_students-100_n_skills-15_smoothing-0.3_current_alpha_beta-[3, 5]_future_alpha_beta-[6, 2]",acc,bayesian_network,0.0009765625,True
"n_students-100_n_skills-15_smoothing-0.3_current_alpha_beta-[4, 4]_future_alpha_beta-[2, 6]",acc,full_information,0.6328125,False
"n_students-100_n_skills-15_smoothing-0.3_current_alpha_beta-[4, 4]_future_alpha_beta-[2, 6]",acc,popularity,0.5,False
"n_students-100_n_skills-15_smoothing-0.3_current_alpha_beta-[4, 4]_future_alpha_beta-[2, 6]",acc,simple_markov,0.0009765625,True
"n_students-100_n_skills-15_smoothing-0.3_current_alpha_beta-[4, 4]_future_alpha_beta-[2, 6]",acc,random,0.0009765625,True
"n_students-100_n_skills-15_smoothing-0.3_current_alpha_beta-[4, 4]_future_alpha_beta-[2, 6]",acc,bayesian_network,0.0009765625,True
"n_students-100_n_skills-15_smoothing-0.3_current_alpha_beta-[4, 4]_future_alpha_beta-[3, 5]",acc,full_information,0.9814453125,False
"n_students-100_n_skills-15_smoothing-0.3_current_alpha_beta-[4, 4]_future_alpha_beta-[3, 5]",acc,popularity,0.6875,False
"n_students-100_n_skills-15_smoothing-0.3_current_alpha_beta-[4, 4]_future_alpha_beta-[3, 5]",acc,simple_markov,0.0009765625,True
"n_students-100_n_skills-15_smoothing-0.3_current_alpha_beta-[4, 4]_future_alpha_beta-[3, 5]",acc,random,0.0009765625,True
"n_students-100_n_skills-15_smoothing-0.3_current_alpha_beta-[4, 4]_future_alpha_beta-[3, 5]",acc,bayesian_network,0.0009765625,True
"n_students-100_n_skills-15_smoothing-0.3_current_alpha_beta-[4, 4]_future_alpha_beta-[4, 4]",acc,full_information,0.9755859375,False
"n_students-100_n_skills-15_smoothing-0.3_current_alpha_beta-[4, 4]_future_alpha_beta-[4, 4]",acc,popularity,0.34765625,False
"n_students-100_n_skills-15_smoothing-0.3_current_alpha_beta-[4, 4]_future_alpha_beta-[4, 4]",acc,simple_markov,0.0009765625,True
"n_students-100_n_skills-15_smoothing-0.3_current_alpha_beta-[4, 4]_future_alpha_beta-[4, 4]",acc,random,0.0009765625,True
"n_students-100_n_skills-15_smoothing-0.3_current_alpha_beta-[4, 4]_future_alpha_beta-[4, 4]",acc,bayesian_network,0.0009765625,True
"n_students-100_n_skills-15_smoothing-0.3_current_alpha_beta-[4, 4]_future_alpha_beta-[5, 3]",acc,full_information,0.998046875,False
"n_students-100_n_skills-15_smoothing-0.3_current_alpha_beta-[4, 4]_future_alpha_beta-[5, 3]",acc,popularity,0.75390625,False
"n_students-100_n_skills-15_smoothing-0.3_current_alpha_beta-[4, 4]_future_alpha_beta-[5, 3]",acc,simple_markov,0.0009765625,True
"n_students-100_n_skills-15_smoothing-0.3_current_alpha_beta-[4, 4]_future_alpha_beta-[5, 3]",acc,random,0.0009765625,True
"n_students-100_n_skills-15_smoothing-0.3_current_alpha_beta-[4, 4]_future_alpha_beta-[5, 3]",acc,bayesian_network,0.0009765625,True
"n_students-100_n_skills-15_smoothing-0.3_current_alpha_beta-[4, 4]_future_alpha_beta-[6, 2]",acc,full_information,0.9970703125,False
"n_students-100_n_skills-15_smoothing-0.3_current_alpha_beta-[4, 4]_future_alpha_beta-[6, 2]",acc,popularity,0.4228515625,False
"n_students-100_n_skills-15_smoothing-0.3_current_alpha_beta-[4, 4]_future_alpha_beta-[6, 2]",acc,simple_markov,0.0009765625,True
"n_students-100_n_skills-15_smoothing-0.3_current_alpha_beta-[4, 4]_future_alpha_beta-[6, 2]",acc,random,0.0009765625,True
"n_students-100_n_skills-15_smoothing-0.3_current_alpha_beta-[4, 4]_future_alpha_beta-[6, 2]",acc,bayesian_network,0.0009765625,True
"n_students-100_n_skills-15_smoothing-0.3_current_alpha_beta-[5, 3]_future_alpha_beta-[2, 6]",acc,full_information,0.7841796875,False
"n_students-100_n_skills-15_smoothing-0.3_current_alpha_beta-[5, 3]_future_alpha_beta-[2, 6]",acc,popularity,0.6875,False
"n_students-100_n_skills-15_smoothing-0.3_current_alpha_beta-[5, 3]_future_alpha_beta-[2, 6]",acc,simple_markov,0.0009765625,True
"n_students-100_n_skills-15_smoothing-0.3_current_alpha_beta-[5, 3]_future_alpha_beta-[2, 6]",acc,random,0.0009765625,True
"n_students-100_n_skills-15_smoothing-0.3_current_alpha_beta-[5, 3]_future_alpha_beta-[2, 6]",acc,bayesian_network,0.001953125,True
"n_students-100_n_skills-15_smoothing-0.3_current_alpha_beta-[5, 3]_future_alpha_beta-[3, 5]",acc,full_information,0.8388671875,False
"n_students-100_n_skills-15_smoothing-0.3_current_alpha_beta-[5, 3]_future_alpha_beta-[3, 5]",acc,popularity,0.1796875,False
"n_students-100_n_skills-15_smoothing-0.3_current_alpha_beta-[5, 3]_future_alpha_beta-[3, 5]",acc,simple_markov,0.0009765625,True
"n_students-100_n_skills-15_smoothing-0.3_current_alpha_beta-[5, 3]_future_alpha_beta-[3, 5]",acc,random,0.0009765625,True
"n_students-100_n_skills-15_smoothing-0.3_current_alpha_beta-[5, 3]_future_alpha_beta-[3, 5]",acc,bayesian_network,0.0009765625,True
"n_students-100_n_skills-15_smoothing-0.3_current_alpha_beta-[5, 3]_future_alpha_beta-[4, 4]",acc,full_information,0.947265625,False
"n_students-100_n_skills-15_smoothing-0.3_current_alpha_beta-[5, 3]_future_alpha_beta-[4, 4]",acc,popularity,0.2734375,False
"n_students-100_n_skills-15_smoothing-0.3_current_alpha_beta-[5, 3]_future_alpha_beta-[4, 4]",acc,simple_markov,0.0009765625,True
"n_students-100_n_skills-15_smoothing-0.3_current_alpha_beta-[5, 3]_future_alpha_beta-[4, 4]",acc,random,0.0009765625,True
"n_students-100_n_skills-15_smoothing-0.3_current_alpha_beta-[5, 3]_future_alpha_beta-[4, 4]",acc,bayesian_network,0.0009765625,True
"n_students-100_n_skills-15_smoothing-0.3_current_alpha_beta-[5, 3]_future_alpha_beta-[5, 3]",acc,full_information,1.0,False
"n_students-100_n_skills-15_smoothing-0.3_current_alpha_beta-[5, 3]_future_alpha_beta-[5, 3]",acc,popularity,0.28515625,False
"n_students-100_n_skills-15_smoothing-0.3_current_alpha_beta-[5, 3]_future_alpha_beta-[5, 3]",acc,simple_markov,0.0009765625,True
"n_students-100_n_skills-15_smoothing-0.3_current_alpha_beta-[5, 3]_future_alpha_beta-[5, 3]",acc,random,0.0009765625,True
"n_students-100_n_skills-15_smoothing-0.3_current_alpha_beta-[5, 3]_future_alpha_beta-[5, 3]",acc,bayesian_network,0.0009765625,True
"n_students-100_n_skills-15_smoothing-0.3_current_alpha_beta-[5, 3]_future_alpha_beta-[6, 2]",acc,full_information,0.9990234375,False
"n_students-100_n_skills-15_smoothing-0.3_current_alpha_beta-[5, 3]_future_alpha_beta-[6, 2]",acc,popularity,0.615234375,False
"n_students-100_n_skills-15_smoothing-0.3_current_alpha_beta-[5, 3]_future_alpha_beta-[6, 2]",acc,simple_markov,0.0009765625,True
"n_students-100_n_skills-15_smoothing-0.3_current_alpha_beta-[5, 3]_future_alpha_beta-[6, 2]",acc,random,0.0009765625,True
"n_students-100_n_skills-15_smoothing-0.3_current_alpha_beta-[5, 3]_future_alpha_beta-[6, 2]",acc,bayesian_network,0.0009765625,True
"n_students-100_n_skills-15_smoothing-0.3_current_alpha_beta-[6, 2]_future_alpha_beta-[2, 6]",acc,full_information,0.947265625,False
"n_students-100_n_skills-15_smoothing-0.3_current_alpha_beta-[6, 2]_future_alpha_beta-[2, 6]",acc,popularity,0.1943359375,False
"n_students-100_n_skills-15_smoothing-0.3_current_alpha_beta-[6, 2]_future_alpha_beta-[2, 6]",acc,simple_markov,0.001953125,True
"n_students-100_n_skills-15_smoothing-0.3_current_alpha_beta-[6, 2]_future_alpha_beta-[2, 6]",acc,random,0.0009765625,True
"n_students-100_n_skills-15_smoothing-0.3_current_alpha_beta-[6, 2]_future_alpha_beta-[2, 6]",acc,bayesian_network,0.0029296875,True
"n_students-100_n_skills-15_smoothing-0.3_current_alpha_beta-[6, 2]_future_alpha_beta-[3, 5]",acc,full_information,0.8388671875,False
"n_students-100_n_skills-15_smoothing-0.3_current_alpha_beta-[6, 2]_future_alpha_beta-[3, 5]",acc,popularity,0.5771484375,False
"n_students-100_n_skills-15_smoothing-0.3_current_alpha_beta-[6, 2]_future_alpha_beta-[3, 5]",acc,simple_markov,0.0009765625,True
"n_students-100_n_skills-15_smoothing-0.3_current_alpha_beta-[6, 2]_future_alpha_beta-[3, 5]",acc,random,0.0009765625,True
"n_students-100_n_skills-15_smoothing-0.3_current_alpha_beta-[6, 2]_future_alpha_beta-[3, 5]",acc,bayesian_network,0.0009765625,True
"n_students-100_n_skills-15_smoothing-0.3_current_alpha_beta-[6, 2]_future_alpha_beta-[4, 4]",acc,full_information,0.0966796875,False
"n_students-100_n_skills-15_smoothing-0.3_current_alpha_beta-[6, 2]_future_alpha_beta-[4, 4]",acc,popularity,0.0078125,True
"n_students-100_n_skills-15_smoothing-0.3_current_alpha_beta-[6, 2]_future_alpha_beta-[4, 4]",acc,simple_markov,0.0009765625,True
"n_students-100_n_skills-15_smoothing-0.3_current_alpha_beta-[6, 2]_future_alpha_beta-[4, 4]",acc,random,0.0009765625,True
"n_students-100_n_skills-15_smoothing-0.3_current_alpha_beta-[6, 2]_future_alpha_beta-[4, 4]",acc,bayesian_network,0.0009765625,True
"n_students-100_n_skills-15_smoothing-0.3_current_alpha_beta-[6, 2]_future_alpha_beta-[5, 3]",acc,full_information,0.9580078125,False
"n_students-100_n_skills-15_smoothing-0.3_current_alpha_beta-[6, 2]_future_alpha_beta-[5, 3]",acc,popularity,0.8125,False
"n_students-100_n_skills-15_smoothing-0.3_current_alpha_beta-[6, 2]_future_alpha_beta-[5, 3]",acc,simple_markov,0.0009765625,True
"n_students-100_n_skills-15_smoothing-0.3_current_alpha_beta-[6, 2]_future_alpha_beta-[5, 3]",acc,random,0.0009765625,True
"n_students-100_n_skills-15_smoothing-0.3_current_alpha_beta-[6, 2]_future_alpha_beta-[5, 3]",acc,bayesian_network,0.0009765625,True
"n_students-100_n_skills-15_smoothing-0.3_current_alpha_beta-[6, 2]_future_alpha_beta-[6, 2]",acc,full_information,0.6328125,False
"n_students-100_n_skills-15_smoothing-0.3_current_alpha_beta-[6, 2]_future_alpha_beta-[6, 2]",acc,popularity,0.037109375,True
"n_students-100_n_skills-15_smoothing-0.3_current_alpha_beta-[6, 2]_future_alpha_beta-[6, 2]",acc,simple_markov,0.0009765625,True
"n_students-100_n_skills-15_smoothing-0.3_current_alpha_beta-[6, 2]_future_alpha_beta-[6, 2]",acc,random,0.0009765625,True
"n_students-100_n_skills-15_smoothing-0.3_current_alpha_beta-[6, 2]_future_alpha_beta-[6, 2]",acc,bayesian_network,0.0009765625,True
"n_students-100_n_skills-15_smoothing-0.5_current_alpha_beta-[2, 6]_future_alpha_beta-[2, 6]",acc,full_information,0.990234375,False
"n_students-100_n_skills-15_smoothing-0.5_current_alpha_beta-[2, 6]_future_alpha_beta-[2, 6]",acc,popularity,0.4228515625,False
"n_students-100_n_skills-15_smoothing-0.5_current_alpha_beta-[2, 6]_future_alpha_beta-[2, 6]",acc,simple_markov,0.0009765625,True
"n_students-100_n_skills-15_smoothing-0.5_current_alpha_beta-[2, 6]_future_alpha_beta-[2, 6]",acc,random,0.0009765625,True
"n_students-100_n_skills-15_smoothing-0.5_current_alpha_beta-[2, 6]_future_alpha_beta-[2, 6]",acc,bayesian_network,0.0009765625,True
"n_students-100_n_skills-15_smoothing-0.5_current_alpha_beta-[2, 6]_future_alpha_beta-[3, 5]",acc,full_information,1.0,False
"n_students-100_n_skills-15_smoothing-0.5_current_alpha_beta-[2, 6]_future_alpha_beta-[3, 5]",acc,popularity,0.5,False
"n_students-100_n_skills-15_smoothing-0.5_current_alpha_beta-[2, 6]_future_alpha_beta-[3, 5]",acc,simple_markov,0.0009765625,True
"n_students-100_n_skills-15_smoothing-0.5_current_alpha_beta-[2, 6]_future_alpha_beta-[3, 5]",acc,random,0.0009765625,True
"n_students-100_n_skills-15_smoothing-0.5_current_alpha_beta-[2, 6]_future_alpha_beta-[3, 5]",acc,bayesian_network,0.0009765625,True
"n_students-100_n_skills-15_smoothing-0.5_current_alpha_beta-[2, 6]_future_alpha_beta-[4, 4]",acc,full_information,0.9990234375,False
"n_students-100_n_skills-15_smoothing-0.5_current_alpha_beta-[2, 6]_future_alpha_beta-[4, 4]",acc,popularity,0.7216796875,False
"n_students-100_n_skills-15_smoothing-0.5_current_alpha_beta-[2, 6]_future_alpha_beta-[4, 4]",acc,simple_markov,0.0009765625,True
"n_students-100_n_skills-15_smoothing-0.5_current_alpha_beta-[2, 6]_future_alpha_beta-[4, 4]",acc,random,0.0009765625,True
"n_students-100_n_skills-15_smoothing-0.5_current_alpha_beta-[2, 6]_future_alpha_beta-[4, 4]",acc,bayesian_network,0.0009765625,True
"n_students-100_n_skills-15_smoothing-0.5_current_alpha_beta-[2, 6]_future_alpha_beta-[5, 3]",acc,full_information,0.9990234375,False
"n_students-100_n_skills-15_smoothing-0.5_current_alpha_beta-[2, 6]_future_alpha_beta-[5, 3]",acc,popularity,0.75390625,False
"n_students-100_n_skills-15_smoothing-0.5_current_alpha_beta-[2, 6]_future_alpha_beta-[5, 3]",acc,simple_markov,0.0009765625,True
"n_students-100_n_skills-15_smoothing-0.5_current_alpha_beta-[2, 6]_future_alpha_beta-[5, 3]",acc,random,0.0009765625,True
"n_students-100_n_skills-15_smoothing-0.5_current_alpha_beta-[2, 6]_future_alpha_beta-[5, 3]",acc,bayesian_network,0.0009765625,True
"n_students-100_n_skills-15_smoothing-0.5_current_alpha_beta-[2, 6]_future_alpha_beta-[6, 2]",acc,full_information,0.9990234375,False
"n_students-100_n_skills-15_smoothing-0.5_current_alpha_beta-[2, 6]_future_alpha_beta-[6, 2]",acc,popularity,0.5390625,False
"n_students-100_n_skills-15_smoothing-0.5_current_alpha_beta-[2, 6]_future_alpha_beta-[6, 2]",acc,simple_markov,0.0009765625,True
"n_students-100_n_skills-15_smoothing-0.5_current_alpha_beta-[2, 6]_future_alpha_beta-[6, 2]",acc,random,0.0009765625,True
"n_students-100_n_skills-15_smoothing-0.5_current_alpha_beta-[2, 6]_future_alpha_beta-[6, 2]",acc,bayesian_network,0.0009765625,True
"n_students-100_n_skills-15_smoothing-0.5_current_alpha_beta-[3, 5]_future_alpha_beta-[2, 6]",acc,full_information,0.8125,False
"n_students-100_n_skills-15_smoothing-0.5_current_alpha_beta-[3, 5]_future_alpha_beta-[2, 6]",acc,popularity,0.3125,False
"n_students-100_n_skills-15_smoothing-0.5_current_alpha_beta-[3, 5]_future_alpha_beta-[2, 6]",acc,simple_markov,0.0009765625,True
"n_students-100_n_skills-15_smoothing-0.5_current_alpha_beta-[3, 5]_future_alpha_beta-[2, 6]",acc,random,0.0009765625,True
"n_students-100_n_skills-15_smoothing-0.5_current_alpha_beta-[3, 5]_future_alpha_beta-[2, 6]",acc,bayesian_network,0.0009765625,True
"n_students-100_n_skills-15_smoothing-0.5_current_alpha_beta-[3, 5]_future_alpha_beta-[3, 5]",acc,full_information,0.9951171875,False
"n_students-100_n_skills-15_smoothing-0.5_current_alpha_beta-[3, 5]_future_alpha_beta-[3, 5]",acc,popularity,0.0419921875,True
"n_students-100_n_skills-15_smoothing-0.5_current_alpha_beta-[3, 5]_future_alpha_beta-[3, 5]",acc,simple_markov,0.0009765625,True
"n_students-100_n_skills-15_smoothing-0.5_current_alpha_beta-[3, 5]_future_alpha_beta-[3, 5]",acc,random,0.0009765625,True
"n_students-100_n_skills-15_smoothing-0.5_current_alpha_beta-[3, 5]_future_alpha_beta-[3, 5]",acc,bayesian_network,0.0009765625,True
"n_students-100_n_skills-15_smoothing-0.5_current_alpha_beta-[3, 5]_future_alpha_beta-[4, 4]",acc,full_information,0.9970703125,False
"n_students-100_n_skills-15_smoothing-0.5_current_alpha_beta-[3, 5]_future_alpha_beta-[4, 4]",acc,popularity,0.75390625,False
"n_students-100_n_skills-15_smoothing-0.5_current_alpha_beta-[3, 5]_future_alpha_beta-[4, 4]",acc,simple_markov,0.0009765625,True
"n_students-100_n_skills-15_smoothing-0.5_current_alpha_beta-[3, 5]_future_alpha_beta-[4, 4]",acc,random,0.0009765625,True
"n_students-100_n_skills-15_smoothing-0.5_current_alpha_beta-[3, 5]_future_alpha_beta-[4, 4]",acc,bayesian_network,0.0009765625,True
"n_students-100_n_skills-15_smoothing-0.5_current_alpha_beta-[3, 5]_future_alpha_beta-[5, 3]",acc,full_information,0.9755859375,False
"n_students-100_n_skills-15_smoothing-0.5_current_alpha_beta-[3, 5]_future_alpha_beta-[5, 3]",acc,popularity,0.0029296875,True
"n_students-100_n_skills-15_smoothing-0.5_current_alpha_beta-[3, 5]_future_alpha_beta-[5, 3]",acc,simple_markov,0.0009765625,True
"n_students-100_n_skills-15_smoothing-0.5_current_alpha_beta-[3, 5]_future_alpha_beta-[5, 3]",acc,random,0.0009765625,True
"n_students-100_n_skills-15_smoothing-0.5_current_alpha_beta-[3, 5]_future_alpha_beta-[5, 3]",acc,bayesian_network,0.0009765625,True
"n_students-100_n_skills-15_smoothing-0.5_current_alpha_beta-[3, 5]_future_alpha_beta-[6, 2]",acc,full_information,1.0,False
"n_students-100_n_skills-15_smoothing-0.5_current_alpha_beta-[3, 5]_future_alpha_beta-[6, 2]",acc,popularity,0.34765625,False
"n_students-100_n_skills-15_smoothing-0.5_current_alpha_beta-[3, 5]_future_alpha_beta-[6, 2]",acc,simple_markov,0.0009765625,True
"n_students-100_n_skills-15_smoothing-0.5_current_alpha_beta-[3, 5]_future_alpha_beta-[6, 2]",acc,random,0.0009765625,True
"n_students-100_n_skills-15_smoothing-0.5_current_alpha_beta-[3, 5]_future_alpha_beta-[6, 2]",acc,bayesian_network,0.0009765625,True
"n_students-100_n_skills-15_smoothing-0.5_current_alpha_beta-[4, 4]_future_alpha_beta-[2, 6]",acc,full_information,0.9033203125,False
"n_students-100_n_skills-15_smoothing-0.5_current_alpha_beta-[4, 4]_future_alpha_beta-[2, 6]",acc,popularity,0.5,False
"n_students-100_n_skills-15_smoothing-0.5_current_alpha_beta-[4, 4]_future_alpha_beta-[2, 6]",acc,simple_markov,0.0009765625,True
"n_students-100_n_skills-15_smoothing-0.5_current_alpha_beta-[4, 4]_future_alpha_beta-[2, 6]",acc,random,0.0009765625,True
"n_students-100_n_skills-15_smoothing-0.5_current_alpha_beta-[4, 4]_future_alpha_beta-[2, 6]",acc,bayesian_network,0.0419921875,True
"n_students-100_n_skills-15_smoothing-0.5_current_alpha_beta-[4, 4]_future_alpha_beta-[3, 5]",acc,full_information,0.9951171875,False
"n_students-100_n_skills-15_smoothing-0.5_current_alpha_beta-[4, 4]_future_alpha_beta-[3, 5]",acc,popularity,0.384765625,False
"n_students-100_n_skills-15_smoothing-0.5_current_alpha_beta-[4, 4]_future_alpha_beta-[3, 5]",acc,simple_markov,0.0009765625,True
"n_students-100_n_skills-15_smoothing-0.5_current_alpha_beta-[4, 4]_future_alpha_beta-[3, 5]",acc,random,0.0009765625,True
"n_students-100_n_skills-15_smoothing-0.5_current_alpha_beta-[4, 4]_future_alpha_beta-[3, 5]",acc,bayesian_network,0.0009765625,True
"n_students-100_n_skills-15_smoothing-0.5_current_alpha_beta-[4, 4]_future_alpha_beta-[4, 4]",acc,full_information,0.947265625,False
"n_students-100_n_skills-15_smoothing-0.5_current_alpha_beta-[4, 4]_future_alpha_beta-[4, 4]",acc,popularity,0.1611328125,False
"n_students-100_n_skills-15_smoothing-0.5_current_alpha_beta-[4, 4]_future_alpha_beta-[4, 4]",acc,simple_markov,0.0009765625,True
"n_students-100_n_skills-15_smoothing-0.5_current_alpha_beta-[4, 4]_future_alpha_beta-[4, 4]",acc,random,0.0009765625,True
"n_students-100_n_skills-15_smoothing-0.5_current_alpha_beta-[4, 4]_future_alpha_beta-[4, 4]",acc,bayesian_network,0.001953125,True
"n_students-100_n_skills-15_smoothing-0.5_current_alpha_beta-[4, 4]_future_alpha_beta-[5, 3]",acc,full_information,0.947265625,False
"n_students-100_n_skills-15_smoothing-0.5_current_alpha_beta-[4, 4]_future_alpha_beta-[5, 3]",acc,popularity,0.384765625,False
"n_students-100_n_skills-15_smoothing-0.5_current_alpha_beta-[4, 4]_future_alpha_beta-[5, 3]",acc,simple_markov,0.0009765625,True
"n_students-100_n_skills-15_smoothing-0.5_current_alpha_beta-[4, 4]_future_alpha_beta-[5, 3]",acc,random,0.0009765625,True
"n_students-100_n_skills-15_smoothing-0.5_current_alpha_beta-[4, 4]_future_alpha_beta-[5, 3]",acc,bayesian_network,0.001953125,True
"n_students-100_n_skills-15_smoothing-0.5_current_alpha_beta-[4, 4]_future_alpha_beta-[6, 2]",acc,full_information,0.615234375,False
"n_students-100_n_skills-15_smoothing-0.5_current_alpha_beta-[4, 4]_future_alpha_beta-[6, 2]",acc,popularity,0.080078125,False
"n_students-100_n_skills-15_smoothing-0.5_current_alpha_beta-[4, 4]_future_alpha_beta-[6, 2]",acc,simple_markov,0.001953125,True
"n_students-100_n_skills-15_smoothing-0.5_current_alpha_beta-[4, 4]_future_alpha_beta-[6, 2]",acc,random,0.0009765625,True
"n_students-100_n_skills-15_smoothing-0.5_current_alpha_beta-[4, 4]_future_alpha_beta-[6, 2]",acc,bayesian_network,0.0029296875,True
"n_students-100_n_skills-15_smoothing-0.5_current_alpha_beta-[5, 3]_future_alpha_beta-[2, 6]",acc,full_information,0.8388671875,False
"n_students-100_n_skills-15_smoothing-0.5_current_alpha_beta-[5, 3]_future_alpha_beta-[2, 6]",acc,popularity,0.65234375,False
"n_students-100_n_skills-15_smoothing-0.5_current_alpha_beta-[5, 3]_future_alpha_beta-[2, 6]",acc,simple_markov,0.0009765625,True
"n_students-100_n_skills-15_smoothing-0.5_current_alpha_beta-[5, 3]_future_alpha_beta-[2, 6]",acc,random,0.0009765625,True
"n_students-100_n_skills-15_smoothing-0.5_current_alpha_beta-[5, 3]_future_alpha_beta-[2, 6]",acc,bayesian_network,0.0244140625,True
"n_students-100_n_skills-15_smoothing-0.5_current_alpha_beta-[5, 3]_future_alpha_beta-[3, 5]",acc,full_information,0.75390625,False
"n_students-100_n_skills-15_smoothing-0.5_current_alpha_beta-[5, 3]_future_alpha_beta-[3, 5]",acc,popularity,0.384765625,False
"n_students-100_n_skills-15_smoothing-0.5_current_alpha_beta-[5, 3]_future_alpha_beta-[3, 5]",acc,simple_markov,0.0009765625,True
"n_students-100_n_skills-15_smoothing-0.5_current_alpha_beta-[5, 3]_future_alpha_beta-[3, 5]",acc,random,0.0009765625,True
"n_students-100_n_skills-15_smoothing-0.5_current_alpha_beta-[5, 3]_future_alpha_beta-[3, 5]",acc,bayesian_network,0.0029296875,True
"n_students-100_n_skills-15_smoothing-0.5_current_alpha_beta-[5, 3]_future_alpha_beta-[4, 4]",acc,full_information,0.986328125,False
"n_students-100_n_skills-15_smoothing-0.5_current_alpha_beta-[5, 3]_future_alpha_beta-[4, 4]",acc,popularity,0.8388671875,False
"n_students-100_n_skills-15_smoothing-0.5_current_alpha_beta-[5, 3]_future_alpha_beta-[4, 4]",acc,simple_markov,0.0009765625,True
"n_students-100_n_skills-15_smoothing-0.5_current_alpha_beta-[5, 3]_future_alpha_beta-[4, 4]",acc,random,0.0009765625,True
"n_students-100_n_skills-15_smoothing-0.5_current_alpha_beta-[5, 3]_future_alpha_beta-[4, 4]",acc,bayesian_network,0.0068359375,True
"n_students-100_n_skills-15_smoothing-0.5_current_alpha_beta-[5, 3]_future_alpha_beta-[5, 3]",acc,full_information,0.919921875,False
"n_students-100_n_skills-15_smoothing-0.5_current_alpha_beta-[5, 3]_future_alpha_beta-[5, 3]",acc,popularity,0.8388671875,False
"n_students-100_n_skills-15_smoothing-0.5_current_alpha_beta-[5, 3]_future_alpha_beta-[5, 3]",acc,simple_markov,0.0009765625,True
"n_students-100_n_skills-15_smoothing-0.5_current_alpha_beta-[5, 3]_future_alpha_beta-[5, 3]",acc,random,0.0009765625,True
"n_students-100_n_skills-15_smoothing-0.5_current_alpha_beta-[5, 3]_future_alpha_beta-[5, 3]",acc,bayesian_network,0.0048828125,True
"n_students-100_n_skills-15_smoothing-0.5_current_alpha_beta-[5, 3]_future_alpha_beta-[6, 2]",acc,full_information,0.5771484375,False
"n_students-100_n_skills-15_smoothing-0.5_current_alpha_beta-[5, 3]_future_alpha_beta-[6, 2]",acc,popularity,0.75390625,False
"n_students-100_n_skills-15_smoothing-0.5_current_alpha_beta-[5, 3]_future_alpha_beta-[6, 2]",acc,simple_markov,0.0009765625,True
"n_students-100_n_skills-15_smoothing-0.5_current_alpha_beta-[5, 3]_future_alpha_beta-[6, 2]",acc,random,0.0009765625,True
"n_students-100_n_skills-15_smoothing-0.5_current_alpha_beta-[5, 3]_future_alpha_beta-[6, 2]",acc,bayesian_network,0.0009765625,True
"n_students-100_n_skills-15_smoothing-0.5_current_alpha_beta-[6, 2]_future_alpha_beta-[2, 6]",acc,full_information,0.2158203125,False
"n_students-100_n_skills-15_smoothing-0.5_current_alpha_beta-[6, 2]_future_alpha_beta-[2, 6]",acc,popularity,0.248046875,False
"n_students-100_n_skills-15_smoothing-0.5_current_alpha_beta-[6, 2]_future_alpha_beta-[2, 6]",acc,simple_markov,0.0009765625,True
"n_students-100_n_skills-15_smoothing-0.5_current_alpha_beta-[6, 2]_future_alpha_beta-[2, 6]",acc,random,0.0009765625,True
"n_students-100_n_skills-15_smoothing-0.5_current_alpha_beta-[6, 2]_future_alpha_beta-[2, 6]",acc,bayesian_network,0.001953125,True
"n_students-100_n_skills-15_smoothing-0.5_current_alpha_beta-[6, 2]_future_alpha_beta-[3, 5]",acc,full_information,0.24609375,False
"n_students-100_n_skills-15_smoothing-0.5_current_alpha_beta-[6, 2]_future_alpha_beta-[3, 5]",acc,popularity,0.64453125,False
"n_students-100_n_skills-15_smoothing-0.5_current_alpha_beta-[6, 2]_future_alpha_beta-[3, 5]",acc,simple_markov,0.0048828125,True
"n_students-100_n_skills-15_smoothing-0.5_current_alpha_beta-[6, 2]_future_alpha_beta-[3, 5]",acc,random,0.001953125,True
"n_students-100_n_skills-15_smoothing-0.5_current_alpha_beta-[6, 2]_future_alpha_beta-[3, 5]",acc,bayesian_network,0.0322265625,True
"n_students-100_n_skills-15_smoothing-0.5_current_alpha_beta-[6, 2]_future_alpha_beta-[4, 4]",acc,full_information,0.7216796875,False
"n_students-100_n_skills-15_smoothing-0.5_current_alpha_beta-[6, 2]_future_alpha_beta-[4, 4]",acc,popularity,0.2783203125,False
"n_students-100_n_skills-15_smoothing-0.5_current_alpha_beta-[6, 2]_future_alpha_beta-[4, 4]",acc,simple_markov,0.0029296875,True
"n_students-100_n_skills-15_smoothing-0.5_current_alpha_beta-[6, 2]_future_alpha_beta-[4, 4]",acc,random,0.0009765625,True
"n_students-100_n_skills-15_smoothing-0.5_current_alpha_beta-[6, 2]_future_alpha_beta-[4, 4]",acc,bayesian_network,0.0654296875,False
"n_students-100_n_skills-15_smoothing-0.5_current_alpha_beta-[6, 2]_future_alpha_beta-[5, 3]",acc,full_information,0.080078125,False
"n_students-100_n_skills-15_smoothing-0.5_current_alpha_beta-[6, 2]_future_alpha_beta-[5, 3]",acc,popularity,0.0322265625,True
"n_students-100_n_skills-15_smoothing-0.5_current_alpha_beta-[6, 2]_future_alpha_beta-[5, 3]",acc,simple_markov,0.001953125,True
"n_students-100_n_skills-15_smoothing-0.5_current_alpha_beta-[6, 2]_future_alpha_beta-[5, 3]",acc,random,0.0009765625,True
"n_students-100_n_skills-15_smoothing-0.5_current_alpha_beta-[6, 2]_future_alpha_beta-[5, 3]",acc,bayesian_network,0.0009765625,True
"n_students-100_n_skills-15_smoothing-0.5_current_alpha_beta-[6, 2]_future_alpha_beta-[6, 2]",acc,full_information,0.384765625,False
"n_students-100_n_skills-15_smoothing-0.5_current_alpha_beta-[6, 2]_future_alpha_beta-[6, 2]",acc,popularity,0.3125,False
"n_students-100_n_skills-15_smoothing-0.5_current_alpha_beta-[6, 2]_future_alpha_beta-[6, 2]",acc,simple_markov,0.0048828125,True
"n_students-100_n_skills-15_smoothing-0.5_current_alpha_beta-[6, 2]_future_alpha_beta-[6, 2]",acc,random,0.0009765625,True
"n_students-100_n_skills-15_smoothing-0.5_current_alpha_beta-[6, 2]_future_alpha_beta-[6, 2]",acc,bayesian_network,0.0244140625,True
"n_students-100_n_skills-5_smoothing-0.1_current_alpha_beta-[2, 6]_future_alpha_beta-[2, 6]",acc,full_information,0.65625,False
"n_students-100_n_skills-5_smoothing-0.1_current_alpha_beta-[2, 6]_future_alpha_beta-[2, 6]",acc,popularity,0.921875,False
"n_students-100_n_skills-5_smoothing-0.1_current_alpha_beta-[2, 6]_future_alpha_beta-[2, 6]",acc,simple_markov,0.080078125,False
"n_students-100_n_skills-5_smoothing-0.1_current_alpha_beta-[2, 6]_future_alpha_beta-[2, 6]",acc,random,0.0009765625,True
"n_students-100_n_skills-5_smoothing-0.1_current_alpha_beta-[2, 6]_future_alpha_beta-[2, 6]",acc,bayesian_network,0.3046875,False
"n_students-100_n_skills-5_smoothing-0.1_current_alpha_beta-[2, 6]_future_alpha_beta-[3, 5]",acc,full_information,0.484375,False
"n_students-100_n_skills-5_smoothing-0.1_current_alpha_beta-[2, 6]_future_alpha_beta-[3, 5]",acc,popularity,0.3125,False
"n_students-100_n_skills-5_smoothing-0.1_current_alpha_beta-[2, 6]_future_alpha_beta-[3, 5]",acc,simple_markov,0.0966796875,False
"n_students-100_n_skills-5_smoothing-0.1_current_alpha_beta-[2, 6]_future_alpha_beta-[3, 5]",acc,random,0.0009765625,True
"n_students-100_n_skills-5_smoothing-0.1_current_alpha_beta-[2, 6]_future_alpha_beta-[3, 5]",acc,bayesian_network,0.1376953125,False
"n_students-100_n_skills-5_smoothing-0.1_current_alpha_beta-[2, 6]_future_alpha_beta-[4, 4]",acc,full_information,0.875,False
"n_students-100_n_skills-5_smoothing-0.1_current_alpha_beta-[2, 6]_future_alpha_beta-[4, 4]",acc,popularity,0.78125,False
"n_students-100_n_skills-5_smoothing-0.1_current_alpha_beta-[2, 6]_future_alpha_beta-[4, 4]",acc,simple_markov,0.009765625,True
"n_students-100_n_skills-5_smoothing-0.1_current_alpha_beta-[2, 6]_future_alpha_beta-[4, 4]",acc,random,0.0009765625,True
"n_students-100_n_skills-5_smoothing-0.1_current_alpha_beta-[2, 6]_future_alpha_beta-[4, 4]",acc,bayesian_network,0.009765625,True
"n_students-100_n_skills-5_smoothing-0.1_current_alpha_beta-[2, 6]_future_alpha_beta-[5, 3]",acc,full_information,0.97265625,False
"n_students-100_n_skills-5_smoothing-0.1_current_alpha_beta-[2, 6]_future_alpha_beta-[5, 3]",acc,popularity,1.0,False
"n_students-100_n_skills-5_smoothing-0.1_current_alpha_beta-[2, 6]_future_alpha_beta-[5, 3]",acc,simple_markov,0.1162109375,False
"n_students-100_n_skills-5_smoothing-0.1_current_alpha_beta-[2, 6]_future_alpha_beta-[5, 3]",acc,random,0.0009765625,True
"n_students-100_n_skills-5_smoothing-0.1_current_alpha_beta-[2, 6]_future_alpha_beta-[5, 3]",acc,bayesian_network,0.1875,False
"n_students-100_n_skills-5_smoothing-0.1_current_alpha_beta-[2, 6]_future_alpha_beta-[6, 2]",acc,full_information,0.671875,False
"n_students-100_n_skills-5_smoothing-0.1_current_alpha_beta-[2, 6]_future_alpha_beta-[6, 2]",acc,popularity,0.0625,False
"n_students-100_n_skills-5_smoothing-0.1_current_alpha_beta-[2, 6]_future_alpha_beta-[6, 2]",acc,simple_markov,0.0009765625,True
"n_students-100_n_skills-5_smoothing-0.1_current_alpha_beta-[2, 6]_future_alpha_beta-[6, 2]",acc,random,0.0009765625,True
"n_students-100_n_skills-5_smoothing-0.1_current_alpha_beta-[2, 6]_future_alpha_beta-[6, 2]",acc,bayesian_network,0.0009765625,True
"n_students-100_n_skills-5_smoothing-0.1_current_alpha_beta-[3, 5]_future_alpha_beta-[2, 6]",acc,full_information,0.171875,False
"n_students-100_n_skills-5_smoothing-0.1_current_alpha_beta-[3, 5]_future_alpha_beta-[2, 6]",acc,popularity,0.375,False
"n_students-100_n_skills-5_smoothing-0.1_current_alpha_beta-[3, 5]_future_alpha_beta-[2, 6]",acc,simple_markov,0.0244140625,True
"n_students-100_n_skills-5_smoothing-0.1_current_alpha_beta-[3, 5]_future_alpha_beta-[2, 6]",acc,random,0.0009765625,True
"n_students-100_n_skills-5_smoothing-0.1_current_alpha_beta-[3, 5]_future_alpha_beta-[2, 6]",acc,bayesian_network,0.080078125,False
"n_students-100_n_skills-5_smoothing-0.1_current_alpha_beta-[3, 5]_future_alpha_beta-[3, 5]",acc,full_information,0.59375,False
"n_students-100_n_skills-5_smoothing-0.1_current_alpha_beta-[3, 5]_future_alpha_beta-[3, 5]",acc,popularity,0.0625,False
"n_students-100_n_skills-5_smoothing-0.1_current_alpha_beta-[3, 5]_future_alpha_beta-[3, 5]",acc,simple_markov,0.0654296875,False
"n_students-100_n_skills-5_smoothing-0.1_current_alpha_beta-[3, 5]_future_alpha_beta-[3, 5]",acc,random,0.0009765625,True
"n_students-100_n_skills-5_smoothing-0.1_current_alpha_beta-[3, 5]_future_alpha_beta-[3, 5]",acc,bayesian_network,0.111328125,False
"n_students-100_n_skills-5_smoothing-0.1_current_alpha_beta-[3, 5]_future_alpha_beta-[4, 4]",acc,full_information,0.453125,False
"n_students-100_n_skills-5_smoothing-0.1_current_alpha_beta-[3, 5]_future_alpha_beta-[4, 4]",acc,popularity,0.21875,False
"n_students-100_n_skills-5_smoothing-0.1_current_alpha_beta-[3, 5]_future_alpha_beta-[4, 4]",acc,simple_markov,0.009765625,True
"n_students-100_n_skills-5_smoothing-0.1_current_alpha_beta-[3, 5]_future_alpha_beta-[4, 4]",acc,random,0.0009765625,True
"n_students-100_n_skills-5_smoothing-0.1_current_alpha_beta-[3, 5]_future_alpha_beta-[4, 4]",acc,bayesian_network,0.052734375,False
"n_students-100_n_skills-5_smoothing-0.1_current_alpha_beta-[3, 5]_future_alpha_beta-[5, 3]",acc,full_information,0.623046875,False
"n_students-100_n_skills-5_smoothing-0.1_current_alpha_beta-[3, 5]_future_alpha_beta-[5, 3]",acc,popularity,0.5,False
"n_students-100_n_skills-5_smoothing-0.1_current_alpha_beta-[3, 5]_future_alpha_beta-[5, 3]",acc,simple_markov,0.08203125,False
"n_students-100_n_skills-5_smoothing-0.1_current_alpha_beta-[3, 5]_future_alpha_beta-[5, 3]",acc,random,0.0009765625,True
"n_students-100_n_skills-5_smoothing-0.1_current_alpha_beta-[3, 5]_future_alpha_beta-[5, 3]",acc,bayesian_network,0.0322265625,True
"n_students-100_n_skills-5_smoothing-0.1_current_alpha_beta-[3, 5]_future_alpha_beta-[6, 2]",acc,full_information,0.92578125,False
"n_students-100_n_skills-5_smoothing-0.1_current_alpha_beta-[3, 5]_future_alpha_beta-[6, 2]",acc,popularity,1.0,False
"n_students-100_n_skills-5_smoothing-0.1_current_alpha_beta-[3, 5]_future_alpha_beta-[6, 2]",acc,simple_markov,0.0244140625,True
"n_students-100_n_skills-5_smoothing-0.1_current_alpha_beta-[3, 5]_future_alpha_beta-[6, 2]",acc,random,0.0009765625,True
"n_students-100_n_skills-5_smoothing-0.1_current_alpha_beta-[3, 5]_future_alpha_beta-[6, 2]",acc,bayesian_network,0.1611328125,False
"n_students-100_n_skills-5_smoothing-0.1_current_alpha_beta-[4, 4]_future_alpha_beta-[2, 6]",acc,full_information,0.640625,False
"n_students-100_n_skills-5_smoothing-0.1_current_alpha_beta-[4, 4]_future_alpha_beta-[2, 6]",acc,popularity,0.390625,False
"n_students-100_n_skills-5_smoothing-0.1_current_alpha_beta-[4, 4]_future_alpha_beta-[2, 6]",acc,simple_markov,0.2734375,False
"n_students-100_n_skills-5_smoothing-0.1_current_alpha_beta-[4, 4]_future_alpha_beta-[2, 6]",acc,random,0.0009765625,True
"n_students-100_n_skills-5_smoothing-0.1_current_alpha_beta-[4, 4]_future_alpha_beta-[2, 6]",acc,bayesian_network,0.23828125,False
"n_students-100_n_skills-5_smoothing-0.1_current_alpha_beta-[4, 4]_future_alpha_beta-[3, 5]",acc,full_information,0.84375,False
"n_students-100_n_skills-5_smoothing-0.1_current_alpha_beta-[4, 4]_future_alpha_beta-[3, 5]",acc,popularity,0.234375,False
"n_students-100_n_skills-5_smoothing-0.1_current_alpha_beta-[4, 4]_future_alpha_beta-[3, 5]",acc,simple_markov,0.013671875,True
"n_students-100_n_skills-5_smoothing-0.1_current_alpha_beta-[4, 4]_future_alpha_beta-[3, 5]",acc,random,0.0009765625,True
"n_students-100_n_skills-5_smoothing-0.1_current_alpha_beta-[4, 4]_future_alpha_beta-[3, 5]",acc,bayesian_network,0.0419921875,True
"n_students-100_n_skills-5_smoothing-0.1_current_alpha_beta-[4, 4]_future_alpha_beta-[4, 4]",acc,full_information,0.4140625,False
"n_students-100_n_skills-5_smoothing-0.1_current_alpha_beta-[4, 4]_future_alpha_beta-[4, 4]",acc,popularity,0.37109375,False
"n_students-100_n_skills-5_smoothing-0.1_current_alpha_beta-[4, 4]_future_alpha_beta-[4, 4]",acc,simple_markov,0.0185546875,True
"n_students-100_n_skills-5_smoothing-0.1_current_alpha_beta-[4, 4]_future_alpha_beta-[4, 4]",acc,random,0.0009765625,True
"n_students-100_n_skills-5_smoothing-0.1_current_alpha_beta-[4, 4]_future_alpha_beta-[4, 4]",acc,bayesian_network,0.0244140625,True
"n_students-100_n_skills-5_smoothing-0.1_current_alpha_beta-[4, 4]_future_alpha_beta-[5, 3]",acc,full_information,0.78125,False
"n_students-100_n_skills-5_smoothing-0.1_current_alpha_beta-[4, 4]_future_alpha_beta-[5, 3]",acc,popularity,0.3125,False
"n_students-100_n_skills-5_smoothing-0.1_current_alpha_beta-[4, 4]_future_alpha_beta-[5, 3]",acc,simple_markov,0.0244140625,True
"n_students-100_n_skills-5_smoothing-0.1_current_alpha_beta-[4, 4]_future_alpha_beta-[5, 3]",acc,random,0.0009765625,True
"n_students-100_n_skills-5_smoothing-0.1_current_alpha_beta-[4, 4]_future_alpha_beta-[5, 3]",acc,bayesian_network,0.001953125,True
"n_students-100_n_skills-5_smoothing-0.1_current_alpha_beta-[4, 4]_future_alpha_beta-[6, 2]",acc,full_information,0.1953125,False
"n_students-100_n_skills-5_smoothing-0.1_current_alpha_beta-[4, 4]_future_alpha_beta-[6, 2]",acc,popularity,0.65625,False
"n_students-100_n_skills-5_smoothing-0.1_current_alpha_beta-[4, 4]_future_alpha_beta-[6, 2]",acc,simple_markov,0.052734375,False
"n_students-100_n_skills-5_smoothing-0.1_current_alpha_beta-[4, 4]_future_alpha_beta-[6, 2]",acc,random,0.0009765625,True
"n_students-100_n_skills-5_smoothing-0.1_current_alpha_beta-[4, 4]_future_alpha_beta-[6, 2]",acc,bayesian_network,0.052734375,False
"n_students-100_n_skills-5_smoothing-0.1_current_alpha_beta-[5, 3]_future_alpha_beta-[2, 6]",acc,full_information,0.75,False
"n_students-100_n_skills-5_smoothing-0.1_current_alpha_beta-[5, 3]_future_alpha_beta-[2, 6]",acc,popularity,0.421875,False
"n_students-100_n_skills-5_smoothing-0.1_current_alpha_beta-[5, 3]_future_alpha_beta-[2, 6]",acc,simple_markov,0.1015625,False
"n_students-100_n_skills-5_smoothing-0.1_current_alpha_beta-[5, 3]_future_alpha_beta-[2, 6]",acc,random,0.0009765625,True
"n_students-100_n_skills-5_smoothing-0.1_current_alpha_beta-[5, 3]_future_alpha_beta-[2, 6]",acc,bayesian_network,0.1376953125,False
"n_students-100_n_skills-5_smoothing-0.1_current_alpha_beta-[5, 3]_future_alpha_beta-[3, 5]",acc,full_information,0.421875,False
"n_students-100_n_skills-5_smoothing-0.1_current_alpha_beta-[5, 3]_future_alpha_beta-[3, 5]",acc,popularity,0.7109375,False
"n_students-100_n_skills-5_smoothing-0.1_current_alpha_beta-[5, 3]_future_alpha_beta-[3, 5]",acc,simple_markov,0.544921875,False
"n_students-100_n_skills-5_smoothing-0.1_current_alpha_beta-[5, 3]_future_alpha_beta-[3, 5]",acc,random,0.0029296875,True
"n_students-100_n_skills-5_smoothing-0.1_current_alpha_beta-[5, 3]_future_alpha_beta-[3, 5]",acc,bayesian_network,0.685546875,False
"n_students-100_n_skills-5_smoothing-0.1_current_alpha_beta-[5, 3]_future_alpha_beta-[4, 4]",acc,full_information,0.2734375,False
"n_students-100_n_skills-5_smoothing-0.1_current_alpha_beta-[5, 3]_future_alpha_beta-[4, 4]",acc,popularity,0.5625,False
"n_students-100_n_skills-5_smoothing-0.1_current_alpha_beta-[5, 3]_future_alpha_beta-[4, 4]",acc,simple_markov,0.0234375,True
"n_students-100_n_skills-5_smoothing-0.1_current_alpha_beta-[5, 3]_future_alpha_beta-[4, 4]",acc,random,0.001953125,True
"n_students-100_n_skills-5_smoothing-0.1_current_alpha_beta-[5, 3]_future_alpha_beta-[4, 4]",acc,bayesian_network,0.224609375,False
"n_students-100_n_skills-5_smoothing-0.1_current_alpha_beta-[5, 3]_future_alpha_beta-[5, 3]",acc,full_information,0.9609375,False
"n_students-100_n_skills-5_smoothing-0.1_current_alpha_beta-[5, 3]_future_alpha_beta-[5, 3]",acc,popularity,0.953125,False
"n_students-100_n_skills-5_smoothing-0.1_current_alpha_beta-[5, 3]_future_alpha_beta-[5, 3]",acc,simple_markov,0.8388671875,False
"n_students-100_n_skills-5_smoothing-0.1_current_alpha_beta-[5, 3]_future_alpha_beta-[5, 3]",acc,random,0.0009765625,True
"n_students-100_n_skills-5_smoothing-0.1_current_alpha_beta-[5, 3]_future_alpha_beta-[5, 3]",acc,bayesian_network,0.384765625,False
"n_students-100_n_skills-5_smoothing-0.1_current_alpha_beta-[5, 3]_future_alpha_beta-[6, 2]",acc,full_information,0.25,False
"n_students-100_n_skills-5_smoothing-0.1_current_alpha_beta-[5, 3]_future_alpha_beta-[6, 2]",acc,popularity,0.28125,False
"n_students-100_n_skills-5_smoothing-0.1_current_alpha_beta-[5, 3]_future_alpha_beta-[6, 2]",acc,simple_markov,0.03125,True
"n_students-100_n_skills-5_smoothing-0.1_current_alpha_beta-[5, 3]_future_alpha_beta-[6, 2]",acc,random,0.0048828125,True
"n_students-100_n_skills-5_smoothing-0.1_current_alpha_beta-[5, 3]_future_alpha_beta-[6, 2]",acc,bayesian_network,0.095703125,False
"n_students-100_n_skills-5_smoothing-0.1_current_alpha_beta-[6, 2]_future_alpha_beta-[2, 6]",acc,full_information,0.75,False
"n_students-100_n_skills-5_smoothing-0.1_current_alpha_beta-[6, 2]_future_alpha_beta-[2, 6]",acc,popularity,0.90625,False
"n_students-100_n_skills-5_smoothing-0.1_current_alpha_beta-[6, 2]_future_alpha_beta-[2, 6]",acc,simple_markov,0.85546875,False
"n_students-100_n_skills-5_smoothing-0.1_current_alpha_beta-[6, 2]_future_alpha_beta-[2, 6]",acc,random,0.0048828125,True
"n_students-100_n_skills-5_smoothing-0.1_current_alpha_beta-[6, 2]_future_alpha_beta-[2, 6]",acc,bayesian_network,0.6328125,False
"n_students-100_n_skills-5_smoothing-0.1_current_alpha_beta-[6, 2]_future_alpha_beta-[3, 5]",acc,full_information,0.640625,False
"n_students-100_n_skills-5_smoothing-0.1_current_alpha_beta-[6, 2]_future_alpha_beta-[3, 5]",acc,popularity,0.6875,False
"n_students-100_n_skills-5_smoothing-0.1_current_alpha_beta-[6, 2]_future_alpha_beta-[3, 5]",acc,simple_markov,0.267578125,False
"n_students-100_n_skills-5_smoothing-0.1_current_alpha_beta-[6, 2]_future_alpha_beta-[3, 5]",acc,random,0.0029296875,True
"n_students-100_n_skills-5_smoothing-0.1_current_alpha_beta-[6, 2]_future_alpha_beta-[3, 5]",acc,bayesian_network,0.166015625,False
"n_students-100_n_skills-5_smoothing-0.1_current_alpha_beta-[6, 2]_future_alpha_beta-[4, 4]",acc,full_information,0.890625,False
"n_students-100_n_skills-5_smoothing-0.1_current_alpha_beta-[6, 2]_future_alpha_beta-[4, 4]",acc,popularity,0.9375,False
"n_students-100_n_skills-5_smoothing-0.1_current_alpha_beta-[6, 2]_future_alpha_beta-[4, 4]",acc,simple_markov,0.76171875,False
"n_students-100_n_skills-5_smoothing-0.1_current_alpha_beta-[6, 2]_future_alpha_beta-[4, 4]",acc,random,0.0185546875,True
"n_students-100_n_skills-5_smoothing-0.1_current_alpha_beta-[6, 2]_future_alpha_beta-[4, 4]",acc,bayesian_network,0.5390625,False
"n_students-100_n_skills-5_smoothing-0.1_current_alpha_beta-[6, 2]_future_alpha_beta-[5, 3]",acc,full_information,0.671875,False
"n_students-100_n_skills-5_smoothing-0.1_current_alpha_beta-[6, 2]_future_alpha_beta-[5, 3]",acc,popularity,0.625,False
"n_students-100_n_skills-5_smoothing-0.1_current_alpha_beta-[6, 2]_future_alpha_beta-[5, 3]",acc,simple_markov,0.130859375,False
"n_students-100_n_skills-5_smoothing-0.1_current_alpha_beta-[6, 2]_future_alpha_beta-[5, 3]",acc,random,0.001953125,True
"n_students-100_n_skills-5_smoothing-0.1_current_alpha_beta-[6, 2]_future_alpha_beta-[5, 3]",acc,bayesian_network,0.19140625,False
"n_students-100_n_skills-5_smoothing-0.1_current_alpha_beta-[6, 2]_future_alpha_beta-[6, 2]",acc,full_information,0.578125,False
"n_students-100_n_skills-5_smoothing-0.1_current_alpha_beta-[6, 2]_future_alpha_beta-[6, 2]",acc,popularity,1.0,False
"n_students-100_n_skills-5_smoothing-0.1_current_alpha_beta-[6, 2]_future_alpha_beta-[6, 2]",acc,simple_markov,0.556640625,False
"n_students-100_n_skills-5_smoothing-0.1_current_alpha_beta-[6, 2]_future_alpha_beta-[6, 2]",acc,random,0.0009765625,True
"n_students-100_n_skills-5_smoothing-0.1_current_alpha_beta-[6, 2]_future_alpha_beta-[6, 2]",acc,bayesian_network,0.287109375,False
"n_students-100_n_skills-5_smoothing-0.3_current_alpha_beta-[2, 6]_future_alpha_beta-[2, 6]",acc,full_information,0.7734375,False
"n_students-100_n_skills-5_smoothing-0.3_current_alpha_beta-[2, 6]_future_alpha_beta-[2, 6]",acc,popularity,1.0,False
"n_students-100_n_skills-5_smoothing-0.3_current_alpha_beta-[2, 6]_future_alpha_beta-[2, 6]",acc,simple_markov,0.65234375,False
"n_students-100_n_skills-5_smoothing-0.3_current_alpha_beta-[2, 6]_future_alpha_beta-[2, 6]",acc,random,0.0009765625,True
"n_students-100_n_skills-5_smoothing-0.3_current_alpha_beta-[2, 6]_future_alpha_beta-[2, 6]",acc,bayesian_network,0.6875,False
"n_students-100_n_skills-5_smoothing-0.3_current_alpha_beta-[2, 6]_future_alpha_beta-[3, 5]",acc,full_information,0.828125,False
"n_students-100_n_skills-5_smoothing-0.3_current_alpha_beta-[2, 6]_future_alpha_beta-[3, 5]",acc,popularity,0.2890625,False
"n_students-100_n_skills-5_smoothing-0.3_current_alpha_beta-[2, 6]_future_alpha_beta-[3, 5]",acc,simple_markov,0.0400390625,True
"n_students-100_n_skills-5_smoothing-0.3_current_alpha_beta-[2, 6]_future_alpha_beta-[3, 5]",acc,random,0.0009765625,True
"n_students-100_n_skills-5_smoothing-0.3_current_alpha_beta-[2, 6]_future_alpha_beta-[3, 5]",acc,bayesian_network,0.01953125,True
"n_students-100_n_skills-5_smoothing-0.3_current_alpha_beta-[2, 6]_future_alpha_beta-[4, 4]",acc,full_information,0.544921875,False
"n_students-100_n_skills-5_smoothing-0.3_current_alpha_beta-[2, 6]_future_alpha_beta-[4, 4]",acc,popularity,0.5,False
"n_students-100_n_skills-5_smoothing-0.3_current_alpha_beta-[2, 6]_future_alpha_beta-[4, 4]",acc,simple_markov,0.0009765625,True
"n_students-100_n_skills-5_smoothing-0.3_current_alpha_beta-[2, 6]_future_alpha_beta-[4, 4]",acc,random,0.0009765625,True
"n_students-100_n_skills-5_smoothing-0.3_current_alpha_beta-[2, 6]_future_alpha_beta-[4, 4]",acc,bayesian_network,0.083984375,False
"n_students-100_n_skills-5_smoothing-0.3_current_alpha_beta-[2, 6]_future_alpha_beta-[5, 3]",acc,full_information,0.90625,False
"n_students-100_n_skills-5_smoothing-0.3_current_alpha_beta-[2, 6]_future_alpha_beta-[5, 3]",acc,popularity,0.921875,False
"n_students-100_n_skills-5_smoothing-0.3_current_alpha_beta-[2, 6]_future_alpha_beta-[5, 3]",acc,simple_markov,0.052734375,False
"n_students-100_n_skills-5_smoothing-0.3_current_alpha_beta-[2, 6]_future_alpha_beta-[5, 3]",acc,random,0.0009765625,True
"n_students-100_n_skills-5_smoothing-0.3_current_alpha_beta-[2, 6]_future_alpha_beta-[5, 3]",acc,bayesian_network,0.0927734375,False
"n_students-100_n_skills-5_smoothing-0.3_current_alpha_beta-[2, 6]_future_alpha_beta-[6, 2]",acc,full_information,0.6796875,False
"n_students-100_n_skills-5_smoothing-0.3_current_alpha_beta-[2, 6]_future_alpha_beta-[6, 2]",acc,popularity,0.234375,False
"n_students-100_n_skills-5_smoothing-0.3_current_alpha_beta-[2, 6]_future_alpha_beta-[6, 2]",acc,simple_markov,0.009765625,True
"n_students-100_n_skills-5_smoothing-0.3_current_alpha_beta-[2, 6]_future_alpha_beta-[6, 2]",acc,random,0.0009765625,True
"n_students-100_n_skills-5_smoothing-0.3_current_alpha_beta-[2, 6]_future_alpha_beta-[6, 2]",acc,bayesian_network,0.009765625,True
"n_students-100_n_skills-5_smoothing-0.3_current_alpha_beta-[3, 5]_future_alpha_beta-[2, 6]",acc,full_information,0.359375,False
"n_students-100_n_skills-5_smoothing-0.3_current_alpha_beta-[3, 5]_future_alpha_beta-[2, 6]",acc,popularity,0.59375,False
"n_students-100_n_skills-5_smoothing-0.3_current_alpha_beta-[3, 5]_future_alpha_beta-[2, 6]",acc,simple_markov,0.052734375,False
"n_students-100_n_skills-5_smoothing-0.3_current_alpha_beta-[3, 5]_future_alpha_beta-[2, 6]",acc,random,0.0009765625,True
"n_students-100_n_skills-5_smoothing-0.3_current_alpha_beta-[3, 5]_future_alpha_beta-[2, 6]",acc,bayesian_network,0.048828125,True
"n_students-100_n_skills-5_smoothing-0.3_current_alpha_beta-[3, 5]_future_alpha_beta-[3, 5]",acc,full_information,0.998046875,False
"n_students-100_n_skills-5_smoothing-0.3_current_alpha_beta-[3, 5]_future_alpha_beta-[3, 5]",acc,popularity,0.544921875,False
"n_students-100_n_skills-5_smoothing-0.3_current_alpha_beta-[3, 5]_future_alpha_beta-[3, 5]",acc,simple_markov,0.6875,False
"n_students-100_n_skills-5_smoothing-0.3_current_alpha_beta-[3, 5]_future_alpha_beta-[3, 5]",acc,random,0.0009765625,True
"n_students-100_n_skills-5_smoothing-0.3_current_alpha_beta-[3, 5]_future_alpha_beta-[3, 5]",acc,bayesian_network,0.375,False
"n_students-100_n_skills-5_smoothing-0.3_current_alpha_beta-[3, 5]_future_alpha_beta-[4, 4]",acc,full_information,0.625,False
"n_students-100_n_skills-5_smoothing-0.3_current_alpha_beta-[3, 5]_future_alpha_beta-[4, 4]",acc,popularity,0.23046875,False
"n_students-100_n_skills-5_smoothing-0.3_current_alpha_beta-[3, 5]_future_alpha_beta-[4, 4]",acc,simple_markov,0.1162109375,False
"n_students-100_n_skills-5_smoothing-0.3_current_alpha_beta-[3, 5]_future_alpha_beta-[4, 4]",acc,random,0.0009765625,True
"n_students-100_n_skills-5_smoothing-0.3_current_alpha_beta-[3, 5]_future_alpha_beta-[4, 4]",acc,bayesian_network,0.0244140625,True
"n_students-100_n_skills-5_smoothing-0.3_current_alpha_beta-[3, 5]_future_alpha_beta-[5, 3]",acc,full_information,0.76953125,False
"n_students-100_n_skills-5_smoothing-0.3_current_alpha_beta-[3, 5]_future_alpha_beta-[5, 3]",acc,popularity,0.765625,False
"n_students-100_n_skills-5_smoothing-0.3_current_alpha_beta-[3, 5]_future_alpha_beta-[5, 3]",acc,simple_markov,0.080078125,False
"n_students-100_n_skills-5_smoothing-0.3_current_alpha_beta-[3, 5]_future_alpha_beta-[5, 3]",acc,random,0.0009765625,True
"n_students-100_n_skills-5_smoothing-0.3_current_alpha_beta-[3, 5]_future_alpha_beta-[5, 3]",acc,bayesian_network,0.0966796875,False
"n_students-100_n_skills-5_smoothing-0.3_current_alpha_beta-[3, 5]_future_alpha_beta-[6, 2]",acc,full_information,0.4921875,False
"n_students-100_n_skills-5_smoothing-0.3_current_alpha_beta-[3, 5]_future_alpha_beta-[6, 2]",acc,popularity,0.578125,False
"n_students-100_n_skills-5_smoothing-0.3_current_alpha_beta-[3, 5]_future_alpha_beta-[6, 2]",acc,simple_markov,0.0048828125,True
"n_students-100_n_skills-5_smoothing-0.3_current_alpha_beta-[3, 5]_future_alpha_beta-[6, 2]",acc,random,0.0009765625,True
"n_students-100_n_skills-5_smoothing-0.3_current_alpha_beta-[3, 5]_future_alpha_beta-[6, 2]",acc,bayesian_network,0.00390625,True
"n_students-100_n_skills-5_smoothing-0.3_current_alpha_beta-[4, 4]_future_alpha_beta-[2, 6]",acc,full_information,0.4375,False
"n_students-100_n_skills-5_smoothing-0.3_current_alpha_beta-[4, 4]_future_alpha_beta-[2, 6]",acc,popularity,0.6171875,False
"n_students-100_n_skills-5_smoothing-0.3_current_alpha_beta-[4, 4]_future_alpha_beta-[2, 6]",acc,simple_markov,0.0546875,False
"n_students-100_n_skills-5_smoothing-0.3_current_alpha_beta-[4, 4]_future_alpha_beta-[2, 6]",acc,random,0.001953125,True
"n_students-100_n_skills-5_smoothing-0.3_current_alpha_beta-[4, 4]_future_alpha_beta-[2, 6]",acc,bayesian_network,0.0927734375,False
"n_students-100_n_skills-5_smoothing-0.3_current_alpha_beta-[4, 4]_future_alpha_beta-[3, 5]",acc,full_information,0.05078125,False
"n_students-100_n_skills-5_smoothing-0.3_current_alpha_beta-[4, 4]_future_alpha_beta-[3, 5]",acc,popularity,0.40625,False
"n_students-100_n_skills-5_smoothing-0.3_current_alpha_beta-[4, 4]_future_alpha_beta-[3, 5]",acc,simple_markov,0.001953125,True
"n_students-100_n_skills-5_smoothing-0.3_current_alpha_beta-[4, 4]_future_alpha_beta-[3, 5]",acc,random,0.0009765625,True
"n_students-100_n_skills-5_smoothing-0.3_current_alpha_beta-[4, 4]_future_alpha_beta-[3, 5]",acc,bayesian_network,0.0009765625,True
"n_students-100_n_skills-5_smoothing-0.3_current_alpha_beta-[4, 4]_future_alpha_beta-[4, 4]",acc,full_information,0.849609375,False
"n_students-100_n_skills-5_smoothing-0.3_current_alpha_beta-[4, 4]_future_alpha_beta-[4, 4]",acc,popularity,0.37109375,False
"n_students-100_n_skills-5_smoothing-0.3_current_alpha_beta-[4, 4]_future_alpha_beta-[4, 4]",acc,simple_markov,0.2158203125,False
"n_students-100_n_skills-5_smoothing-0.3_current_alpha_beta-[4, 4]_future_alpha_beta-[4, 4]",acc,random,0.0009765625,True
"n_students-100_n_skills-5_smoothing-0.3_current_alpha_beta-[4, 4]_future_alpha_beta-[4, 4]",acc,bayesian_network,0.0966796875,False
"n_students-100_n_skills-5_smoothing-0.3_current_alpha_beta-[4, 4]_future_alpha_beta-[5, 3]",acc,full_information,0.8125,False
"n_students-100_n_skills-5_smoothing-0.3_current_alpha_beta-[4, 4]_future_alpha_beta-[5, 3]",acc,popularity,0.9921875,False
"n_students-100_n_skills-5_smoothing-0.3_current_alpha_beta-[4, 4]_future_alpha_beta-[5, 3]",acc,simple_markov,0.75390625,False
"n_students-100_n_skills-5_smoothing-0.3_current_alpha_beta-[4, 4]_future_alpha_beta-[5, 3]",acc,random,0.001953125,True
"n_students-100_n_skills-5_smoothing-0.3_current_alpha_beta-[4, 4]_future_alpha_beta-[5, 3]",acc,bayesian_network,0.7841796875,False
"n_students-100_n_skills-5_smoothing-0.3_current_alpha_beta-[4, 4]_future_alpha_beta-[6, 2]",acc,full_information,0.8203125,False
"n_students-100_n_skills-5_smoothing-0.3_current_alpha_beta-[4, 4]_future_alpha_beta-[6, 2]",acc,popularity,0.96875,False
"n_students-100_n_skills-5_smoothing-0.3_current_alpha_beta-[4, 4]_future_alpha_beta-[6, 2]",acc,simple_markov,0.03515625,True
"n_students-100_n_skills-5_smoothing-0.3_current_alpha_beta-[4, 4]_future_alpha_beta-[6, 2]",acc,random,0.001953125,True
"n_students-100_n_skills-5_smoothing-0.3_current_alpha_beta-[4, 4]_future_alpha_beta-[6, 2]",acc,bayesian_network,0.052734375,False
"n_students-100_n_skills-5_smoothing-0.3_current_alpha_beta-[5, 3]_future_alpha_beta-[2, 6]",acc,full_information,0.69140625,False
"n_students-100_n_skills-5_smoothing-0.3_current_alpha_beta-[5, 3]_future_alpha_beta-[2, 6]",acc,popularity,0.9453125,False
"n_students-100_n_skills-5_smoothing-0.3_current_alpha_beta-[5, 3]_future_alpha_beta-[2, 6]",acc,simple_markov,0.8232421875,False
"n_students-100_n_skills-5_smoothing-0.3_current_alpha_beta-[5, 3]_future_alpha_beta-[2, 6]",acc,random,0.0009765625,True
"n_students-100_n_skills-5_smoothing-0.3_current_alpha_beta-[5, 3]_future_alpha_beta-[2, 6]",acc,bayesian_network,0.673828125,False
"n_students-100_n_skills-5_smoothing-0.3_current_alpha_beta-[5, 3]_future_alpha_beta-[3, 5]",acc,full_information,0.7109375,False
"n_students-100_n_skills-5_smoothing-0.3_current_alpha_beta-[5, 3]_future_alpha_beta-[3, 5]",acc,popularity,0.90625,False
"n_students-100_n_skills-5_smoothing-0.3_current_alpha_beta-[5, 3]_future_alpha_beta-[3, 5]",acc,simple_markov,0.23828125,False
"n_students-100_n_skills-5_smoothing-0.3_current_alpha_beta-[5, 3]_future_alpha_beta-[3, 5]",acc,random,0.0009765625,True
"n_students-100_n_skills-5_smoothing-0.3_current_alpha_beta-[5, 3]_future_alpha_beta-[3, 5]",acc,bayesian_network,0.212890625,False
"n_students-100_n_skills-5_smoothing-0.3_current_alpha_beta-[5, 3]_future_alpha_beta-[4, 4]",acc,full_information,0.52734375,False
"n_students-100_n_skills-5_smoothing-0.3_current_alpha_beta-[5, 3]_future_alpha_beta-[4, 4]",acc,popularity,0.4375,False
"n_students-100_n_skills-5_smoothing-0.3_current_alpha_beta-[5, 3]_future_alpha_beta-[4, 4]",acc,simple_markov,0.3046875,False
"n_students-100_n_skills-5_smoothing-0.3_current_alpha_beta-[5, 3]_future_alpha_beta-[4, 4]",acc,random,0.001953125,True
"n_students-100_n_skills-5_smoothing-0.3_current_alpha_beta-[5, 3]_future_alpha_beta-[4, 4]",acc,bayesian_network,0.1875,False
"n_students-100_n_skills-5_smoothing-0.3_current_alpha_beta-[5, 3]_future_alpha_beta-[5, 3]",acc,full_information,0.9453125,False
"n_students-100_n_skills-5_smoothing-0.3_current_alpha_beta-[5, 3]_future_alpha_beta-[5, 3]",acc,popularity,0.96875,False
"n_students-100_n_skills-5_smoothing-0.3_current_alpha_beta-[5, 3]_future_alpha_beta-[5, 3]",acc,simple_markov,0.7841796875,False
"n_students-100_n_skills-5_smoothing-0.3_current_alpha_beta-[5, 3]_future_alpha_beta-[5, 3]",acc,random,0.001953125,True
"n_students-100_n_skills-5_smoothing-0.3_current_alpha_beta-[5, 3]_future_alpha_beta-[5, 3]",acc,bayesian_network,0.751953125,False
"n_students-100_n_skills-5_smoothing-0.3_current_alpha_beta-[5, 3]_future_alpha_beta-[6, 2]",acc,full_information,0.890625,False
"n_students-100_n_skills-5_smoothing-0.3_current_alpha_beta-[5, 3]_future_alpha_beta-[6, 2]",acc,popularity,0.5,False
"n_students-100_n_skills-5_smoothing-0.3_current_alpha_beta-[5, 3]_future_alpha_beta-[6, 2]",acc,simple_markov,0.41015625,False
"n_students-100_n_skills-5_smoothing-0.3_current_alpha_beta-[5, 3]_future_alpha_beta-[6, 2]",acc,random,0.0048828125,True
"n_students-100_n_skills-5_smoothing-0.3_current_alpha_beta-[5, 3]_future_alpha_beta-[6, 2]",acc,bayesian_network,0.5390625,False
"n_students-100_n_skills-5_smoothing-0.3_current_alpha_beta-[6, 2]_future_alpha_beta-[2, 6]",acc,full_information,0.2890625,False
"n_students-100_n_skills-5_smoothing-0.3_current_alpha_beta-[6, 2]_future_alpha_beta-[2, 6]",acc,popularity,0.875,False
"n_students-100_n_skills-5_smoothing-0.3_current_alpha_beta-[6, 2]_future_alpha_beta-[2, 6]",acc,simple_markov,0.70703125,False
"n_students-100_n_skills-5_smoothing-0.3_current_alpha_beta-[6, 2]_future_alpha_beta-[2, 6]",acc,random,0.0419921875,True
"n_students-100_n_skills-5_smoothing-0.3_current_alpha_beta-[6, 2]_future_alpha_beta-[2, 6]",acc,bayesian_network,0.41015625,False
"n_students-100_n_skills-5_smoothing-0.3_current_alpha_beta-[6, 2]_future_alpha_beta-[3, 5]",acc,full_information,0.40625,False
"n_students-100_n_skills-5_smoothing-0.3_current_alpha_beta-[6, 2]_future_alpha_beta-[3, 5]",acc,popularity,0.5625,False
"n_students-100_n_skills-5_smoothing-0.3_current_alpha_beta-[6, 2]_future_alpha_beta-[3, 5]",acc,simple_markov,0.0390625,True
"n_students-100_n_skills-5_smoothing-0.3_current_alpha_beta-[6, 2]_future_alpha_beta-[3, 5]",acc,random,0.001953125,True
"n_students-100_n_skills-5_smoothing-0.3_current_alpha_beta-[6, 2]_future_alpha_beta-[3, 5]",acc,bayesian_network,0.048828125,True
"n_students-100_n_skills-5_smoothing-0.3_current_alpha_beta-[6, 2]_future_alpha_beta-[4, 4]",acc,full_information,0.96875,False
"n_students-100_n_skills-5_smoothing-0.3_current_alpha_beta-[6, 2]_future_alpha_beta-[4, 4]",acc,popularity,0.9765625,False
"n_students-100_n_skills-5_smoothing-0.3_current_alpha_beta-[6, 2]_future_alpha_beta-[4, 4]",acc,simple_markov,0.83203125,False
"n_students-100_n_skills-5_smoothing-0.3_current_alpha_beta-[6, 2]_future_alpha_beta-[4, 4]",acc,random,0.0029296875,True
"n_students-100_n_skills-5_smoothing-0.3_current_alpha_beta-[6, 2]_future_alpha_beta-[4, 4]",acc,bayesian_network,0.875,False
"n_students-100_n_skills-5_smoothing-0.3_current_alpha_beta-[6, 2]_future_alpha_beta-[5, 3]",acc,full_information,0.578125,False
"n_students-100_n_skills-5_smoothing-0.3_current_alpha_beta-[6, 2]_future_alpha_beta-[5, 3]",acc,popularity,0.576171875,False
"n_students-100_n_skills-5_smoothing-0.3_current_alpha_beta-[6, 2]_future_alpha_beta-[5, 3]",acc,simple_markov,0.2734375,False
"n_students-100_n_skills-5_smoothing-0.3_current_alpha_beta-[6, 2]_future_alpha_beta-[5, 3]",acc,random,0.029296875,True
"n_students-100_n_skills-5_smoothing-0.3_current_alpha_beta-[6, 2]_future_alpha_beta-[5, 3]",acc,bayesian_network,0.53125,False
"n_students-100_n_skills-5_smoothing-0.3_current_alpha_beta-[6, 2]_future_alpha_beta-[6, 2]",acc,full_information,0.681640625,False
"n_students-100_n_skills-5_smoothing-0.3_current_alpha_beta-[6, 2]_future_alpha_beta-[6, 2]",acc,popularity,0.5546875,False
"n_students-100_n_skills-5_smoothing-0.3_current_alpha_beta-[6, 2]_future_alpha_beta-[6, 2]",acc,simple_markov,0.037109375,True
"n_students-100_n_skills-5_smoothing-0.3_current_alpha_beta-[6, 2]_future_alpha_beta-[6, 2]",acc,random,0.0068359375,True
"n_students-100_n_skills-5_smoothing-0.3_current_alpha_beta-[6, 2]_future_alpha_beta-[6, 2]",acc,bayesian_network,0.025390625,True
"n_students-100_n_skills-5_smoothing-0.5_current_alpha_beta-[2, 6]_future_alpha_beta-[2, 6]",acc,full_information,0.1484375,False
"n_students-100_n_skills-5_smoothing-0.5_current_alpha_beta-[2, 6]_future_alpha_beta-[2, 6]",acc,popularity,0.83984375,False
"n_students-100_n_skills-5_smoothing-0.5_current_alpha_beta-[2, 6]_future_alpha_beta-[2, 6]",acc,simple_markov,0.25390625,False
"n_students-100_n_skills-5_smoothing-0.5_current_alpha_beta-[2, 6]_future_alpha_beta-[2, 6]",acc,random,0.0009765625,True
"n_students-100_n_skills-5_smoothing-0.5_current_alpha_beta-[2, 6]_future_alpha_beta-[2, 6]",acc,bayesian_network,0.3671875,False
"n_students-100_n_skills-5_smoothing-0.5_current_alpha_beta-[2, 6]_future_alpha_beta-[3, 5]",acc,full_information,0.673828125,False
"n_students-100_n_skills-5_smoothing-0.5_current_alpha_beta-[2, 6]_future_alpha_beta-[3, 5]",acc,popularity,0.998046875,False
"n_students-100_n_skills-5_smoothing-0.5_current_alpha_beta-[2, 6]_future_alpha_beta-[3, 5]",acc,simple_markov,0.2783203125,False
"n_students-100_n_skills-5_smoothing-0.5_current_alpha_beta-[2, 6]_future_alpha_beta-[3, 5]",acc,random,0.0009765625,True
"n_students-100_n_skills-5_smoothing-0.5_current_alpha_beta-[2, 6]_future_alpha_beta-[3, 5]",acc,bayesian_network,0.5390625,False
"n_students-100_n_skills-5_smoothing-0.5_current_alpha_beta-[2, 6]_future_alpha_beta-[4, 4]",acc,full_information,0.8203125,False
"n_students-100_n_skills-5_smoothing-0.5_current_alpha_beta-[2, 6]_future_alpha_beta-[4, 4]",acc,popularity,0.3984375,False
"n_students-100_n_skills-5_smoothing-0.5_current_alpha_beta-[2, 6]_future_alpha_beta-[4, 4]",acc,simple_markov,0.1162109375,False
"n_students-100_n_skills-5_smoothing-0.5_current_alpha_beta-[2, 6]_future_alpha_beta-[4, 4]",acc,random,0.0009765625,True
"n_students-100_n_skills-5_smoothing-0.5_current_alpha_beta-[2, 6]_future_alpha_beta-[4, 4]",acc,bayesian_network,0.150390625,False
"n_students-100_n_skills-5_smoothing-0.5_current_alpha_beta-[2, 6]_future_alpha_beta-[5, 3]",acc,full_information,0.544921875,False
"n_students-100_n_skills-5_smoothing-0.5_current_alpha_beta-[2, 6]_future_alpha_beta-[5, 3]",acc,popularity,0.578125,False
"n_students-100_n_skills-5_smoothing-0.5_current_alpha_beta-[2, 6]_future_alpha_beta-[5, 3]",acc,simple_markov,0.08203125,False
"n_students-100_n_skills-5_smoothing-0.5_current_alpha_beta-[2, 6]_future_alpha_beta-[5, 3]",acc,random,0.0009765625,True
"n_students-100_n_skills-5_smoothing-0.5_current_alpha_beta-[2, 6]_future_alpha_beta-[5, 3]",acc,bayesian_network,0.23046875,False
"n_students-100_n_skills-5_smoothing-0.5_current_alpha_beta-[2, 6]_future_alpha_beta-[6, 2]",acc,full_information,0.7841796875,False
"n_students-100_n_skills-5_smoothing-0.5_current_alpha_beta-[2, 6]_future_alpha_beta-[6, 2]",acc,popularity,0.71875,False
"n_students-100_n_skills-5_smoothing-0.5_current_alpha_beta-[2, 6]_future_alpha_beta-[6, 2]",acc,simple_markov,0.052734375,False
"n_students-100_n_skills-5_smoothing-0.5_current_alpha_beta-[2, 6]_future_alpha_beta-[6, 2]",acc,random,0.001953125,True
"n_students-100_n_skills-5_smoothing-0.5_current_alpha_beta-[2, 6]_future_alpha_beta-[6, 2]",acc,bayesian_network,0.2158203125,False
"n_students-100_n_skills-5_smoothing-0.5_current_alpha_beta-[3, 5]_future_alpha_beta-[2, 6]",acc,full_information,0.787109375,False
"n_students-100_n_skills-5_smoothing-0.5_current_alpha_beta-[3, 5]_future_alpha_beta-[2, 6]",acc,popularity,0.544921875,False
"n_students-100_n_skills-5_smoothing-0.5_current_alpha_beta-[3, 5]_future_alpha_beta-[2, 6]",acc,simple_markov,0.064453125,False
"n_students-100_n_skills-5_smoothing-0.5_current_alpha_beta-[3, 5]_future_alpha_beta-[2, 6]",acc,random,0.0029296875,True
"n_students-100_n_skills-5_smoothing-0.5_current_alpha_beta-[3, 5]_future_alpha_beta-[2, 6]",acc,bayesian_network,0.2734375,False
"n_students-100_n_skills-5_smoothing-0.5_current_alpha_beta-[3, 5]_future_alpha_beta-[3, 5]",acc,full_information,0.412109375,False
"n_students-100_n_skills-5_smoothing-0.5_current_alpha_beta-[3, 5]_future_alpha_beta-[3, 5]",acc,popularity,0.47265625,False
"n_students-100_n_skills-5_smoothing-0.5_current_alpha_beta-[3, 5]_future_alpha_beta-[3, 5]",acc,simple_markov,0.02734375,True
"n_students-100_n_skills-5_smoothing-0.5_current_alpha_beta-[3, 5]_future_alpha_beta-[3, 5]",acc,random,0.001953125,True
"n_students-100_n_skills-5_smoothing-0.5_current_alpha_beta-[3, 5]_future_alpha_beta-[3, 5]",acc,bayesian_network,0.1162109375,False
"n_students-100_n_skills-5_smoothing-0.5_current_alpha_beta-[3, 5]_future_alpha_beta-[4, 4]",acc,full_information,0.1875,False
"n_students-100_n_skills-5_smoothing-0.5_current_alpha_beta-[3, 5]_future_alpha_beta-[4, 4]",acc,popularity,0.65625,False
"n_students-100_n_skills-5_smoothing-0.5_current_alpha_beta-[3, 5]_future_alpha_beta-[4, 4]",acc,simple_markov,0.1826171875,False
"n_students-100_n_skills-5_smoothing-0.5_current_alpha_beta-[3, 5]_future_alpha_beta-[4, 4]",acc,random,0.001953125,True
"n_students-100_n_skills-5_smoothing-0.5_current_alpha_beta-[3, 5]_future_alpha_beta-[4, 4]",acc,bayesian_network,0.4609375,False
"n_students-100_n_skills-5_smoothing-0.5_current_alpha_beta-[3, 5]_future_alpha_beta-[5, 3]",acc,full_information,0.97265625,False
"n_students-100_n_skills-5_smoothing-0.5_current_alpha_beta-[3, 5]_future_alpha_beta-[5, 3]",acc,popularity,0.9921875,False
"n_students-100_n_skills-5_smoothing-0.5_current_alpha_beta-[3, 5]_future_alpha_beta-[5, 3]",acc,simple_markov,0.5771484375,False
"n_students-100_n_skills-5_smoothing-0.5_current_alpha_beta-[3, 5]_future_alpha_beta-[5, 3]",acc,random,0.0009765625,True
"n_students-100_n_skills-5_smoothing-0.5_current_alpha_beta-[3, 5]_future_alpha_beta-[5, 3]",acc,bayesian_network,0.4609375,False
"n_students-100_n_skills-5_smoothing-0.5_current_alpha_beta-[3, 5]_future_alpha_beta-[6, 2]",acc,full_information,0.1611328125,False
"n_students-100_n_skills-5_smoothing-0.5_current_alpha_beta-[3, 5]_future_alpha_beta-[6, 2]",acc,popularity,0.150390625,False
"n_students-100_n_skills-5_smoothing-0.5_current_alpha_beta-[3, 5]_future_alpha_beta-[6, 2]",acc,simple_markov,0.02734375,True
"n_students-100_n_skills-5_smoothing-0.5_current_alpha_beta-[3, 5]_future_alpha_beta-[6, 2]",acc,random,0.0068359375,True
"n_students-100_n_skills-5_smoothing-0.5_current_alpha_beta-[3, 5]_future_alpha_beta-[6, 2]",acc,bayesian_network,0.0419921875,True
"n_students-100_n_skills-5_smoothing-0.5_current_alpha_beta-[4, 4]_future_alpha_beta-[2, 6]",acc,full_information,0.5,False
"n_students-100_n_skills-5_smoothing-0.5_current_alpha_beta-[4, 4]_future_alpha_beta-[2, 6]",acc,popularity,0.4716796875,False
"n_students-100_n_skills-5_smoothing-0.5_current_alpha_beta-[4, 4]_future_alpha_beta-[2, 6]",acc,simple_markov,0.115234375,False
"n_students-100_n_skills-5_smoothing-0.5_current_alpha_beta-[4, 4]_future_alpha_beta-[2, 6]",acc,random,0.0009765625,True
"n_students-100_n_skills-5_smoothing-0.5_current_alpha_beta-[4, 4]_future_alpha_beta-[2, 6]",acc,bayesian_network,0.205078125,False
"n_students-100_n_skills-5_smoothing-0.5_current_alpha_beta-[4, 4]_future_alpha_beta-[3, 5]",acc,full_information,0.41015625,False
"n_students-100_n_skills-5_smoothing-0.5_current_alpha_beta-[4, 4]_future_alpha_beta-[3, 5]",acc,popularity,0.1015625,False
"n_students-100_n_skills-5_smoothing-0.5_current_alpha_beta-[4, 4]_future_alpha_beta-[3, 5]",acc,simple_markov,0.0341796875,True
"n_students-100_n_skills-5_smoothing-0.5_current_alpha_beta-[4, 4]_future_alpha_beta-[3, 5]",acc,random,0.0048828125,True
"n_students-100_n_skills-5_smoothing-0.5_current_alpha_beta-[4, 4]_future_alpha_beta-[3, 5]",acc,bayesian_network,0.0185546875,True
"n_students-100_n_skills-5_smoothing-0.5_current_alpha_beta-[4, 4]_future_alpha_beta-[4, 4]",acc,full_information,0.24609375,False
"n_students-100_n_skills-5_smoothing-0.5_current_alpha_beta-[4, 4]_future_alpha_beta-[4, 4]",acc,popularity,0.5,False
"n_students-100_n_skills-5_smoothing-0.5_current_alpha_beta-[4, 4]_future_alpha_beta-[4, 4]",acc,simple_markov,0.0498046875,True
"n_students-100_n_skills-5_smoothing-0.5_current_alpha_beta-[4, 4]_future_alpha_beta-[4, 4]",acc,random,0.0009765625,True
"n_students-100_n_skills-5_smoothing-0.5_current_alpha_beta-[4, 4]_future_alpha_beta-[4, 4]",acc,bayesian_network,0.2783203125,False
"n_students-100_n_skills-5_smoothing-0.5_current_alpha_beta-[4, 4]_future_alpha_beta-[5, 3]",acc,full_information,0.455078125,False
"n_students-100_n_skills-5_smoothing-0.5_current_alpha_beta-[4, 4]_future_alpha_beta-[5, 3]",acc,popularity,0.4697265625,False
"n_students-100_n_skills-5_smoothing-0.5_current_alpha_beta-[4, 4]_future_alpha_beta-[5, 3]",acc,simple_markov,0.24609375,False
"n_students-100_n_skills-5_smoothing-0.5_current_alpha_beta-[4, 4]_future_alpha_beta-[5, 3]",acc,random,0.001953125,True
"n_students-100_n_skills-5_smoothing-0.5_current_alpha_beta-[4, 4]_future_alpha_beta-[5, 3]",acc,bayesian_network,0.1220703125,False
"n_students-100_n_skills-5_smoothing-0.5_current_alpha_beta-[4, 4]_future_alpha_beta-[6, 2]",acc,full_information,0.998046875,False
"n_students-100_n_skills-5_smoothing-0.5_current_alpha_beta-[4, 4]_future_alpha_beta-[6, 2]",acc,popularity,0.953125,False
"n_students-100_n_skills-5_smoothing-0.5_current_alpha_beta-[4, 4]_future_alpha_beta-[6, 2]",acc,simple_markov,0.71484375,False
"n_students-100_n_skills-5_smoothing-0.5_current_alpha_beta-[4, 4]_future_alpha_beta-[6, 2]",acc,random,0.013671875,True
"n_students-100_n_skills-5_smoothing-0.5_current_alpha_beta-[4, 4]_future_alpha_beta-[6, 2]",acc,bayesian_network,0.947265625,False
"n_students-100_n_skills-5_smoothing-0.5_current_alpha_beta-[5, 3]_future_alpha_beta-[2, 6]",acc,full_information,0.8359375,False
"n_students-100_n_skills-5_smoothing-0.5_current_alpha_beta-[5, 3]_future_alpha_beta-[2, 6]",acc,popularity,0.994140625,False
"n_students-100_n_skills-5_smoothing-0.5_current_alpha_beta-[5, 3]_future_alpha_beta-[2, 6]",acc,simple_markov,0.916015625,False
"n_students-100_n_skills-5_smoothing-0.5_current_alpha_beta-[5, 3]_future_alpha_beta-[2, 6]",acc,random,0.0068359375,True
"n_students-100_n_skills-5_smoothing-0.5_current_alpha_beta-[5, 3]_future_alpha_beta-[2, 6]",acc,bayesian_network,0.7421875,False
"n_students-100_n_skills-5_smoothing-0.5_current_alpha_beta-[5, 3]_future_alpha_beta-[3, 5]",acc,full_information,0.923828125,False
"n_students-100_n_skills-5_smoothing-0.5_current_alpha_beta-[5, 3]_future_alpha_beta-[3, 5]",acc,popularity,0.9296875,False
"n_students-100_n_skills-5_smoothing-0.5_current_alpha_beta-[5, 3]_future_alpha_beta-[3, 5]",acc,simple_markov,0.529296875,False
"n_students-100_n_skills-5_smoothing-0.5_current_alpha_beta-[5, 3]_future_alpha_beta-[3, 5]",acc,random,0.009765625,True
"n_students-100_n_skills-5_smoothing-0.5_current_alpha_beta-[5, 3]_future_alpha_beta-[3, 5]",acc,bayesian_network,0.2158203125,False
"n_students-100_n_skills-5_smoothing-0.5_current_alpha_beta-[5, 3]_future_alpha_beta-[4, 4]",acc,full_information,0.43359375,False
"n_students-100_n_skills-5_smoothing-0.5_current_alpha_beta-[5, 3]_future_alpha_beta-[4, 4]",acc,popularity,0.40625,False
"n_students-100_n_skills-5_smoothing-0.5_current_alpha_beta-[5, 3]_future_alpha_beta-[4, 4]",acc,simple_markov,0.1376953125,False
"n_students-100_n_skills-5_smoothing-0.5_current_alpha_beta-[5, 3]_future_alpha_beta-[4, 4]",acc,random,0.12109375,False
"n_students-100_n_skills-5_smoothing-0.5_current_alpha_beta-[5, 3]_future_alpha_beta-[4, 4]",acc,bayesian_network,0.1611328125,False
"n_students-100_n_skills-5_smoothing-0.5_current_alpha_beta-[5, 3]_future_alpha_beta-[5, 3]",acc,full_information,0.6962890625,False
"n_students-100_n_skills-5_smoothing-0.5_current_alpha_beta-[5, 3]_future_alpha_beta-[5, 3]",acc,popularity,0.556640625,False
"n_students-100_n_skills-5_smoothing-0.5_current_alpha_beta-[5, 3]_future_alpha_beta-[5, 3]",acc,simple_markov,0.248046875,False
"n_students-100_n_skills-5_smoothing-0.5_current_alpha_beta-[5, 3]_future_alpha_beta-[5, 3]",acc,random,0.013671875,True
"n_students-100_n_skills-5_smoothing-0.5_current_alpha_beta-[5, 3]_future_alpha_beta-[5, 3]",acc,bayesian_network,0.052734375,False
"n_students-100_n_skills-5_smoothing-0.5_current_alpha_beta-[5, 3]_future_alpha_beta-[6, 2]",acc,full_information,0.6875,False
"n_students-100_n_skills-5_smoothing-0.5_current_alpha_beta-[5, 3]_future_alpha_beta-[6, 2]",acc,popularity,0.234375,False
"n_students-100_n_skills-5_smoothing-0.5_current_alpha_beta-[5, 3]_future_alpha_beta-[6, 2]",acc,simple_markov,0.013671875,True
"n_students-100_n_skills-5_smoothing-0.5_current_alpha_beta-[5, 3]_future_alpha_beta-[6, 2]",acc,random,0.0185546875,True
"n_students-100_n_skills-5_smoothing-0.5_current_alpha_beta-[5, 3]_future_alpha_beta-[6, 2]",acc,bayesian_network,0.0302734375,True
"n_students-100_n_skills-5_smoothing-0.5_current_alpha_beta-[6, 2]_future_alpha_beta-[2, 6]",acc,full_information,0.845703125,False
"n_students-100_n_skills-5_smoothing-0.5_current_alpha_beta-[6, 2]_future_alpha_beta-[2, 6]",acc,popularity,0.97265625,False
"n_students-100_n_skills-5_smoothing-0.5_current_alpha_beta-[6, 2]_future_alpha_beta-[2, 6]",acc,simple_markov,0.5703125,False
"n_students-100_n_skills-5_smoothing-0.5_current_alpha_beta-[6, 2]_future_alpha_beta-[2, 6]",acc,random,0.0576171875,False
"n_students-100_n_skills-5_smoothing-0.5_current_alpha_beta-[6, 2]_future_alpha_beta-[2, 6]",acc,bayesian_network,0.3017578125,False
"n_students-100_n_skills-5_smoothing-0.5_current_alpha_beta-[6, 2]_future_alpha_beta-[3, 5]",acc,full_information,0.859375,False
"n_students-100_n_skills-5_smoothing-0.5_current_alpha_beta-[6, 2]_future_alpha_beta-[3, 5]",acc,popularity,0.5,False
"n_students-100_n_skills-5_smoothing-0.5_current_alpha_beta-[6, 2]_future_alpha_beta-[3, 5]",acc,simple_markov,0.0703125,False
"n_students-100_n_skills-5_smoothing-0.5_current_alpha_beta-[6, 2]_future_alpha_beta-[3, 5]",acc,random,0.0068359375,True
"n_students-100_n_skills-5_smoothing-0.5_current_alpha_beta-[6, 2]_future_alpha_beta-[3, 5]",acc,bayesian_network,0.037109375,True
"n_students-100_n_skills-5_smoothing-0.5_current_alpha_beta-[6, 2]_future_alpha_beta-[4, 4]",acc,full_information,0.4921875,False
"n_students-100_n_skills-5_smoothing-0.5_current_alpha_beta-[6, 2]_future_alpha_beta-[4, 4]",acc,popularity,0.7734375,False
"n_students-100_n_skills-5_smoothing-0.5_current_alpha_beta-[6, 2]_future_alpha_beta-[4, 4]",acc,simple_markov,0.248046875,False
"n_students-100_n_skills-5_smoothing-0.5_current_alpha_beta-[6, 2]_future_alpha_beta-[4, 4]",acc,random,0.0009765625,True
"n_students-100_n_skills-5_smoothing-0.5_current_alpha_beta-[6, 2]_future_alpha_beta-[4, 4]",acc,bayesian_network,0.3828125,False
"n_students-100_n_skills-5_smoothing-0.5_current_alpha_beta-[6, 2]_future_alpha_beta-[5, 3]",acc,full_information,0.60546875,False
"n_students-100_n_skills-5_smoothing-0.5_current_alpha_beta-[6, 2]_future_alpha_beta-[5, 3]",acc,popularity,0.7734375,False
"n_students-100_n_skills-5_smoothing-0.5_current_alpha_beta-[6, 2]_future_alpha_beta-[5, 3]",acc,simple_markov,0.2578125,False
"n_students-100_n_skills-5_smoothing-0.5_current_alpha_beta-[6, 2]_future_alpha_beta-[5, 3]",acc,random,0.0302734375,True
"n_students-100_n_skills-5_smoothing-0.5_current_alpha_beta-[6, 2]_future_alpha_beta-[5, 3]",acc,bayesian_network,0.22265625,False
"n_students-100_n_skills-5_smoothing-0.5_current_alpha_beta-[6, 2]_future_alpha_beta-[6, 2]",acc,full_information,1.0,False
"n_students-100_n_skills-5_smoothing-0.5_current_alpha_beta-[6, 2]_future_alpha_beta-[6, 2]",acc,popularity,0.4375,False
"n_students-100_n_skills-5_smoothing-0.5_current_alpha_beta-[6, 2]_future_alpha_beta-[6, 2]",acc,simple_markov,0.1162109375,False
"n_students-100_n_skills-5_smoothing-0.5_current_alpha_beta-[6, 2]_future_alpha_beta-[6, 2]",acc,random,0.0068359375,True
"n_students-100_n_skills-5_smoothing-0.5_current_alpha_beta-[6, 2]_future_alpha_beta-[6, 2]",acc,bayesian_network,0.1015625,False
"n_students-150_n_skills-10_smoothing-0.1_current_alpha_beta-[2, 6]_future_alpha_beta-[2, 6]",acc,full_information,0.9033203125,False
"n_students-150_n_skills-10_smoothing-0.1_current_alpha_beta-[2, 6]_future_alpha_beta-[2, 6]",acc,popularity,0.84375,False
"n_students-150_n_skills-10_smoothing-0.1_current_alpha_beta-[2, 6]_future_alpha_beta-[2, 6]",acc,simple_markov,0.0009765625,True
"n_students-150_n_skills-10_smoothing-0.1_current_alpha_beta-[2, 6]_future_alpha_beta-[2, 6]",acc,random,0.0009765625,True
"n_students-150_n_skills-10_smoothing-0.1_current_alpha_beta-[2, 6]_future_alpha_beta-[2, 6]",acc,bayesian_network,0.009765625,True
"n_students-150_n_skills-10_smoothing-0.1_current_alpha_beta-[2, 6]_future_alpha_beta-[3, 5]",acc,full_information,0.998046875,False
"n_students-150_n_skills-10_smoothing-0.1_current_alpha_beta-[2, 6]_future_alpha_beta-[3, 5]",acc,popularity,0.9677734375,False
"n_students-150_n_skills-10_smoothing-0.1_current_alpha_beta-[2, 6]_future_alpha_beta-[3, 5]",acc,simple_markov,0.001953125,True
"n_students-150_n_skills-10_smoothing-0.1_current_alpha_beta-[2, 6]_future_alpha_beta-[3, 5]",acc,random,0.0009765625,True
"n_students-150_n_skills-10_smoothing-0.1_current_alpha_beta-[2, 6]_future_alpha_beta-[3, 5]",acc,bayesian_network,0.0029296875,True
"n_students-150_n_skills-10_smoothing-0.1_current_alpha_beta-[2, 6]_future_alpha_beta-[4, 4]",acc,full_information,0.9677734375,False
"n_students-150_n_skills-10_smoothing-0.1_current_alpha_beta-[2, 6]_future_alpha_beta-[4, 4]",acc,popularity,0.8125,False
"n_students-150_n_skills-10_smoothing-0.1_current_alpha_beta-[2, 6]_future_alpha_beta-[4, 4]",acc,simple_markov,0.0009765625,True
"n_students-150_n_skills-10_smoothing-0.1_current_alpha_beta-[2, 6]_future_alpha_beta-[4, 4]",acc,random,0.0009765625,True
"n_students-150_n_skills-10_smoothing-0.1_current_alpha_beta-[2, 6]_future_alpha_beta-[4, 4]",acc,bayesian_network,0.0009765625,True
"n_students-150_n_skills-10_smoothing-0.1_current_alpha_beta-[2, 6]_future_alpha_beta-[5, 3]",acc,full_information,0.919921875,False
"n_students-150_n_skills-10_smoothing-0.1_current_alpha_beta-[2, 6]_future_alpha_beta-[5, 3]",acc,popularity,0.83203125,False
"n_students-150_n_skills-10_smoothing-0.1_current_alpha_beta-[2, 6]_future_alpha_beta-[5, 3]",acc,simple_markov,0.0009765625,True
"n_students-150_n_skills-10_smoothing-0.1_current_alpha_beta-[2, 6]_future_alpha_beta-[5, 3]",acc,random,0.0009765625,True
"n_students-150_n_skills-10_smoothing-0.1_current_alpha_beta-[2, 6]_future_alpha_beta-[5, 3]",acc,bayesian_network,0.0009765625,True
"n_students-150_n_skills-10_smoothing-0.1_current_alpha_beta-[2, 6]_future_alpha_beta-[6, 2]",acc,full_information,0.9970703125,False
"n_students-150_n_skills-10_smoothing-0.1_current_alpha_beta-[2, 6]_future_alpha_beta-[6, 2]",acc,popularity,0.673828125,False
"n_students-150_n_skills-10_smoothing-0.1_current_alpha_beta-[2, 6]_future_alpha_beta-[6, 2]",acc,simple_markov,0.0009765625,True
"n_students-150_n_skills-10_smoothing-0.1_current_alpha_beta-[2, 6]_future_alpha_beta-[6, 2]",acc,random,0.0009765625,True
"n_students-150_n_skills-10_smoothing-0.1_current_alpha_beta-[2, 6]_future_alpha_beta-[6, 2]",acc,bayesian_network,0.0009765625,True
"n_students-150_n_skills-10_smoothing-0.1_current_alpha_beta-[3, 5]_future_alpha_beta-[2, 6]",acc,full_information,0.5078125,False
"n_students-150_n_skills-10_smoothing-0.1_current_alpha_beta-[3, 5]_future_alpha_beta-[2, 6]",acc,popularity,0.2158203125,False
"n_students-150_n_skills-10_smoothing-0.1_current_alpha_beta-[3, 5]_future_alpha_beta-[2, 6]",acc,simple_markov,0.001953125,True
"n_students-150_n_skills-10_smoothing-0.1_current_alpha_beta-[3, 5]_future_alpha_beta-[2, 6]",acc,random,0.0009765625,True
"n_students-150_n_skills-10_smoothing-0.1_current_alpha_beta-[3, 5]_future_alpha_beta-[2, 6]",acc,bayesian_network,0.0009765625,True
"n_students-150_n_skills-10_smoothing-0.1_current_alpha_beta-[3, 5]_future_alpha_beta-[3, 5]",acc,full_information,0.5,False
"n_students-150_n_skills-10_smoothing-0.1_current_alpha_beta-[3, 5]_future_alpha_beta-[3, 5]",acc,popularity,0.0546875,False
"n_students-150_n_skills-10_smoothing-0.1_current_alpha_beta-[3, 5]_future_alpha_beta-[3, 5]",acc,simple_markov,0.0009765625,True
"n_students-150_n_skills-10_smoothing-0.1_current_alpha_beta-[3, 5]_future_alpha_beta-[3, 5]",acc,random,0.0009765625,True
"n_students-150_n_skills-10_smoothing-0.1_current_alpha_beta-[3, 5]_future_alpha_beta-[3, 5]",acc,bayesian_network,0.0009765625,True
"n_students-150_n_skills-10_smoothing-0.1_current_alpha_beta-[3, 5]_future_alpha_beta-[4, 4]",acc,full_information,0.080078125,False
"n_students-150_n_skills-10_smoothing-0.1_current_alpha_beta-[3, 5]_future_alpha_beta-[4, 4]",acc,popularity,0.28515625,False
"n_students-150_n_skills-10_smoothing-0.1_current_alpha_beta-[3, 5]_future_alpha_beta-[4, 4]",acc,simple_markov,0.0009765625,True
"n_students-150_n_skills-10_smoothing-0.1_current_alpha_beta-[3, 5]_future_alpha_beta-[4, 4]",acc,random,0.0009765625,True
"n_students-150_n_skills-10_smoothing-0.1_current_alpha_beta-[3, 5]_future_alpha_beta-[4, 4]",acc,bayesian_network,0.0009765625,True
"n_students-150_n_skills-10_smoothing-0.1_current_alpha_beta-[3, 5]_future_alpha_beta-[5, 3]",acc,full_information,0.1376953125,False
"n_students-150_n_skills-10_smoothing-0.1_current_alpha_beta-[3, 5]_future_alpha_beta-[5, 3]",acc,popularity,0.02734375,True
"n_students-150_n_skills-10_smoothing-0.1_current_alpha_beta-[3, 5]_future_alpha_beta-[5, 3]",acc,simple_markov,0.0009765625,True
"n_students-150_n_skills-10_smoothing-0.1_current_alpha_beta-[3, 5]_future_alpha_beta-[5, 3]",acc,random,0.0009765625,True
"n_students-150_n_skills-10_smoothing-0.1_current_alpha_beta-[3, 5]_future_alpha_beta-[5, 3]",acc,bayesian_network,0.0009765625,True
"n_students-150_n_skills-10_smoothing-0.1_current_alpha_beta-[3, 5]_future_alpha_beta-[6, 2]",acc,full_information,0.21875,False
"n_students-150_n_skills-10_smoothing-0.1_current_alpha_beta-[3, 5]_future_alpha_beta-[6, 2]",acc,popularity,0.1484375,False
"n_students-150_n_skills-10_smoothing-0.1_current_alpha_beta-[3, 5]_future_alpha_beta-[6, 2]",acc,simple_markov,0.0009765625,True
"n_students-150_n_skills-10_smoothing-0.1_current_alpha_beta-[3, 5]_future_alpha_beta-[6, 2]",acc,random,0.0009765625,True
"n_students-150_n_skills-10_smoothing-0.1_current_alpha_beta-[3, 5]_future_alpha_beta-[6, 2]",acc,bayesian_network,0.0009765625,True
"n_students-150_n_skills-10_smoothing-0.1_current_alpha_beta-[4, 4]_future_alpha_beta-[2, 6]",acc,full_information,0.81640625,False
"n_students-150_n_skills-10_smoothing-0.1_current_alpha_beta-[4, 4]_future_alpha_beta-[2, 6]",acc,popularity,0.5234375,False
"n_students-150_n_skills-10_smoothing-0.1_current_alpha_beta-[4, 4]_future_alpha_beta-[2, 6]",acc,simple_markov,0.001953125,True
"n_students-150_n_skills-10_smoothing-0.1_current_alpha_beta-[4, 4]_future_alpha_beta-[2, 6]",acc,random,0.0009765625,True
"n_students-150_n_skills-10_smoothing-0.1_current_alpha_beta-[4, 4]_future_alpha_beta-[2, 6]",acc,bayesian_network,0.0009765625,True
"n_students-150_n_skills-10_smoothing-0.1_current_alpha_beta-[4, 4]_future_alpha_beta-[3, 5]",acc,full_information,0.962890625,False
"n_students-150_n_skills-10_smoothing-0.1_current_alpha_beta-[4, 4]_future_alpha_beta-[3, 5]",acc,popularity,0.41015625,False
"n_students-150_n_skills-10_smoothing-0.1_current_alpha_beta-[4, 4]_future_alpha_beta-[3, 5]",acc,simple_markov,0.0009765625,True
"n_students-150_n_skills-10_smoothing-0.1_current_alpha_beta-[4, 4]_future_alpha_beta-[3, 5]",acc,random,0.0009765625,True
"n_students-150_n_skills-10_smoothing-0.1_current_alpha_beta-[4, 4]_future_alpha_beta-[3, 5]",acc,bayesian_network,0.0048828125,True
"n_students-150_n_skills-10_smoothing-0.1_current_alpha_beta-[4, 4]_future_alpha_beta-[4, 4]",acc,full_information,0.07421875,False
"n_students-150_n_skills-10_smoothing-0.1_current_alpha_beta-[4, 4]_future_alpha_beta-[4, 4]",acc,popularity,0.322265625,False
"n_students-150_n_skills-10_smoothing-0.1_current_alpha_beta-[4, 4]_future_alpha_beta-[4, 4]",acc,simple_markov,0.0009765625,True
"n_students-150_n_skills-10_smoothing-0.1_current_alpha_beta-[4, 4]_future_alpha_beta-[4, 4]",acc,random,0.0009765625,True
"n_students-150_n_skills-10_smoothing-0.1_current_alpha_beta-[4, 4]_future_alpha_beta-[4, 4]",acc,bayesian_network,0.0009765625,True
"n_students-150_n_skills-10_smoothing-0.1_current_alpha_beta-[4, 4]_future_alpha_beta-[5, 3]",acc,full_information,0.40625,False
"n_students-150_n_skills-10_smoothing-0.1_current_alpha_beta-[4, 4]_future_alpha_beta-[5, 3]",acc,popularity,0.28125,False
"n_students-150_n_skills-10_smoothing-0.1_current_alpha_beta-[4, 4]_future_alpha_beta-[5, 3]",acc,simple_markov,0.0009765625,True
"n_students-150_n_skills-10_smoothing-0.1_current_alpha_beta-[4, 4]_future_alpha_beta-[5, 3]",acc,random,0.0009765625,True
"n_students-150_n_skills-10_smoothing-0.1_current_alpha_beta-[4, 4]_future_alpha_beta-[5, 3]",acc,bayesian_network,0.0009765625,True
"n_students-150_n_skills-10_smoothing-0.1_current_alpha_beta-[4, 4]_future_alpha_beta-[6, 2]",acc,full_information,0.625,False
"n_students-150_n_skills-10_smoothing-0.1_current_alpha_beta-[4, 4]_future_alpha_beta-[6, 2]",acc,popularity,0.3125,False
"n_students-150_n_skills-10_smoothing-0.1_current_alpha_beta-[4, 4]_future_alpha_beta-[6, 2]",acc,simple_markov,0.0009765625,True
"n_students-150_n_skills-10_smoothing-0.1_current_alpha_beta-[4, 4]_future_alpha_beta-[6, 2]",acc,random,0.0009765625,True
"n_students-150_n_skills-10_smoothing-0.1_current_alpha_beta-[4, 4]_future_alpha_beta-[6, 2]",acc,bayesian_network,0.0009765625,True
"n_students-150_n_skills-10_smoothing-0.1_current_alpha_beta-[5, 3]_future_alpha_beta-[2, 6]",acc,full_information,0.6328125,False
"n_students-150_n_skills-10_smoothing-0.1_current_alpha_beta-[5, 3]_future_alpha_beta-[2, 6]",acc,popularity,0.765625,False
"n_students-150_n_skills-10_smoothing-0.1_current_alpha_beta-[5, 3]_future_alpha_beta-[2, 6]",acc,simple_markov,0.0048828125,True
"n_students-150_n_skills-10_smoothing-0.1_current_alpha_beta-[5, 3]_future_alpha_beta-[2, 6]",acc,random,0.0009765625,True
"n_students-150_n_skills-10_smoothing-0.1_current_alpha_beta-[5, 3]_future_alpha_beta-[2, 6]",acc,bayesian_network,0.0185546875,True
"n_students-150_n_skills-10_smoothing-0.1_current_alpha_beta-[5, 3]_future_alpha_beta-[3, 5]",acc,full_information,0.1484375,False
"n_students-150_n_skills-10_smoothing-0.1_current_alpha_beta-[5, 3]_future_alpha_beta-[3, 5]",acc,popularity,0.546875,False
"n_students-150_n_skills-10_smoothing-0.1_current_alpha_beta-[5, 3]_future_alpha_beta-[3, 5]",acc,simple_markov,0.0009765625,True
"n_students-150_n_skills-10_smoothing-0.1_current_alpha_beta-[5, 3]_future_alpha_beta-[3, 5]",acc,random,0.0009765625,True
"n_students-150_n_skills-10_smoothing-0.1_current_alpha_beta-[5, 3]_future_alpha_beta-[3, 5]",acc,bayesian_network,0.001953125,True
"n_students-150_n_skills-10_smoothing-0.1_current_alpha_beta-[5, 3]_future_alpha_beta-[4, 4]",acc,full_information,0.125,False
"n_students-150_n_skills-10_smoothing-0.1_current_alpha_beta-[5, 3]_future_alpha_beta-[4, 4]",acc,popularity,0.28125,False
"n_students-150_n_skills-10_smoothing-0.1_current_alpha_beta-[5, 3]_future_alpha_beta-[4, 4]",acc,simple_markov,0.0009765625,True
"n_students-150_n_skills-10_smoothing-0.1_current_alpha_beta-[5, 3]_future_alpha_beta-[4, 4]",acc,random,0.0009765625,True
"n_students-150_n_skills-10_smoothing-0.1_current_alpha_beta-[5, 3]_future_alpha_beta-[4, 4]",acc,bayesian_network,0.0009765625,True
"n_students-150_n_skills-10_smoothing-0.1_current_alpha_beta-[5, 3]_future_alpha_beta-[5, 3]",acc,full_information,0.71484375,False
"n_students-150_n_skills-10_smoothing-0.1_current_alpha_beta-[5, 3]_future_alpha_beta-[5, 3]",acc,popularity,0.890625,False
"n_students-150_n_skills-10_smoothing-0.1_current_alpha_beta-[5, 3]_future_alpha_beta-[5, 3]",acc,simple_markov,0.0029296875,True
"n_students-150_n_skills-10_smoothing-0.1_current_alpha_beta-[5, 3]_future_alpha_beta-[5, 3]",acc,random,0.0009765625,True
"n_students-150_n_skills-10_smoothing-0.1_current_alpha_beta-[5, 3]_future_alpha_beta-[5, 3]",acc,bayesian_network,0.0029296875,True
"n_students-150_n_skills-10_smoothing-0.1_current_alpha_beta-[5, 3]_future_alpha_beta-[6, 2]",acc,full_information,0.9921875,False
"n_students-150_n_skills-10_smoothing-0.1_current_alpha_beta-[5, 3]_future_alpha_beta-[6, 2]",acc,popularity,0.3125,False
"n_students-150_n_skills-10_smoothing-0.1_current_alpha_beta-[5, 3]_future_alpha_beta-[6, 2]",acc,simple_markov,0.001953125,True
"n_students-150_n_skills-10_smoothing-0.1_current_alpha_beta-[5, 3]_future_alpha_beta-[6, 2]",acc,random,0.0009765625,True
"n_students-150_n_skills-10_smoothing-0.1_current_alpha_beta-[5, 3]_future_alpha_beta-[6, 2]",acc,bayesian_network,0.0009765625,True
"n_students-150_n_skills-10_smoothing-0.1_current_alpha_beta-[6, 2]_future_alpha_beta-[2, 6]",acc,full_information,0.921875,False
"n_students-150_n_skills-10_smoothing-0.1_current_alpha_beta-[6, 2]_future_alpha_beta-[2, 6]",acc,popularity,0.8828125,False
"n_students-150_n_skills-10_smoothing-0.1_current_alpha_beta-[6, 2]_future_alpha_beta-[2, 6]",acc,simple_markov,0.0068359375,True
"n_students-150_n_skills-10_smoothing-0.1_current_alpha_beta-[6, 2]_future_alpha_beta-[2, 6]",acc,random,0.0009765625,True
"n_students-150_n_skills-10_smoothing-0.1_current_alpha_beta-[6, 2]_future_alpha_beta-[2, 6]",acc,bayesian_network,0.013671875,True
"n_students-150_n_skills-10_smoothing-0.1_current_alpha_beta-[6, 2]_future_alpha_beta-[3, 5]",acc,full_information,0.0625,False
"n_students-150_n_skills-10_smoothing-0.1_current_alpha_beta-[6, 2]_future_alpha_beta-[3, 5]",acc,popularity,0.125,False
"n_students-150_n_skills-10_smoothing-0.1_current_alpha_beta-[6, 2]_future_alpha_beta-[3, 5]",acc,simple_markov,0.0048828125,True
"n_students-150_n_skills-10_smoothing-0.1_current_alpha_beta-[6, 2]_future_alpha_beta-[3, 5]",acc,random,0.0009765625,True
"n_students-150_n_skills-10_smoothing-0.1_current_alpha_beta-[6, 2]_future_alpha_beta-[3, 5]",acc,bayesian_network,0.0048828125,True
"n_students-150_n_skills-10_smoothing-0.1_current_alpha_beta-[6, 2]_future_alpha_beta-[4, 4]",acc,full_information,0.09375,False
"n_students-150_n_skills-10_smoothing-0.1_current_alpha_beta-[6, 2]_future_alpha_beta-[4, 4]",acc,popularity,0.5,False
"n_students-150_n_skills-10_smoothing-0.1_current_alpha_beta-[6, 2]_future_alpha_beta-[4, 4]",acc,simple_markov,0.0029296875,True
"n_students-150_n_skills-10_smoothing-0.1_current_alpha_beta-[6, 2]_future_alpha_beta-[4, 4]",acc,random,0.0009765625,True
"n_students-150_n_skills-10_smoothing-0.1_current_alpha_beta-[6, 2]_future_alpha_beta-[4, 4]",acc,bayesian_network,0.013671875,True
"n_students-150_n_skills-10_smoothing-0.1_current_alpha_beta-[6, 2]_future_alpha_beta-[5, 3]",acc,full_information,0.5234375,False
"n_students-150_n_skills-10_smoothing-0.1_current_alpha_beta-[6, 2]_future_alpha_beta-[5, 3]",acc,popularity,0.796875,False
"n_students-150_n_skills-10_smoothing-0.1_current_alpha_beta-[6, 2]_future_alpha_beta-[5, 3]",acc,simple_markov,0.0048828125,True
"n_students-150_n_skills-10_smoothing-0.1_current_alpha_beta-[6, 2]_future_alpha_beta-[5, 3]",acc,random,0.001953125,True
"n_students-150_n_skills-10_smoothing-0.1_current_alpha_beta-[6, 2]_future_alpha_beta-[5, 3]",acc,bayesian_network,0.009765625,True
"n_students-150_n_skills-10_smoothing-0.1_current_alpha_beta-[6, 2]_future_alpha_beta-[6, 2]",acc,full_information,0.375,False
"n_students-150_n_skills-10_smoothing-0.1_current_alpha_beta-[6, 2]_future_alpha_beta-[6, 2]",acc,popularity,0.875,False
"n_students-150_n_skills-10_smoothing-0.1_current_alpha_beta-[6, 2]_future_alpha_beta-[6, 2]",acc,simple_markov,0.0009765625,True
"n_students-150_n_skills-10_smoothing-0.1_current_alpha_beta-[6, 2]_future_alpha_beta-[6, 2]",acc,random,0.001953125,True
"n_students-150_n_skills-10_smoothing-0.1_current_alpha_beta-[6, 2]_future_alpha_beta-[6, 2]",acc,bayesian_network,0.080078125,False
"n_students-150_n_skills-10_smoothing-0.3_current_alpha_beta-[2, 6]_future_alpha_beta-[2, 6]",acc,full_information,0.8837890625,False
"n_students-150_n_skills-10_smoothing-0.3_current_alpha_beta-[2, 6]_future_alpha_beta-[2, 6]",acc,popularity,0.8623046875,False
"n_students-150_n_skills-10_smoothing-0.3_current_alpha_beta-[2, 6]_future_alpha_beta-[2, 6]",acc,simple_markov,0.0009765625,True
"n_students-150_n_skills-10_smoothing-0.3_current_alpha_beta-[2, 6]_future_alpha_beta-[2, 6]",acc,random,0.0009765625,True
"n_students-150_n_skills-10_smoothing-0.3_current_alpha_beta-[2, 6]_future_alpha_beta-[2, 6]",acc,bayesian_network,0.009765625,True
"n_students-150_n_skills-10_smoothing-0.3_current_alpha_beta-[2, 6]_future_alpha_beta-[3, 5]",acc,full_information,0.8388671875,False
"n_students-150_n_skills-10_smoothing-0.3_current_alpha_beta-[2, 6]_future_alpha_beta-[3, 5]",acc,popularity,0.1376953125,False
"n_students-150_n_skills-10_smoothing-0.3_current_alpha_beta-[2, 6]_future_alpha_beta-[3, 5]",acc,simple_markov,0.0009765625,True
"n_students-150_n_skills-10_smoothing-0.3_current_alpha_beta-[2, 6]_future_alpha_beta-[3, 5]",acc,random,0.0009765625,True
"n_students-150_n_skills-10_smoothing-0.3_current_alpha_beta-[2, 6]_future_alpha_beta-[3, 5]",acc,bayesian_network,0.0048828125,True
"n_students-150_n_skills-10_smoothing-0.3_current_alpha_beta-[2, 6]_future_alpha_beta-[4, 4]",acc,full_information,1.0,False
"n_students-150_n_skills-10_smoothing-0.3_current_alpha_beta-[2, 6]_future_alpha_beta-[4, 4]",acc,popularity,0.24609375,False
"n_students-150_n_skills-10_smoothing-0.3_current_alpha_beta-[2, 6]_future_alpha_beta-[4, 4]",acc,simple_markov,0.0009765625,True
"n_students-150_n_skills-10_smoothing-0.3_current_alpha_beta-[2, 6]_future_alpha_beta-[4, 4]",acc,random,0.0009765625,True
"n_students-150_n_skills-10_smoothing-0.3_current_alpha_beta-[2, 6]_future_alpha_beta-[4, 4]",acc,bayesian_network,0.0009765625,True
"n_students-150_n_skills-10_smoothing-0.3_current_alpha_beta-[2, 6]_future_alpha_beta-[5, 3]",acc,full_information,0.947265625,False
"n_students-150_n_skills-10_smoothing-0.3_current_alpha_beta-[2, 6]_future_alpha_beta-[5, 3]",acc,popularity,0.34765625,False
"n_students-150_n_skills-10_smoothing-0.3_current_alpha_beta-[2, 6]_future_alpha_beta-[5, 3]",acc,simple_markov,0.0009765625,True
"n_students-150_n_skills-10_smoothing-0.3_current_alpha_beta-[2, 6]_future_alpha_beta-[5, 3]",acc,random,0.0009765625,True
"n_students-150_n_skills-10_smoothing-0.3_current_alpha_beta-[2, 6]_future_alpha_beta-[5, 3]",acc,bayesian_network,0.001953125,True
"n_students-150_n_skills-10_smoothing-0.3_current_alpha_beta-[2, 6]_future_alpha_beta-[6, 2]",acc,full_information,0.99609375,False
"n_students-150_n_skills-10_smoothing-0.3_current_alpha_beta-[2, 6]_future_alpha_beta-[6, 2]",acc,popularity,0.9755859375,False
"n_students-150_n_skills-10_smoothing-0.3_current_alpha_beta-[2, 6]_future_alpha_beta-[6, 2]",acc,simple_markov,0.0029296875,True
"n_students-150_n_skills-10_smoothing-0.3_current_alpha_beta-[2, 6]_future_alpha_beta-[6, 2]",acc,random,0.0009765625,True
"n_students-150_n_skills-10_smoothing-0.3_current_alpha_beta-[2, 6]_future_alpha_beta-[6, 2]",acc,bayesian_network,0.0068359375,True
"n_students-150_n_skills-10_smoothing-0.3_current_alpha_beta-[3, 5]_future_alpha_beta-[2, 6]",acc,full_information,0.9755859375,False
"n_students-150_n_skills-10_smoothing-0.3_current_alpha_beta-[3, 5]_future_alpha_beta-[2, 6]",acc,popularity,0.1611328125,False
"n_students-150_n_skills-10_smoothing-0.3_current_alpha_beta-[3, 5]_future_alpha_beta-[2, 6]",acc,simple_markov,0.0009765625,True
"n_students-150_n_skills-10_smoothing-0.3_current_alpha_beta-[3, 5]_future_alpha_beta-[2, 6]",acc,random,0.0009765625,True
"n_students-150_n_skills-10_smoothing-0.3_current_alpha_beta-[3, 5]_future_alpha_beta-[2, 6]",acc,bayesian_network,0.0048828125,True
"n_students-150_n_skills-10_smoothing-0.3_current_alpha_beta-[3, 5]_future_alpha_beta-[3, 5]",acc,full_information,0.9755859375,False
"n_students-150_n_skills-10_smoothing-0.3_current_alpha_beta-[3, 5]_future_alpha_beta-[3, 5]",acc,popularity,0.75390625,False
"n_students-150_n_skills-10_smoothing-0.3_current_alpha_beta-[3, 5]_future_alpha_beta-[3, 5]",acc,simple_markov,0.0009765625,True
"n_students-150_n_skills-10_smoothing-0.3_current_alpha_beta-[3, 5]_future_alpha_beta-[3, 5]",acc,random,0.0009765625,True
"n_students-150_n_skills-10_smoothing-0.3_current_alpha_beta-[3, 5]_future_alpha_beta-[3, 5]",acc,bayesian_network,0.0009765625,True
"n_students-150_n_skills-10_smoothing-0.3_current_alpha_beta-[3, 5]_future_alpha_beta-[4, 4]",acc,full_information,0.9677734375,False
"n_students-150_n_skills-10_smoothing-0.3_current_alpha_beta-[3, 5]_future_alpha_beta-[4, 4]",acc,popularity,0.3125,False
"n_students-150_n_skills-10_smoothing-0.3_current_alpha_beta-[3, 5]_future_alpha_beta-[4, 4]",acc,simple_markov,0.0009765625,True
"n_students-150_n_skills-10_smoothing-0.3_current_alpha_beta-[3, 5]_future_alpha_beta-[4, 4]",acc,random,0.0009765625,True
"n_students-150_n_skills-10_smoothing-0.3_current_alpha_beta-[3, 5]_future_alpha_beta-[4, 4]",acc,bayesian_network,0.0009765625,True
"n_students-150_n_skills-10_smoothing-0.3_current_alpha_beta-[3, 5]_future_alpha_beta-[5, 3]",acc,full_information,0.98046875,False
"n_students-150_n_skills-10_smoothing-0.3_current_alpha_beta-[3, 5]_future_alpha_beta-[5, 3]",acc,popularity,0.37109375,False
"n_students-150_n_skills-10_smoothing-0.3_current_alpha_beta-[3, 5]_future_alpha_beta-[5, 3]",acc,simple_markov,0.0009765625,True
"n_students-150_n_skills-10_smoothing-0.3_current_alpha_beta-[3, 5]_future_alpha_beta-[5, 3]",acc,random,0.0009765625,True
"n_students-150_n_skills-10_smoothing-0.3_current_alpha_beta-[3, 5]_future_alpha_beta-[5, 3]",acc,bayesian_network,0.0009765625,True
"n_students-150_n_skills-10_smoothing-0.3_current_alpha_beta-[3, 5]_future_alpha_beta-[6, 2]",acc,full_information,0.919921875,False
"n_students-150_n_skills-10_smoothing-0.3_current_alpha_beta-[3, 5]_future_alpha_beta-[6, 2]",acc,popularity,0.2783203125,False
"n_students-150_n_skills-10_smoothing-0.3_current_alpha_beta-[3, 5]_future_alpha_beta-[6, 2]",acc,simple_markov,0.0009765625,True
"n_students-150_n_skills-10_smoothing-0.3_current_alpha_beta-[3, 5]_future_alpha_beta-[6, 2]",acc,random,0.0009765625,True
"n_students-150_n_skills-10_smoothing-0.3_current_alpha_beta-[3, 5]_future_alpha_beta-[6, 2]",acc,bayesian_network,0.001953125,True
"n_students-150_n_skills-10_smoothing-0.3_current_alpha_beta-[4, 4]_future_alpha_beta-[2, 6]",acc,full_information,0.55859375,False
"n_students-150_n_skills-10_smoothing-0.3_current_alpha_beta-[4, 4]_future_alpha_beta-[2, 6]",acc,popularity,0.5,False
"n_students-150_n_skills-10_smoothing-0.3_current_alpha_beta-[4, 4]_future_alpha_beta-[2, 6]",acc,simple_markov,0.0009765625,True
"n_students-150_n_skills-10_smoothing-0.3_current_alpha_beta-[4, 4]_future_alpha_beta-[2, 6]",acc,random,0.0009765625,True
"n_students-150_n_skills-10_smoothing-0.3_current_alpha_beta-[4, 4]_future_alpha_beta-[2, 6]",acc,bayesian_network,0.0009765625,True
"n_students-150_n_skills-10_smoothing-0.3_current_alpha_beta-[4, 4]_future_alpha_beta-[3, 5]",acc,full_information,0.919921875,False
"n_students-150_n_skills-10_smoothing-0.3_current_alpha_beta-[4, 4]_future_alpha_beta-[3, 5]",acc,popularity,0.875,False
"n_students-150_n_skills-10_smoothing-0.3_current_alpha_beta-[4, 4]_future_alpha_beta-[3, 5]",acc,simple_markov,0.0009765625,True
"n_students-150_n_skills-10_smoothing-0.3_current_alpha_beta-[4, 4]_future_alpha_beta-[3, 5]",acc,random,0.0009765625,True
"n_students-150_n_skills-10_smoothing-0.3_current_alpha_beta-[4, 4]_future_alpha_beta-[3, 5]",acc,bayesian_network,0.0419921875,True
"n_students-150_n_skills-10_smoothing-0.3_current_alpha_beta-[4, 4]_future_alpha_beta-[4, 4]",acc,full_information,0.58984375,False
"n_students-150_n_skills-10_smoothing-0.3_current_alpha_beta-[4, 4]_future_alpha_beta-[4, 4]",acc,popularity,0.7265625,False
"n_students-150_n_skills-10_smoothing-0.3_current_alpha_beta-[4, 4]_future_alpha_beta-[4, 4]",acc,simple_markov,0.0009765625,True
"n_students-150_n_skills-10_smoothing-0.3_current_alpha_beta-[4, 4]_future_alpha_beta-[4, 4]",acc,random,0.0009765625,True
"n_students-150_n_skills-10_smoothing-0.3_current_alpha_beta-[4, 4]_future_alpha_beta-[4, 4]",acc,bayesian_network,0.0009765625,True
"n_students-150_n_skills-10_smoothing-0.3_current_alpha_beta-[4, 4]_future_alpha_beta-[5, 3]",acc,full_information,0.94921875,False
"n_students-150_n_skills-10_smoothing-0.3_current_alpha_beta-[4, 4]_future_alpha_beta-[5, 3]",acc,popularity,0.62890625,False
"n_students-150_n_skills-10_smoothing-0.3_current_alpha_beta-[4, 4]_future_alpha_beta-[5, 3]",acc,simple_markov,0.0009765625,True
"n_students-150_n_skills-10_smoothing-0.3_current_alpha_beta-[4, 4]_future_alpha_beta-[5, 3]",acc,random,0.0009765625,True
"n_students-150_n_skills-10_smoothing-0.3_current_alpha_beta-[4, 4]_future_alpha_beta-[5, 3]",acc,bayesian_network,0.0009765625,True
"n_students-150_n_skills-10_smoothing-0.3_current_alpha_beta-[4, 4]_future_alpha_beta-[6, 2]",acc,full_information,0.5,False
"n_students-150_n_skills-10_smoothing-0.3_current_alpha_beta-[4, 4]_future_alpha_beta-[6, 2]",acc,popularity,0.00390625,True
"n_students-150_n_skills-10_smoothing-0.3_current_alpha_beta-[4, 4]_future_alpha_beta-[6, 2]",acc,simple_markov,0.0009765625,True
"n_students-150_n_skills-10_smoothing-0.3_current_alpha_beta-[4, 4]_future_alpha_beta-[6, 2]",acc,random,0.0009765625,True
"n_students-150_n_skills-10_smoothing-0.3_current_alpha_beta-[4, 4]_future_alpha_beta-[6, 2]",acc,bayesian_network,0.0009765625,True
"n_students-150_n_skills-10_smoothing-0.3_current_alpha_beta-[5, 3]_future_alpha_beta-[2, 6]",acc,full_information,0.9296875,False
"n_students-150_n_skills-10_smoothing-0.3_current_alpha_beta-[5, 3]_future_alpha_beta-[2, 6]",acc,popularity,0.814453125,False
"n_students-150_n_skills-10_smoothing-0.3_current_alpha_beta-[5, 3]_future_alpha_beta-[2, 6]",acc,simple_markov,0.0009765625,True
"n_students-150_n_skills-10_smoothing-0.3_current_alpha_beta-[5, 3]_future_alpha_beta-[2, 6]",acc,random,0.0009765625,True
"n_students-150_n_skills-10_smoothing-0.3_current_alpha_beta-[5, 3]_future_alpha_beta-[2, 6]",acc,bayesian_network,0.0244140625,True
"n_students-150_n_skills-10_smoothing-0.3_current_alpha_beta-[5, 3]_future_alpha_beta-[3, 5]",acc,full_information,0.171875,False
"n_students-150_n_skills-10_smoothing-0.3_current_alpha_beta-[5, 3]_future_alpha_beta-[3, 5]",acc,popularity,0.21875,False
"n_students-150_n_skills-10_smoothing-0.3_current_alpha_beta-[5, 3]_future_alpha_beta-[3, 5]",acc,simple_markov,0.001953125,True
"n_students-150_n_skills-10_smoothing-0.3_current_alpha_beta-[5, 3]_future_alpha_beta-[3, 5]",acc,random,0.0009765625,True
"n_students-150_n_skills-10_smoothing-0.3_current_alpha_beta-[5, 3]_future_alpha_beta-[3, 5]",acc,bayesian_network,0.0185546875,True
"n_students-150_n_skills-10_smoothing-0.3_current_alpha_beta-[5, 3]_future_alpha_beta-[4, 4]",acc,full_information,0.2734375,False
"n_students-150_n_skills-10_smoothing-0.3_current_alpha_beta-[5, 3]_future_alpha_beta-[4, 4]",acc,popularity,0.3984375,False
"n_students-150_n_skills-10_smoothing-0.3_current_alpha_beta-[5, 3]_future_alpha_beta-[4, 4]",acc,simple_markov,0.0009765625,True
"n_students-150_n_skills-10_smoothing-0.3_current_alpha_beta-[5, 3]_future_alpha_beta-[4, 4]",acc,random,0.0009765625,True
"n_students-150_n_skills-10_smoothing-0.3_current_alpha_beta-[5, 3]_future_alpha_beta-[4, 4]",acc,bayesian_network,0.0009765625,True
"n_students-150_n_skills-10_smoothing-0.3_current_alpha_beta-[5, 3]_future_alpha_beta-[5, 3]",acc,full_information,0.5,False
"n_students-150_n_skills-10_smoothing-0.3_current_alpha_beta-[5, 3]_future_alpha_beta-[5, 3]",acc,popularity,0.53125,False
"n_students-150_n_skills-10_smoothing-0.3_current_alpha_beta-[5, 3]_future_alpha_beta-[5, 3]",acc,simple_markov,0.001953125,True
"n_students-150_n_skills-10_smoothing-0.3_current_alpha_beta-[5, 3]_future_alpha_beta-[5, 3]",acc,random,0.0009765625,True
"n_students-150_n_skills-10_smoothing-0.3_current_alpha_beta-[5, 3]_future_alpha_beta-[5, 3]",acc,bayesian_network,0.0322265625,True
"n_students-150_n_skills-10_smoothing-0.3_current_alpha_beta-[5, 3]_future_alpha_beta-[6, 2]",acc,full_information,0.615234375,False
"n_students-150_n_skills-10_smoothing-0.3_current_alpha_beta-[5, 3]_future_alpha_beta-[6, 2]",acc,popularity,0.7109375,False
"n_students-150_n_skills-10_smoothing-0.3_current_alpha_beta-[5, 3]_future_alpha_beta-[6, 2]",acc,simple_markov,0.0029296875,True
"n_students-150_n_skills-10_smoothing-0.3_current_alpha_beta-[5, 3]_future_alpha_beta-[6, 2]",acc,random,0.0009765625,True
"n_students-150_n_skills-10_smoothing-0.3_current_alpha_beta-[5, 3]_future_alpha_beta-[6, 2]",acc,bayesian_network,0.0068359375,True
"n_students-150_n_skills-10_smoothing-0.3_current_alpha_beta-[6, 2]_future_alpha_beta-[2, 6]",acc,full_information,0.9765625,False
"n_students-150_n_skills-10_smoothing-0.3_current_alpha_beta-[6, 2]_future_alpha_beta-[2, 6]",acc,popularity,0.234375,False
"n_students-150_n_skills-10_smoothing-0.3_current_alpha_beta-[6, 2]_future_alpha_beta-[2, 6]",acc,simple_markov,0.0009765625,True
"n_students-150_n_skills-10_smoothing-0.3_current_alpha_beta-[6, 2]_future_alpha_beta-[2, 6]",acc,random,0.0009765625,True
"n_students-150_n_skills-10_smoothing-0.3_current_alpha_beta-[6, 2]_future_alpha_beta-[2, 6]",acc,bayesian_network,0.0322265625,True
"n_students-150_n_skills-10_smoothing-0.3_current_alpha_beta-[6, 2]_future_alpha_beta-[3, 5]",acc,full_information,0.58984375,False
"n_students-150_n_skills-10_smoothing-0.3_current_alpha_beta-[6, 2]_future_alpha_beta-[3, 5]",acc,popularity,0.3203125,False
"n_students-150_n_skills-10_smoothing-0.3_current_alpha_beta-[6, 2]_future_alpha_beta-[3, 5]",acc,simple_markov,0.001953125,True
"n_students-150_n_skills-10_smoothing-0.3_current_alpha_beta-[6, 2]_future_alpha_beta-[3, 5]",acc,random,0.0009765625,True
"n_students-150_n_skills-10_smoothing-0.3_current_alpha_beta-[6, 2]_future_alpha_beta-[3, 5]",acc,bayesian_network,0.0009765625,True
"n_students-150_n_skills-10_smoothing-0.3_current_alpha_beta-[6, 2]_future_alpha_beta-[4, 4]",acc,full_information,0.9755859375,False
"n_students-150_n_skills-10_smoothing-0.3_current_alpha_beta-[6, 2]_future_alpha_beta-[4, 4]",acc,popularity,0.984375,False
"n_students-150_n_skills-10_smoothing-0.3_current_alpha_beta-[6, 2]_future_alpha_beta-[4, 4]",acc,simple_markov,0.0068359375,True
"n_students-150_n_skills-10_smoothing-0.3_current_alpha_beta-[6, 2]_future_alpha_beta-[4, 4]",acc,random,0.0009765625,True
"n_students-150_n_skills-10_smoothing-0.3_current_alpha_beta-[6, 2]_future_alpha_beta-[4, 4]",acc,bayesian_network,0.0654296875,False
"n_students-150_n_skills-10_smoothing-0.3_current_alpha_beta-[6, 2]_future_alpha_beta-[5, 3]",acc,full_information,0.59375,False
"n_students-150_n_skills-10_smoothing-0.3_current_alpha_beta-[6, 2]_future_alpha_beta-[5, 3]",acc,popularity,0.84375,False
"n_students-150_n_skills-10_smoothing-0.3_current_alpha_beta-[6, 2]_future_alpha_beta-[5, 3]",acc,simple_markov,0.0185546875,True
"n_students-150_n_skills-10_smoothing-0.3_current_alpha_beta-[6, 2]_future_alpha_beta-[5, 3]",acc,random,0.0009765625,True
"n_students-150_n_skills-10_smoothing-0.3_current_alpha_beta-[6, 2]_future_alpha_beta-[5, 3]",acc,bayesian_network,0.0966796875,False
"n_students-150_n_skills-10_smoothing-0.3_current_alpha_beta-[6, 2]_future_alpha_beta-[6, 2]",acc,full_information,0.9609375,False
"n_students-150_n_skills-10_smoothing-0.3_current_alpha_beta-[6, 2]_future_alpha_beta-[6, 2]",acc,popularity,0.64453125,False
"n_students-150_n_skills-10_smoothing-0.3_current_alpha_beta-[6, 2]_future_alpha_beta-[6, 2]",acc,simple_markov,0.0029296875,True
"n_students-150_n_skills-10_smoothing-0.3_current_alpha_beta-[6, 2]_future_alpha_beta-[6, 2]",acc,random,0.001953125,True
"n_students-150_n_skills-10_smoothing-0.3_current_alpha_beta-[6, 2]_future_alpha_beta-[6, 2]",acc,bayesian_network,0.0048828125,True
"n_students-150_n_skills-10_smoothing-0.5_current_alpha_beta-[2, 6]_future_alpha_beta-[2, 6]",acc,full_information,0.75390625,False
"n_students-150_n_skills-10_smoothing-0.5_current_alpha_beta-[2, 6]_future_alpha_beta-[2, 6]",acc,popularity,0.5,False
"n_students-150_n_skills-10_smoothing-0.5_current_alpha_beta-[2, 6]_future_alpha_beta-[2, 6]",acc,simple_markov,0.0009765625,True
"n_students-150_n_skills-10_smoothing-0.5_current_alpha_beta-[2, 6]_future_alpha_beta-[2, 6]",acc,random,0.0009765625,True
"n_students-150_n_skills-10_smoothing-0.5_current_alpha_beta-[2, 6]_future_alpha_beta-[2, 6]",acc,bayesian_network,0.0048828125,True
"n_students-150_n_skills-10_smoothing-0.5_current_alpha_beta-[2, 6]_future_alpha_beta-[3, 5]",acc,full_information,0.990234375,False
"n_students-150_n_skills-10_smoothing-0.5_current_alpha_beta-[2, 6]_future_alpha_beta-[3, 5]",acc,popularity,0.326171875,False
"n_students-150_n_skills-10_smoothing-0.5_current_alpha_beta-[2, 6]_future_alpha_beta-[3, 5]",acc,simple_markov,0.0009765625,True
"n_students-150_n_skills-10_smoothing-0.5_current_alpha_beta-[2, 6]_future_alpha_beta-[3, 5]",acc,random,0.0009765625,True
"n_students-150_n_skills-10_smoothing-0.5_current_alpha_beta-[2, 6]_future_alpha_beta-[3, 5]",acc,bayesian_network,0.0654296875,False
"n_students-150_n_skills-10_smoothing-0.5_current_alpha_beta-[2, 6]_future_alpha_beta-[4, 4]",acc,full_information,0.9970703125,False
"n_students-150_n_skills-10_smoothing-0.5_current_alpha_beta-[2, 6]_future_alpha_beta-[4, 4]",acc,popularity,0.4521484375,False
"n_students-150_n_skills-10_smoothing-0.5_current_alpha_beta-[2, 6]_future_alpha_beta-[4, 4]",acc,simple_markov,0.0009765625,True
"n_students-150_n_skills-10_smoothing-0.5_current_alpha_beta-[2, 6]_future_alpha_beta-[4, 4]",acc,random,0.0009765625,True
"n_students-150_n_skills-10_smoothing-0.5_current_alpha_beta-[2, 6]_future_alpha_beta-[4, 4]",acc,bayesian_network,0.009765625,True
"n_students-150_n_skills-10_smoothing-0.5_current_alpha_beta-[2, 6]_future_alpha_beta-[5, 3]",acc,full_information,0.9970703125,False
"n_students-150_n_skills-10_smoothing-0.5_current_alpha_beta-[2, 6]_future_alpha_beta-[5, 3]",acc,popularity,0.7841796875,False
"n_students-150_n_skills-10_smoothing-0.5_current_alpha_beta-[2, 6]_future_alpha_beta-[5, 3]",acc,simple_markov,0.001953125,True
"n_students-150_n_skills-10_smoothing-0.5_current_alpha_beta-[2, 6]_future_alpha_beta-[5, 3]",acc,random,0.0009765625,True
"n_students-150_n_skills-10_smoothing-0.5_current_alpha_beta-[2, 6]_future_alpha_beta-[5, 3]",acc,bayesian_network,0.0009765625,True
"n_students-150_n_skills-10_smoothing-0.5_current_alpha_beta-[2, 6]_future_alpha_beta-[6, 2]",acc,full_information,0.9970703125,False
"n_students-150_n_skills-10_smoothing-0.5_current_alpha_beta-[2, 6]_future_alpha_beta-[6, 2]",acc,popularity,0.1376953125,False
"n_students-150_n_skills-10_smoothing-0.5_current_alpha_beta-[2, 6]_future_alpha_beta-[6, 2]",acc,simple_markov,0.0009765625,True
"n_students-150_n_skills-10_smoothing-0.5_current_alpha_beta-[2, 6]_future_alpha_beta-[6, 2]",acc,random,0.0009765625,True
"n_students-150_n_skills-10_smoothing-0.5_current_alpha_beta-[2, 6]_future_alpha_beta-[6, 2]",acc,bayesian_network,0.0009765625,True
"n_students-150_n_skills-10_smoothing-0.5_current_alpha_beta-[3, 5]_future_alpha_beta-[2, 6]",acc,full_information,0.34765625,False
"n_students-150_n_skills-10_smoothing-0.5_current_alpha_beta-[3, 5]_future_alpha_beta-[2, 6]",acc,popularity,0.1376953125,False
"n_students-150_n_skills-10_smoothing-0.5_current_alpha_beta-[3, 5]_future_alpha_beta-[2, 6]",acc,simple_markov,0.001953125,True
"n_students-150_n_skills-10_smoothing-0.5_current_alpha_beta-[3, 5]_future_alpha_beta-[2, 6]",acc,random,0.0009765625,True
"n_students-150_n_skills-10_smoothing-0.5_current_alpha_beta-[3, 5]_future_alpha_beta-[2, 6]",acc,bayesian_network,0.0244140625,True
"n_students-150_n_skills-10_smoothing-0.5_current_alpha_beta-[3, 5]_future_alpha_beta-[3, 5]",acc,full_information,0.9677734375,False
"n_students-150_n_skills-10_smoothing-0.5_current_alpha_beta-[3, 5]_future_alpha_beta-[3, 5]",acc,popularity,0.34765625,False
"n_students-150_n_skills-10_smoothing-0.5_current_alpha_beta-[3, 5]_future_alpha_beta-[3, 5]",acc,simple_markov,0.0009765625,True
"n_students-150_n_skills-10_smoothing-0.5_current_alpha_beta-[3, 5]_future_alpha_beta-[3, 5]",acc,random,0.0009765625,True
"n_students-150_n_skills-10_smoothing-0.5_current_alpha_beta-[3, 5]_future_alpha_beta-[3, 5]",acc,bayesian_network,0.0068359375,True
"n_students-150_n_skills-10_smoothing-0.5_current_alpha_beta-[3, 5]_future_alpha_beta-[4, 4]",acc,full_information,0.919921875,False
"n_students-150_n_skills-10_smoothing-0.5_current_alpha_beta-[3, 5]_future_alpha_beta-[4, 4]",acc,popularity,0.9677734375,False
"n_students-150_n_skills-10_smoothing-0.5_current_alpha_beta-[3, 5]_future_alpha_beta-[4, 4]",acc,simple_markov,0.0009765625,True
"n_students-150_n_skills-10_smoothing-0.5_current_alpha_beta-[3, 5]_future_alpha_beta-[4, 4]",acc,random,0.0009765625,True
"n_students-150_n_skills-10_smoothing-0.5_current_alpha_beta-[3, 5]_future_alpha_beta-[4, 4]",acc,bayesian_network,0.001953125,True
"n_students-150_n_skills-10_smoothing-0.5_current_alpha_beta-[3, 5]_future_alpha_beta-[5, 3]",acc,full_information,0.998046875,False
"n_students-150_n_skills-10_smoothing-0.5_current_alpha_beta-[3, 5]_future_alpha_beta-[5, 3]",acc,popularity,0.9755859375,False
"n_students-150_n_skills-10_smoothing-0.5_current_alpha_beta-[3, 5]_future_alpha_beta-[5, 3]",acc,simple_markov,0.0009765625,True
"n_students-150_n_skills-10_smoothing-0.5_current_alpha_beta-[3, 5]_future_alpha_beta-[5, 3]",acc,random,0.0009765625,True
"n_students-150_n_skills-10_smoothing-0.5_current_alpha_beta-[3, 5]_future_alpha_beta-[5, 3]",acc,bayesian_network,0.0185546875,True
"n_students-150_n_skills-10_smoothing-0.5_current_alpha_beta-[3, 5]_future_alpha_beta-[6, 2]",acc,full_information,0.9033203125,False
"n_students-150_n_skills-10_smoothing-0.5_current_alpha_beta-[3, 5]_future_alpha_beta-[6, 2]",acc,popularity,0.2783203125,False
"n_students-150_n_skills-10_smoothing-0.5_current_alpha_beta-[3, 5]_future_alpha_beta-[6, 2]",acc,simple_markov,0.0009765625,True
"n_students-150_n_skills-10_smoothing-0.5_current_alpha_beta-[3, 5]_future_alpha_beta-[6, 2]",acc,random,0.0009765625,True
"n_students-150_n_skills-10_smoothing-0.5_current_alpha_beta-[3, 5]_future_alpha_beta-[6, 2]",acc,bayesian_network,0.0009765625,True
"n_students-150_n_skills-10_smoothing-0.5_current_alpha_beta-[4, 4]_future_alpha_beta-[2, 6]",acc,full_information,0.58984375,False
"n_students-150_n_skills-10_smoothing-0.5_current_alpha_beta-[4, 4]_future_alpha_beta-[2, 6]",acc,popularity,0.400390625,False
"n_students-150_n_skills-10_smoothing-0.5_current_alpha_beta-[4, 4]_future_alpha_beta-[2, 6]",acc,simple_markov,0.0009765625,True
"n_students-150_n_skills-10_smoothing-0.5_current_alpha_beta-[4, 4]_future_alpha_beta-[2, 6]",acc,random,0.0009765625,True
"n_students-150_n_skills-10_smoothing-0.5_current_alpha_beta-[4, 4]_future_alpha_beta-[2, 6]",acc,bayesian_network,0.02734375,True
"n_students-150_n_skills-10_smoothing-0.5_current_alpha_beta-[4, 4]_future_alpha_beta-[3, 5]",acc,full_information,0.5390625,False
"n_students-150_n_skills-10_smoothing-0.5_current_alpha_beta-[4, 4]_future_alpha_beta-[3, 5]",acc,popularity,0.962890625,False
"n_students-150_n_skills-10_smoothing-0.5_current_alpha_beta-[4, 4]_future_alpha_beta-[3, 5]",acc,simple_markov,0.0009765625,True
"n_students-150_n_skills-10_smoothing-0.5_current_alpha_beta-[4, 4]_future_alpha_beta-[3, 5]",acc,random,0.0009765625,True
"n_students-150_n_skills-10_smoothing-0.5_current_alpha_beta-[4, 4]_future_alpha_beta-[3, 5]",acc,bayesian_network,0.013671875,True
"n_students-150_n_skills-10_smoothing-0.5_current_alpha_beta-[4, 4]_future_alpha_beta-[4, 4]",acc,full_information,0.8125,False
"n_students-150_n_skills-10_smoothing-0.5_current_alpha_beta-[4, 4]_future_alpha_beta-[4, 4]",acc,popularity,0.3759765625,False
"n_students-150_n_skills-10_smoothing-0.5_current_alpha_beta-[4, 4]_future_alpha_beta-[4, 4]",acc,simple_markov,0.0009765625,True
"n_students-150_n_skills-10_smoothing-0.5_current_alpha_beta-[4, 4]_future_alpha_beta-[4, 4]",acc,random,0.0009765625,True
"n_students-150_n_skills-10_smoothing-0.5_current_alpha_beta-[4, 4]_future_alpha_beta-[4, 4]",acc,bayesian_network,0.0048828125,True
"n_students-150_n_skills-10_smoothing-0.5_current_alpha_beta-[4, 4]_future_alpha_beta-[5, 3]",acc,full_information,0.947265625,False
"n_students-150_n_skills-10_smoothing-0.5_current_alpha_beta-[4, 4]_future_alpha_beta-[5, 3]",acc,popularity,0.7265625,False
"n_students-150_n_skills-10_smoothing-0.5_current_alpha_beta-[4, 4]_future_alpha_beta-[5, 3]",acc,simple_markov,0.0009765625,True
"n_students-150_n_skills-10_smoothing-0.5_current_alpha_beta-[4, 4]_future_alpha_beta-[5, 3]",acc,random,0.0009765625,True
"n_students-150_n_skills-10_smoothing-0.5_current_alpha_beta-[4, 4]_future_alpha_beta-[5, 3]",acc,bayesian_network,0.0185546875,True
"n_students-150_n_skills-10_smoothing-0.5_current_alpha_beta-[4, 4]_future_alpha_beta-[6, 2]",acc,full_information,0.994140625,False
"n_students-150_n_skills-10_smoothing-0.5_current_alpha_beta-[4, 4]_future_alpha_beta-[6, 2]",acc,popularity,0.65234375,False
"n_students-150_n_skills-10_smoothing-0.5_current_alpha_beta-[4, 4]_future_alpha_beta-[6, 2]",acc,simple_markov,0.0048828125,True
"n_students-150_n_skills-10_smoothing-0.5_current_alpha_beta-[4, 4]_future_alpha_beta-[6, 2]",acc,random,0.0009765625,True
"n_students-150_n_skills-10_smoothing-0.5_current_alpha_beta-[4, 4]_future_alpha_beta-[6, 2]",acc,bayesian_network,0.0185546875,True
"n_students-150_n_skills-10_smoothing-0.5_current_alpha_beta-[5, 3]_future_alpha_beta-[2, 6]",acc,full_information,0.1875,False
"n_students-150_n_skills-10_smoothing-0.5_current_alpha_beta-[5, 3]_future_alpha_beta-[2, 6]",acc,popularity,0.25390625,False
"n_students-150_n_skills-10_smoothing-0.5_current_alpha_beta-[5, 3]_future_alpha_beta-[2, 6]",acc,simple_markov,0.0009765625,True
"n_students-150_n_skills-10_smoothing-0.5_current_alpha_beta-[5, 3]_future_alpha_beta-[2, 6]",acc,random,0.0009765625,True
"n_students-150_n_skills-10_smoothing-0.5_current_alpha_beta-[5, 3]_future_alpha_beta-[2, 6]",acc,bayesian_network,0.0048828125,True
"n_students-150_n_skills-10_smoothing-0.5_current_alpha_beta-[5, 3]_future_alpha_beta-[3, 5]",acc,full_information,1.0,False
"n_students-150_n_skills-10_smoothing-0.5_current_alpha_beta-[5, 3]_future_alpha_beta-[3, 5]",acc,popularity,0.8984375,False
"n_students-150_n_skills-10_smoothing-0.5_current_alpha_beta-[5, 3]_future_alpha_beta-[3, 5]",acc,simple_markov,0.0009765625,True
"n_students-150_n_skills-10_smoothing-0.5_current_alpha_beta-[5, 3]_future_alpha_beta-[3, 5]",acc,random,0.001953125,True
"n_students-150_n_skills-10_smoothing-0.5_current_alpha_beta-[5, 3]_future_alpha_beta-[3, 5]",acc,bayesian_network,0.0322265625,True
"n_students-150_n_skills-10_smoothing-0.5_current_alpha_beta-[5, 3]_future_alpha_beta-[4, 4]",acc,full_information,0.8388671875,False
"n_students-150_n_skills-10_smoothing-0.5_current_alpha_beta-[5, 3]_future_alpha_beta-[4, 4]",acc,popularity,0.90234375,False
"n_students-150_n_skills-10_smoothing-0.5_current_alpha_beta-[5, 3]_future_alpha_beta-[4, 4]",acc,simple_markov,0.0009765625,True
"n_students-150_n_skills-10_smoothing-0.5_current_alpha_beta-[5, 3]_future_alpha_beta-[4, 4]",acc,random,0.0009765625,True
"n_students-150_n_skills-10_smoothing-0.5_current_alpha_beta-[5, 3]_future_alpha_beta-[4, 4]",acc,bayesian_network,0.24609375,False
"n_students-150_n_skills-10_smoothing-0.5_current_alpha_beta-[5, 3]_future_alpha_beta-[5, 3]",acc,full_information,0.9970703125,False
"n_students-150_n_skills-10_smoothing-0.5_current_alpha_beta-[5, 3]_future_alpha_beta-[5, 3]",acc,popularity,0.7265625,False
"n_students-150_n_skills-10_smoothing-0.5_current_alpha_beta-[5, 3]_future_alpha_beta-[5, 3]",acc,simple_markov,0.0009765625,True
"n_students-150_n_skills-10_smoothing-0.5_current_alpha_beta-[5, 3]_future_alpha_beta-[5, 3]",acc,random,0.001953125,True
"n_students-150_n_skills-10_smoothing-0.5_current_alpha_beta-[5, 3]_future_alpha_beta-[5, 3]",acc,bayesian_network,0.0419921875,True
"n_students-150_n_skills-10_smoothing-0.5_current_alpha_beta-[5, 3]_future_alpha_beta-[6, 2]",acc,full_information,0.615234375,False
"n_students-150_n_skills-10_smoothing-0.5_current_alpha_beta-[5, 3]_future_alpha_beta-[6, 2]",acc,popularity,0.34375,False
"n_students-150_n_skills-10_smoothing-0.5_current_alpha_beta-[5, 3]_future_alpha_beta-[6, 2]",acc,simple_markov,0.0068359375,True
"n_students-150_n_skills-10_smoothing-0.5_current_alpha_beta-[5, 3]_future_alpha_beta-[6, 2]",acc,random,0.0009765625,True
"n_students-150_n_skills-10_smoothing-0.5_current_alpha_beta-[5, 3]_future_alpha_beta-[6, 2]",acc,bayesian_network,0.0244140625,True
"n_students-150_n_skills-10_smoothing-0.5_current_alpha_beta-[6, 2]_future_alpha_beta-[2, 6]",acc,full_information,0.0966796875,False
"n_students-150_n_skills-10_smoothing-0.5_current_alpha_beta-[6, 2]_future_alpha_beta-[2, 6]",acc,popularity,0.1162109375,False
"n_students-150_n_skills-10_smoothing-0.5_current_alpha_beta-[6, 2]_future_alpha_beta-[2, 6]",acc,simple_markov,0.0244140625,True
"n_students-150_n_skills-10_smoothing-0.5_current_alpha_beta-[6, 2]_future_alpha_beta-[2, 6]",acc,random,0.005859375,True
"n_students-150_n_skills-10_smoothing-0.5_current_alpha_beta-[6, 2]_future_alpha_beta-[2, 6]",acc,bayesian_network,0.1875,False
"n_students-150_n_skills-10_smoothing-0.5_current_alpha_beta-[6, 2]_future_alpha_beta-[3, 5]",acc,full_information,0.791015625,False
"n_students-150_n_skills-10_smoothing-0.5_current_alpha_beta-[6, 2]_future_alpha_beta-[3, 5]",acc,popularity,0.9853515625,False
"n_students-150_n_skills-10_smoothing-0.5_current_alpha_beta-[6, 2]_future_alpha_beta-[3, 5]",acc,simple_markov,0.001953125,True
"n_students-150_n_skills-10_smoothing-0.5_current_alpha_beta-[6, 2]_future_alpha_beta-[3, 5]",acc,random,0.0009765625,True
"n_students-150_n_skills-10_smoothing-0.5_current_alpha_beta-[6, 2]_future_alpha_beta-[3, 5]",acc,bayesian_network,0.1376953125,False
"n_students-150_n_skills-10_smoothing-0.5_current_alpha_beta-[6, 2]_future_alpha_beta-[4, 4]",acc,full_information,0.751953125,False
"n_students-150_n_skills-10_smoothing-0.5_current_alpha_beta-[6, 2]_future_alpha_beta-[4, 4]",acc,popularity,0.751953125,False
"n_students-150_n_skills-10_smoothing-0.5_current_alpha_beta-[6, 2]_future_alpha_beta-[4, 4]",acc,simple_markov,0.0048828125,True
"n_students-150_n_skills-10_smoothing-0.5_current_alpha_beta-[6, 2]_future_alpha_beta-[4, 4]",acc,random,0.009765625,True
"n_students-150_n_skills-10_smoothing-0.5_current_alpha_beta-[6, 2]_future_alpha_beta-[4, 4]",acc,bayesian_network,0.1875,False
"n_students-150_n_skills-10_smoothing-0.5_current_alpha_beta-[6, 2]_future_alpha_beta-[5, 3]",acc,full_information,0.9580078125,False
"n_students-150_n_skills-10_smoothing-0.5_current_alpha_beta-[6, 2]_future_alpha_beta-[5, 3]",acc,popularity,0.80859375,False
"n_students-150_n_skills-10_smoothing-0.5_current_alpha_beta-[6, 2]_future_alpha_beta-[5, 3]",acc,simple_markov,0.0029296875,True
"n_students-150_n_skills-10_smoothing-0.5_current_alpha_beta-[6, 2]_future_alpha_beta-[5, 3]",acc,random,0.0009765625,True
"n_students-150_n_skills-10_smoothing-0.5_current_alpha_beta-[6, 2]_future_alpha_beta-[5, 3]",acc,bayesian_network,0.0419921875,True
"n_students-150_n_skills-10_smoothing-0.5_current_alpha_beta-[6, 2]_future_alpha_beta-[6, 2]",acc,full_information,0.8837890625,False
"n_students-150_n_skills-10_smoothing-0.5_current_alpha_beta-[6, 2]_future_alpha_beta-[6, 2]",acc,popularity,0.80859375,False
"n_students-150_n_skills-10_smoothing-0.5_current_alpha_beta-[6, 2]_future_alpha_beta-[6, 2]",acc,simple_markov,0.0419921875,True
"n_students-150_n_skills-10_smoothing-0.5_current_alpha_beta-[6, 2]_future_alpha_beta-[6, 2]",acc,random,0.0009765625,True
"n_students-150_n_skills-10_smoothing-0.5_current_alpha_beta-[6, 2]_future_alpha_beta-[6, 2]",acc,bayesian_network,0.4228515625,False
"n_students-150_n_skills-15_smoothing-0.1_current_alpha_beta-[2, 6]_future_alpha_beta-[2, 6]",acc,full_information,0.8125,False
"n_students-150_n_skills-15_smoothing-0.1_current_alpha_beta-[2, 6]_future_alpha_beta-[2, 6]",acc,popularity,0.1875,False
"n_students-150_n_skills-15_smoothing-0.1_current_alpha_beta-[2, 6]_future_alpha_beta-[2, 6]",acc,simple_markov,0.0009765625,True
"n_students-150_n_skills-15_smoothing-0.1_current_alpha_beta-[2, 6]_future_alpha_beta-[2, 6]",acc,random,0.0009765625,True
"n_students-150_n_skills-15_smoothing-0.1_current_alpha_beta-[2, 6]_future_alpha_beta-[2, 6]",acc,bayesian_network,0.0009765625,True
"n_students-150_n_skills-15_smoothing-0.1_current_alpha_beta-[2, 6]_future_alpha_beta-[3, 5]",acc,full_information,0.998046875,False
"n_students-150_n_skills-15_smoothing-0.1_current_alpha_beta-[2, 6]_future_alpha_beta-[3, 5]",acc,popularity,0.986328125,False
"n_students-150_n_skills-15_smoothing-0.1_current_alpha_beta-[2, 6]_future_alpha_beta-[3, 5]",acc,simple_markov,0.0009765625,True
"n_students-150_n_skills-15_smoothing-0.1_current_alpha_beta-[2, 6]_future_alpha_beta-[3, 5]",acc,random,0.0009765625,True
"n_students-150_n_skills-15_smoothing-0.1_current_alpha_beta-[2, 6]_future_alpha_beta-[3, 5]",acc,bayesian_network,0.0009765625,True
"n_students-150_n_skills-15_smoothing-0.1_current_alpha_beta-[2, 6]_future_alpha_beta-[4, 4]",acc,full_information,1.0,False
"n_students-150_n_skills-15_smoothing-0.1_current_alpha_beta-[2, 6]_future_alpha_beta-[4, 4]",acc,popularity,0.5,False
"n_students-150_n_skills-15_smoothing-0.1_current_alpha_beta-[2, 6]_future_alpha_beta-[4, 4]",acc,simple_markov,0.0009765625,True
"n_students-150_n_skills-15_smoothing-0.1_current_alpha_beta-[2, 6]_future_alpha_beta-[4, 4]",acc,random,0.0009765625,True
"n_students-150_n_skills-15_smoothing-0.1_current_alpha_beta-[2, 6]_future_alpha_beta-[4, 4]",acc,bayesian_network,0.0009765625,True
"n_students-150_n_skills-15_smoothing-0.1_current_alpha_beta-[2, 6]_future_alpha_beta-[5, 3]",acc,full_information,0.9990234375,False
"n_students-150_n_skills-15_smoothing-0.1_current_alpha_beta-[2, 6]_future_alpha_beta-[5, 3]",acc,popularity,0.4609375,False
"n_students-150_n_skills-15_smoothing-0.1_current_alpha_beta-[2, 6]_future_alpha_beta-[5, 3]",acc,simple_markov,0.0009765625,True
"n_students-150_n_skills-15_smoothing-0.1_current_alpha_beta-[2, 6]_future_alpha_beta-[5, 3]",acc,random,0.0009765625,True
"n_students-150_n_skills-15_smoothing-0.1_current_alpha_beta-[2, 6]_future_alpha_beta-[5, 3]",acc,bayesian_network,0.0009765625,True
"n_students-150_n_skills-15_smoothing-0.1_current_alpha_beta-[2, 6]_future_alpha_beta-[6, 2]",acc,full_information,1.0,False
"n_students-150_n_skills-15_smoothing-0.1_current_alpha_beta-[2, 6]_future_alpha_beta-[6, 2]",acc,popularity,0.34765625,False
"n_students-150_n_skills-15_smoothing-0.1_current_alpha_beta-[2, 6]_future_alpha_beta-[6, 2]",acc,simple_markov,0.0009765625,True
"n_students-150_n_skills-15_smoothing-0.1_current_alpha_beta-[2, 6]_future_alpha_beta-[6, 2]",acc,random,0.0009765625,True
"n_students-150_n_skills-15_smoothing-0.1_current_alpha_beta-[2, 6]_future_alpha_beta-[6, 2]",acc,bayesian_network,0.0009765625,True
"n_students-150_n_skills-15_smoothing-0.1_current_alpha_beta-[3, 5]_future_alpha_beta-[2, 6]",acc,full_information,0.8837890625,False
"n_students-150_n_skills-15_smoothing-0.1_current_alpha_beta-[3, 5]_future_alpha_beta-[2, 6]",acc,popularity,0.384765625,False
"n_students-150_n_skills-15_smoothing-0.1_current_alpha_beta-[3, 5]_future_alpha_beta-[2, 6]",acc,simple_markov,0.0009765625,True
"n_students-150_n_skills-15_smoothing-0.1_current_alpha_beta-[3, 5]_future_alpha_beta-[2, 6]",acc,random,0.0009765625,True
"n_students-150_n_skills-15_smoothing-0.1_current_alpha_beta-[3, 5]_future_alpha_beta-[2, 6]",acc,bayesian_network,0.0009765625,True
"n_students-150_n_skills-15_smoothing-0.1_current_alpha_beta-[3, 5]_future_alpha_beta-[3, 5]",acc,full_information,0.8623046875,False
"n_students-150_n_skills-15_smoothing-0.1_current_alpha_beta-[3, 5]_future_alpha_beta-[3, 5]",acc,popularity,0.9033203125,False
"n_students-150_n_skills-15_smoothing-0.1_current_alpha_beta-[3, 5]_future_alpha_beta-[3, 5]",acc,simple_markov,0.0009765625,True
"n_students-150_n_skills-15_smoothing-0.1_current_alpha_beta-[3, 5]_future_alpha_beta-[3, 5]",acc,random,0.0009765625,True
"n_students-150_n_skills-15_smoothing-0.1_current_alpha_beta-[3, 5]_future_alpha_beta-[3, 5]",acc,bayesian_network,0.0009765625,True
"n_students-150_n_skills-15_smoothing-0.1_current_alpha_beta-[3, 5]_future_alpha_beta-[4, 4]",acc,full_information,0.97265625,False
"n_students-150_n_skills-15_smoothing-0.1_current_alpha_beta-[3, 5]_future_alpha_beta-[4, 4]",acc,popularity,0.8388671875,False
"n_students-150_n_skills-15_smoothing-0.1_current_alpha_beta-[3, 5]_future_alpha_beta-[4, 4]",acc,simple_markov,0.0009765625,True
"n_students-150_n_skills-15_smoothing-0.1_current_alpha_beta-[3, 5]_future_alpha_beta-[4, 4]",acc,random,0.0009765625,True
"n_students-150_n_skills-15_smoothing-0.1_current_alpha_beta-[3, 5]_future_alpha_beta-[4, 4]",acc,bayesian_network,0.0009765625,True
"n_students-150_n_skills-15_smoothing-0.1_current_alpha_beta-[3, 5]_future_alpha_beta-[5, 3]",acc,full_information,0.9990234375,False
"n_students-150_n_skills-15_smoothing-0.1_current_alpha_beta-[3, 5]_future_alpha_beta-[5, 3]",acc,popularity,0.5,False
"n_students-150_n_skills-15_smoothing-0.1_current_alpha_beta-[3, 5]_future_alpha_beta-[5, 3]",acc,simple_markov,0.0009765625,True
"n_students-150_n_skills-15_smoothing-0.1_current_alpha_beta-[3, 5]_future_alpha_beta-[5, 3]",acc,random,0.0009765625,True
"n_students-150_n_skills-15_smoothing-0.1_current_alpha_beta-[3, 5]_future_alpha_beta-[5, 3]",acc,bayesian_network,0.0009765625,True
"n_students-150_n_skills-15_smoothing-0.1_current_alpha_beta-[3, 5]_future_alpha_beta-[6, 2]",acc,full_information,0.998046875,False
"n_students-150_n_skills-15_smoothing-0.1_current_alpha_beta-[3, 5]_future_alpha_beta-[6, 2]",acc,popularity,0.34765625,False
"n_students-150_n_skills-15_smoothing-0.1_current_alpha_beta-[3, 5]_future_alpha_beta-[6, 2]",acc,simple_markov,0.0009765625,True
"n_students-150_n_skills-15_smoothing-0.1_current_alpha_beta-[3, 5]_future_alpha_beta-[6, 2]",acc,random,0.0009765625,True
"n_students-150_n_skills-15_smoothing-0.1_current_alpha_beta-[3, 5]_future_alpha_beta-[6, 2]",acc,bayesian_network,0.0009765625,True
"n_students-150_n_skills-15_smoothing-0.1_current_alpha_beta-[4, 4]_future_alpha_beta-[2, 6]",acc,full_information,0.7216796875,False
"n_students-150_n_skills-15_smoothing-0.1_current_alpha_beta-[4, 4]_future_alpha_beta-[2, 6]",acc,popularity,0.2548828125,False
"n_students-150_n_skills-15_smoothing-0.1_current_alpha_beta-[4, 4]_future_alpha_beta-[2, 6]",acc,simple_markov,0.0009765625,True
"n_students-150_n_skills-15_smoothing-0.1_current_alpha_beta-[4, 4]_future_alpha_beta-[2, 6]",acc,random,0.0009765625,True
"n_students-150_n_skills-15_smoothing-0.1_current_alpha_beta-[4, 4]_future_alpha_beta-[2, 6]",acc,bayesian_network,0.001953125,True
"n_students-150_n_skills-15_smoothing-0.1_current_alpha_beta-[4, 4]_future_alpha_beta-[3, 5]",acc,full_information,0.7265625,False
"n_students-150_n_skills-15_smoothing-0.1_current_alpha_beta-[4, 4]_future_alpha_beta-[3, 5]",acc,popularity,0.384765625,False
"n_students-150_n_skills-15_smoothing-0.1_current_alpha_beta-[4, 4]_future_alpha_beta-[3, 5]",acc,simple_markov,0.0009765625,True
"n_students-150_n_skills-15_smoothing-0.1_current_alpha_beta-[4, 4]_future_alpha_beta-[3, 5]",acc,random,0.0009765625,True
"n_students-150_n_skills-15_smoothing-0.1_current_alpha_beta-[4, 4]_future_alpha_beta-[3, 5]",acc,bayesian_network,0.0009765625,True
"n_students-150_n_skills-15_smoothing-0.1_current_alpha_beta-[4, 4]_future_alpha_beta-[4, 4]",acc,full_information,0.9814453125,False
"n_students-150_n_skills-15_smoothing-0.1_current_alpha_beta-[4, 4]_future_alpha_beta-[4, 4]",acc,popularity,0.65234375,False
"n_students-150_n_skills-15_smoothing-0.1_current_alpha_beta-[4, 4]_future_alpha_beta-[4, 4]",acc,simple_markov,0.0009765625,True
"n_students-150_n_skills-15_smoothing-0.1_current_alpha_beta-[4, 4]_future_alpha_beta-[4, 4]",acc,random,0.0009765625,True
"n_students-150_n_skills-15_smoothing-0.1_current_alpha_beta-[4, 4]_future_alpha_beta-[4, 4]",acc,bayesian_network,0.0009765625,True
"n_students-150_n_skills-15_smoothing-0.1_current_alpha_beta-[4, 4]_future_alpha_beta-[5, 3]",acc,full_information,0.9931640625,False
"n_students-150_n_skills-15_smoothing-0.1_current_alpha_beta-[4, 4]_future_alpha_beta-[5, 3]",acc,popularity,0.150390625,False
"n_students-150_n_skills-15_smoothing-0.1_current_alpha_beta-[4, 4]_future_alpha_beta-[5, 3]",acc,simple_markov,0.0009765625,True
"n_students-150_n_skills-15_smoothing-0.1_current_alpha_beta-[4, 4]_future_alpha_beta-[5, 3]",acc,random,0.0009765625,True
"n_students-150_n_skills-15_smoothing-0.1_current_alpha_beta-[4, 4]_future_alpha_beta-[5, 3]",acc,bayesian_network,0.0009765625,True
"n_students-150_n_skills-15_smoothing-0.1_current_alpha_beta-[4, 4]_future_alpha_beta-[6, 2]",acc,full_information,0.578125,False
"n_students-150_n_skills-15_smoothing-0.1_current_alpha_beta-[4, 4]_future_alpha_beta-[6, 2]",acc,popularity,0.09765625,False
"n_students-150_n_skills-15_smoothing-0.1_current_alpha_beta-[4, 4]_future_alpha_beta-[6, 2]",acc,simple_markov,0.0009765625,True
"n_students-150_n_skills-15_smoothing-0.1_current_alpha_beta-[4, 4]_future_alpha_beta-[6, 2]",acc,random,0.0009765625,True
"n_students-150_n_skills-15_smoothing-0.1_current_alpha_beta-[4, 4]_future_alpha_beta-[6, 2]",acc,bayesian_network,0.0009765625,True
"n_students-150_n_skills-15_smoothing-0.1_current_alpha_beta-[5, 3]_future_alpha_beta-[2, 6]",acc,full_information,0.8125,False
"n_students-150_n_skills-15_smoothing-0.1_current_alpha_beta-[5, 3]_future_alpha_beta-[2, 6]",acc,popularity,0.75,False
"n_students-150_n_skills-15_smoothing-0.1_current_alpha_beta-[5, 3]_future_alpha_beta-[2, 6]",acc,simple_markov,0.0009765625,True
"n_students-150_n_skills-15_smoothing-0.1_current_alpha_beta-[5, 3]_future_alpha_beta-[2, 6]",acc,random,0.0009765625,True
"n_students-150_n_skills-15_smoothing-0.1_current_alpha_beta-[5, 3]_future_alpha_beta-[2, 6]",acc,bayesian_network,0.0009765625,True
"n_students-150_n_skills-15_smoothing-0.1_current_alpha_beta-[5, 3]_future_alpha_beta-[3, 5]",acc,full_information,0.212890625,False
"n_students-150_n_skills-15_smoothing-0.1_current_alpha_beta-[5, 3]_future_alpha_beta-[3, 5]",acc,popularity,0.69140625,False
"n_students-150_n_skills-15_smoothing-0.1_current_alpha_beta-[5, 3]_future_alpha_beta-[3, 5]",acc,simple_markov,0.0009765625,True
"n_students-150_n_skills-15_smoothing-0.1_current_alpha_beta-[5, 3]_future_alpha_beta-[3, 5]",acc,random,0.0009765625,True
"n_students-150_n_skills-15_smoothing-0.1_current_alpha_beta-[5, 3]_future_alpha_beta-[3, 5]",acc,bayesian_network,0.0009765625,True
"n_students-150_n_skills-15_smoothing-0.1_current_alpha_beta-[5, 3]_future_alpha_beta-[4, 4]",acc,full_information,0.7265625,False
"n_students-150_n_skills-15_smoothing-0.1_current_alpha_beta-[5, 3]_future_alpha_beta-[4, 4]",acc,popularity,0.65625,False
"n_students-150_n_skills-15_smoothing-0.1_current_alpha_beta-[5, 3]_future_alpha_beta-[4, 4]",acc,simple_markov,0.0009765625,True
"n_students-150_n_skills-15_smoothing-0.1_current_alpha_beta-[5, 3]_future_alpha_beta-[4, 4]",acc,random,0.0009765625,True
"n_students-150_n_skills-15_smoothing-0.1_current_alpha_beta-[5, 3]_future_alpha_beta-[4, 4]",acc,bayesian_network,0.0009765625,True
"n_students-150_n_skills-15_smoothing-0.1_current_alpha_beta-[5, 3]_future_alpha_beta-[5, 3]",acc,full_information,0.65625,False
"n_students-150_n_skills-15_smoothing-0.1_current_alpha_beta-[5, 3]_future_alpha_beta-[5, 3]",acc,popularity,0.875,False
"n_students-150_n_skills-15_smoothing-0.1_current_alpha_beta-[5, 3]_future_alpha_beta-[5, 3]",acc,simple_markov,0.0009765625,True
"n_students-150_n_skills-15_smoothing-0.1_current_alpha_beta-[5, 3]_future_alpha_beta-[5, 3]",acc,random,0.0009765625,True
"n_students-150_n_skills-15_smoothing-0.1_current_alpha_beta-[5, 3]_future_alpha_beta-[5, 3]",acc,bayesian_network,0.0009765625,True
"n_students-150_n_skills-15_smoothing-0.1_current_alpha_beta-[5, 3]_future_alpha_beta-[6, 2]",acc,full_information,0.935546875,False
"n_students-150_n_skills-15_smoothing-0.1_current_alpha_beta-[5, 3]_future_alpha_beta-[6, 2]",acc,popularity,0.62890625,False
"n_students-150_n_skills-15_smoothing-0.1_current_alpha_beta-[5, 3]_future_alpha_beta-[6, 2]",acc,simple_markov,0.0009765625,True
"n_students-150_n_skills-15_smoothing-0.1_current_alpha_beta-[5, 3]_future_alpha_beta-[6, 2]",acc,random,0.0009765625,True
"n_students-150_n_skills-15_smoothing-0.1_current_alpha_beta-[5, 3]_future_alpha_beta-[6, 2]",acc,bayesian_network,0.0009765625,True
"n_students-150_n_skills-15_smoothing-0.1_current_alpha_beta-[6, 2]_future_alpha_beta-[2, 6]",acc,full_information,0.84375,False
"n_students-150_n_skills-15_smoothing-0.1_current_alpha_beta-[6, 2]_future_alpha_beta-[2, 6]",acc,popularity,0.95703125,False
"n_students-150_n_skills-15_smoothing-0.1_current_alpha_beta-[6, 2]_future_alpha_beta-[2, 6]",acc,simple_markov,0.0009765625,True
"n_students-150_n_skills-15_smoothing-0.1_current_alpha_beta-[6, 2]_future_alpha_beta-[2, 6]",acc,random,0.0009765625,True
"n_students-150_n_skills-15_smoothing-0.1_current_alpha_beta-[6, 2]_future_alpha_beta-[2, 6]",acc,bayesian_network,0.0009765625,True
"n_students-150_n_skills-15_smoothing-0.1_current_alpha_beta-[6, 2]_future_alpha_beta-[3, 5]",acc,full_information,0.80859375,False
"n_students-150_n_skills-15_smoothing-0.1_current_alpha_beta-[6, 2]_future_alpha_beta-[3, 5]",acc,popularity,0.890625,False
"n_students-150_n_skills-15_smoothing-0.1_current_alpha_beta-[6, 2]_future_alpha_beta-[3, 5]",acc,simple_markov,0.0009765625,True
"n_students-150_n_skills-15_smoothing-0.1_current_alpha_beta-[6, 2]_future_alpha_beta-[3, 5]",acc,random,0.0009765625,True
"n_students-150_n_skills-15_smoothing-0.1_current_alpha_beta-[6, 2]_future_alpha_beta-[3, 5]",acc,bayesian_network,0.001953125,True
"n_students-150_n_skills-15_smoothing-0.1_current_alpha_beta-[6, 2]_future_alpha_beta-[4, 4]",acc,full_information,0.71875,False
"n_students-150_n_skills-15_smoothing-0.1_current_alpha_beta-[6, 2]_future_alpha_beta-[4, 4]",acc,popularity,0.71875,False
"n_students-150_n_skills-15_smoothing-0.1_current_alpha_beta-[6, 2]_future_alpha_beta-[4, 4]",acc,simple_markov,0.0009765625,True
"n_students-150_n_skills-15_smoothing-0.1_current_alpha_beta-[6, 2]_future_alpha_beta-[4, 4]",acc,random,0.0009765625,True
"n_students-150_n_skills-15_smoothing-0.1_current_alpha_beta-[6, 2]_future_alpha_beta-[4, 4]",acc,bayesian_network,0.0009765625,True
"n_students-150_n_skills-15_smoothing-0.1_current_alpha_beta-[6, 2]_future_alpha_beta-[5, 3]",acc,full_information,0.71875,False
"n_students-150_n_skills-15_smoothing-0.1_current_alpha_beta-[6, 2]_future_alpha_beta-[5, 3]",acc,popularity,0.8125,False
"n_students-150_n_skills-15_smoothing-0.1_current_alpha_beta-[6, 2]_future_alpha_beta-[5, 3]",acc,simple_markov,0.0009765625,True
"n_students-150_n_skills-15_smoothing-0.1_current_alpha_beta-[6, 2]_future_alpha_beta-[5, 3]",acc,random,0.0009765625,True
"n_students-150_n_skills-15_smoothing-0.1_current_alpha_beta-[6, 2]_future_alpha_beta-[5, 3]",acc,bayesian_network,0.0009765625,True
"n_students-150_n_skills-15_smoothing-0.1_current_alpha_beta-[6, 2]_future_alpha_beta-[6, 2]",acc,full_information,0.84375,False
"n_students-150_n_skills-15_smoothing-0.1_current_alpha_beta-[6, 2]_future_alpha_beta-[6, 2]",acc,popularity,0.9375,False
"n_students-150_n_skills-15_smoothing-0.1_current_alpha_beta-[6, 2]_future_alpha_beta-[6, 2]",acc,simple_markov,0.0009765625,True
"n_students-150_n_skills-15_smoothing-0.1_current_alpha_beta-[6, 2]_future_alpha_beta-[6, 2]",acc,random,0.0009765625,True
"n_students-150_n_skills-15_smoothing-0.1_current_alpha_beta-[6, 2]_future_alpha_beta-[6, 2]",acc,bayesian_network,0.0009765625,True
"n_students-150_n_skills-15_smoothing-0.3_current_alpha_beta-[2, 6]_future_alpha_beta-[2, 6]",acc,full_information,0.998046875,False
"n_students-150_n_skills-15_smoothing-0.3_current_alpha_beta-[2, 6]_future_alpha_beta-[2, 6]",acc,popularity,0.8837890625,False
"n_students-150_n_skills-15_smoothing-0.3_current_alpha_beta-[2, 6]_future_alpha_beta-[2, 6]",acc,simple_markov,0.0009765625,True
"n_students-150_n_skills-15_smoothing-0.3_current_alpha_beta-[2, 6]_future_alpha_beta-[2, 6]",acc,random,0.0009765625,True
"n_students-150_n_skills-15_smoothing-0.3_current_alpha_beta-[2, 6]_future_alpha_beta-[2, 6]",acc,bayesian_network,0.001953125,True
"n_students-150_n_skills-15_smoothing-0.3_current_alpha_beta-[2, 6]_future_alpha_beta-[3, 5]",acc,full_information,0.990234375,False
"n_students-150_n_skills-15_smoothing-0.3_current_alpha_beta-[2, 6]_future_alpha_beta-[3, 5]",acc,popularity,0.7216796875,False
"n_students-150_n_skills-15_smoothing-0.3_current_alpha_beta-[2, 6]_future_alpha_beta-[3, 5]",acc,simple_markov,0.0009765625,True
"n_students-150_n_skills-15_smoothing-0.3_current_alpha_beta-[2, 6]_future_alpha_beta-[3, 5]",acc,random,0.0009765625,True
"n_students-150_n_skills-15_smoothing-0.3_current_alpha_beta-[2, 6]_future_alpha_beta-[3, 5]",acc,bayesian_network,0.0009765625,True
"n_students-150_n_skills-15_smoothing-0.3_current_alpha_beta-[2, 6]_future_alpha_beta-[4, 4]",acc,full_information,0.9990234375,False
"n_students-150_n_skills-15_smoothing-0.3_current_alpha_beta-[2, 6]_future_alpha_beta-[4, 4]",acc,popularity,0.4228515625,False
"n_students-150_n_skills-15_smoothing-0.3_current_alpha_beta-[2, 6]_future_alpha_beta-[4, 4]",acc,simple_markov,0.0009765625,True
"n_students-150_n_skills-15_smoothing-0.3_current_alpha_beta-[2, 6]_future_alpha_beta-[4, 4]",acc,random,0.0009765625,True
"n_students-150_n_skills-15_smoothing-0.3_current_alpha_beta-[2, 6]_future_alpha_beta-[4, 4]",acc,bayesian_network,0.0009765625,True
"n_students-150_n_skills-15_smoothing-0.3_current_alpha_beta-[2, 6]_future_alpha_beta-[5, 3]",acc,full_information,1.0,False
"n_students-150_n_skills-15_smoothing-0.3_current_alpha_beta-[2, 6]_future_alpha_beta-[5, 3]",acc,popularity,0.1875,False
"n_students-150_n_skills-15_smoothing-0.3_current_alpha_beta-[2, 6]_future_alpha_beta-[5, 3]",acc,simple_markov,0.0009765625,True
"n_students-150_n_skills-15_smoothing-0.3_current_alpha_beta-[2, 6]_future_alpha_beta-[5, 3]",acc,random,0.0009765625,True
"n_students-150_n_skills-15_smoothing-0.3_current_alpha_beta-[2, 6]_future_alpha_beta-[5, 3]",acc,bayesian_network,0.0009765625,True
"n_students-150_n_skills-15_smoothing-0.3_current_alpha_beta-[2, 6]_future_alpha_beta-[6, 2]",acc,full_information,0.998046875,False
"n_students-150_n_skills-15_smoothing-0.3_current_alpha_beta-[2, 6]_future_alpha_beta-[6, 2]",acc,popularity,0.3125,False
"n_students-150_n_skills-15_smoothing-0.3_current_alpha_beta-[2, 6]_future_alpha_beta-[6, 2]",acc,simple_markov,0.0009765625,True
"n_students-150_n_skills-15_smoothing-0.3_current_alpha_beta-[2, 6]_future_alpha_beta-[6, 2]",acc,random,0.0009765625,True
"n_students-150_n_skills-15_smoothing-0.3_current_alpha_beta-[2, 6]_future_alpha_beta-[6, 2]",acc,bayesian_network,0.0009765625,True
"n_students-150_n_skills-15_smoothing-0.3_current_alpha_beta-[3, 5]_future_alpha_beta-[2, 6]",acc,full_information,0.5390625,False
"n_students-150_n_skills-15_smoothing-0.3_current_alpha_beta-[3, 5]_future_alpha_beta-[2, 6]",acc,popularity,0.009765625,True
"n_students-150_n_skills-15_smoothing-0.3_current_alpha_beta-[3, 5]_future_alpha_beta-[2, 6]",acc,simple_markov,0.0009765625,True
"n_students-150_n_skills-15_smoothing-0.3_current_alpha_beta-[3, 5]_future_alpha_beta-[2, 6]",acc,random,0.0009765625,True
"n_students-150_n_skills-15_smoothing-0.3_current_alpha_beta-[3, 5]_future_alpha_beta-[2, 6]",acc,bayesian_network,0.0009765625,True
"n_students-150_n_skills-15_smoothing-0.3_current_alpha_beta-[3, 5]_future_alpha_beta-[3, 5]",acc,full_information,0.9677734375,False
"n_students-150_n_skills-15_smoothing-0.3_current_alpha_beta-[3, 5]_future_alpha_beta-[3, 5]",acc,popularity,0.125,False
"n_students-150_n_skills-15_smoothing-0.3_current_alpha_beta-[3, 5]_future_alpha_beta-[3, 5]",acc,simple_markov,0.0009765625,True
"n_students-150_n_skills-15_smoothing-0.3_current_alpha_beta-[3, 5]_future_alpha_beta-[3, 5]",acc,random,0.0009765625,True
"n_students-150_n_skills-15_smoothing-0.3_current_alpha_beta-[3, 5]_future_alpha_beta-[3, 5]",acc,bayesian_network,0.0009765625,True
"n_students-150_n_skills-15_smoothing-0.3_current_alpha_beta-[3, 5]_future_alpha_beta-[4, 4]",acc,full_information,1.0,False
"n_students-150_n_skills-15_smoothing-0.3_current_alpha_beta-[3, 5]_future_alpha_beta-[4, 4]",acc,popularity,0.7841796875,False
"n_students-150_n_skills-15_smoothing-0.3_current_alpha_beta-[3, 5]_future_alpha_beta-[4, 4]",acc,simple_markov,0.0009765625,True
"n_students-150_n_skills-15_smoothing-0.3_current_alpha_beta-[3, 5]_future_alpha_beta-[4, 4]",acc,random,0.0009765625,True
"n_students-150_n_skills-15_smoothing-0.3_current_alpha_beta-[3, 5]_future_alpha_beta-[4, 4]",acc,bayesian_network,0.0009765625,True
"n_students-150_n_skills-15_smoothing-0.3_current_alpha_beta-[3, 5]_future_alpha_beta-[5, 3]",acc,full_information,1.0,False
"n_students-150_n_skills-15_smoothing-0.3_current_alpha_beta-[3, 5]_future_alpha_beta-[5, 3]",acc,popularity,0.4609375,False
"n_students-150_n_skills-15_smoothing-0.3_current_alpha_beta-[3, 5]_future_alpha_beta-[5, 3]",acc,simple_markov,0.0009765625,True
"n_students-150_n_skills-15_smoothing-0.3_current_alpha_beta-[3, 5]_future_alpha_beta-[5, 3]",acc,random,0.0009765625,True
"n_students-150_n_skills-15_smoothing-0.3_current_alpha_beta-[3, 5]_future_alpha_beta-[5, 3]",acc,bayesian_network,0.0009765625,True
"n_students-150_n_skills-15_smoothing-0.3_current_alpha_beta-[3, 5]_future_alpha_beta-[6, 2]",acc,full_information,0.990234375,False
"n_students-150_n_skills-15_smoothing-0.3_current_alpha_beta-[3, 5]_future_alpha_beta-[6, 2]",acc,popularity,0.0654296875,False
"n_students-150_n_skills-15_smoothing-0.3_current_alpha_beta-[3, 5]_future_alpha_beta-[6, 2]",acc,simple_markov,0.0009765625,True
"n_students-150_n_skills-15_smoothing-0.3_current_alpha_beta-[3, 5]_future_alpha_beta-[6, 2]",acc,random,0.0009765625,True
"n_students-150_n_skills-15_smoothing-0.3_current_alpha_beta-[3, 5]_future_alpha_beta-[6, 2]",acc,bayesian_network,0.0009765625,True
"n_students-150_n_skills-15_smoothing-0.3_current_alpha_beta-[4, 4]_future_alpha_beta-[2, 6]",acc,full_information,0.6875,False
"n_students-150_n_skills-15_smoothing-0.3_current_alpha_beta-[4, 4]_future_alpha_beta-[2, 6]",acc,popularity,0.7216796875,False
"n_students-150_n_skills-15_smoothing-0.3_current_alpha_beta-[4, 4]_future_alpha_beta-[2, 6]",acc,simple_markov,0.0009765625,True
"n_students-150_n_skills-15_smoothing-0.3_current_alpha_beta-[4, 4]_future_alpha_beta-[2, 6]",acc,random,0.0009765625,True
"n_students-150_n_skills-15_smoothing-0.3_current_alpha_beta-[4, 4]_future_alpha_beta-[2, 6]",acc,bayesian_network,0.0009765625,True
"n_students-150_n_skills-15_smoothing-0.3_current_alpha_beta-[4, 4]_future_alpha_beta-[3, 5]",acc,full_information,0.544921875,False
"n_students-150_n_skills-15_smoothing-0.3_current_alpha_beta-[4, 4]_future_alpha_beta-[3, 5]",acc,popularity,0.125,False
"n_students-150_n_skills-15_smoothing-0.3_current_alpha_beta-[4, 4]_future_alpha_beta-[3, 5]",acc,simple_markov,0.0009765625,True
"n_students-150_n_skills-15_smoothing-0.3_current_alpha_beta-[4, 4]_future_alpha_beta-[3, 5]",acc,random,0.0009765625,True
"n_students-150_n_skills-15_smoothing-0.3_current_alpha_beta-[4, 4]_future_alpha_beta-[3, 5]",acc,bayesian_network,0.0009765625,True
"n_students-150_n_skills-15_smoothing-0.3_current_alpha_beta-[4, 4]_future_alpha_beta-[4, 4]",acc,full_information,0.9580078125,False
"n_students-150_n_skills-15_smoothing-0.3_current_alpha_beta-[4, 4]_future_alpha_beta-[4, 4]",acc,popularity,0.1796875,False
"n_students-150_n_skills-15_smoothing-0.3_current_alpha_beta-[4, 4]_future_alpha_beta-[4, 4]",acc,simple_markov,0.0009765625,True
"n_students-150_n_skills-15_smoothing-0.3_current_alpha_beta-[4, 4]_future_alpha_beta-[4, 4]",acc,random,0.0009765625,True
"n_students-150_n_skills-15_smoothing-0.3_current_alpha_beta-[4, 4]_future_alpha_beta-[4, 4]",acc,bayesian_network,0.0009765625,True
"n_students-150_n_skills-15_smoothing-0.3_current_alpha_beta-[4, 4]_future_alpha_beta-[5, 3]",acc,full_information,0.9990234375,False
"n_students-150_n_skills-15_smoothing-0.3_current_alpha_beta-[4, 4]_future_alpha_beta-[5, 3]",acc,popularity,0.8388671875,False
"n_students-150_n_skills-15_smoothing-0.3_current_alpha_beta-[4, 4]_future_alpha_beta-[5, 3]",acc,simple_markov,0.0009765625,True
"n_students-150_n_skills-15_smoothing-0.3_current_alpha_beta-[4, 4]_future_alpha_beta-[5, 3]",acc,random,0.0009765625,True
"n_students-150_n_skills-15_smoothing-0.3_current_alpha_beta-[4, 4]_future_alpha_beta-[5, 3]",acc,bayesian_network,0.0009765625,True
"n_students-150_n_skills-15_smoothing-0.3_current_alpha_beta-[4, 4]_future_alpha_beta-[6, 2]",acc,full_information,0.9580078125,False
"n_students-150_n_skills-15_smoothing-0.3_current_alpha_beta-[4, 4]_future_alpha_beta-[6, 2]",acc,popularity,0.0966796875,False
"n_students-150_n_skills-15_smoothing-0.3_current_alpha_beta-[4, 4]_future_alpha_beta-[6, 2]",acc,simple_markov,0.0009765625,True
"n_students-150_n_skills-15_smoothing-0.3_current_alpha_beta-[4, 4]_future_alpha_beta-[6, 2]",acc,random,0.0009765625,True
"n_students-150_n_skills-15_smoothing-0.3_current_alpha_beta-[4, 4]_future_alpha_beta-[6, 2]",acc,bayesian_network,0.0009765625,True
"n_students-150_n_skills-15_smoothing-0.3_current_alpha_beta-[5, 3]_future_alpha_beta-[2, 6]",acc,full_information,0.6875,False
"n_students-150_n_skills-15_smoothing-0.3_current_alpha_beta-[5, 3]_future_alpha_beta-[2, 6]",acc,popularity,0.3388671875,False
"n_students-150_n_skills-15_smoothing-0.3_current_alpha_beta-[5, 3]_future_alpha_beta-[2, 6]",acc,simple_markov,0.0009765625,True
"n_students-150_n_skills-15_smoothing-0.3_current_alpha_beta-[5, 3]_future_alpha_beta-[2, 6]",acc,random,0.0009765625,True
"n_students-150_n_skills-15_smoothing-0.3_current_alpha_beta-[5, 3]_future_alpha_beta-[2, 6]",acc,bayesian_network,0.0244140625,True
"n_students-150_n_skills-15_smoothing-0.3_current_alpha_beta-[5, 3]_future_alpha_beta-[3, 5]",acc,full_information,0.9990234375,False
"n_students-150_n_skills-15_smoothing-0.3_current_alpha_beta-[5, 3]_future_alpha_beta-[3, 5]",acc,popularity,0.947265625,False
"n_students-150_n_skills-15_smoothing-0.3_current_alpha_beta-[5, 3]_future_alpha_beta-[3, 5]",acc,simple_markov,0.0009765625,True
"n_students-150_n_skills-15_smoothing-0.3_current_alpha_beta-[5, 3]_future_alpha_beta-[3, 5]",acc,random,0.0009765625,True
"n_students-150_n_skills-15_smoothing-0.3_current_alpha_beta-[5, 3]_future_alpha_beta-[3, 5]",acc,bayesian_network,0.0009765625,True
"n_students-150_n_skills-15_smoothing-0.3_current_alpha_beta-[5, 3]_future_alpha_beta-[4, 4]",acc,full_information,0.9345703125,False
"n_students-150_n_skills-15_smoothing-0.3_current_alpha_beta-[5, 3]_future_alpha_beta-[4, 4]",acc,popularity,0.1162109375,False
"n_students-150_n_skills-15_smoothing-0.3_current_alpha_beta-[5, 3]_future_alpha_beta-[4, 4]",acc,simple_markov,0.0009765625,True
"n_students-150_n_skills-15_smoothing-0.3_current_alpha_beta-[5, 3]_future_alpha_beta-[4, 4]",acc,random,0.0009765625,True
"n_students-150_n_skills-15_smoothing-0.3_current_alpha_beta-[5, 3]_future_alpha_beta-[4, 4]",acc,bayesian_network,0.0009765625,True
"n_students-150_n_skills-15_smoothing-0.3_current_alpha_beta-[5, 3]_future_alpha_beta-[5, 3]",acc,full_information,0.9931640625,False
"n_students-150_n_skills-15_smoothing-0.3_current_alpha_beta-[5, 3]_future_alpha_beta-[5, 3]",acc,popularity,0.92578125,False
"n_students-150_n_skills-15_smoothing-0.3_current_alpha_beta-[5, 3]_future_alpha_beta-[5, 3]",acc,simple_markov,0.0009765625,True
"n_students-150_n_skills-15_smoothing-0.3_current_alpha_beta-[5, 3]_future_alpha_beta-[5, 3]",acc,random,0.0009765625,True
"n_students-150_n_skills-15_smoothing-0.3_current_alpha_beta-[5, 3]_future_alpha_beta-[5, 3]",acc,bayesian_network,0.0029296875,True
"n_students-150_n_skills-15_smoothing-0.3_current_alpha_beta-[5, 3]_future_alpha_beta-[6, 2]",acc,full_information,1.0,False
"n_students-150_n_skills-15_smoothing-0.3_current_alpha_beta-[5, 3]_future_alpha_beta-[6, 2]",acc,popularity,0.47265625,False
"n_students-150_n_skills-15_smoothing-0.3_current_alpha_beta-[5, 3]_future_alpha_beta-[6, 2]",acc,simple_markov,0.0009765625,True
"n_students-150_n_skills-15_smoothing-0.3_current_alpha_beta-[5, 3]_future_alpha_beta-[6, 2]",acc,random,0.0009765625,True
"n_students-150_n_skills-15_smoothing-0.3_current_alpha_beta-[5, 3]_future_alpha_beta-[6, 2]",acc,bayesian_network,0.001953125,True
"n_students-150_n_skills-15_smoothing-0.3_current_alpha_beta-[6, 2]_future_alpha_beta-[2, 6]",acc,full_information,0.9921875,False
"n_students-150_n_skills-15_smoothing-0.3_current_alpha_beta-[6, 2]_future_alpha_beta-[2, 6]",acc,popularity,0.25390625,False
"n_students-150_n_skills-15_smoothing-0.3_current_alpha_beta-[6, 2]_future_alpha_beta-[2, 6]",acc,simple_markov,0.0009765625,True
"n_students-150_n_skills-15_smoothing-0.3_current_alpha_beta-[6, 2]_future_alpha_beta-[2, 6]",acc,random,0.0009765625,True
"n_students-150_n_skills-15_smoothing-0.3_current_alpha_beta-[6, 2]_future_alpha_beta-[2, 6]",acc,bayesian_network,0.052734375,False
"n_students-150_n_skills-15_smoothing-0.3_current_alpha_beta-[6, 2]_future_alpha_beta-[3, 5]",acc,full_information,0.9990234375,False
"n_students-150_n_skills-15_smoothing-0.3_current_alpha_beta-[6, 2]_future_alpha_beta-[3, 5]",acc,popularity,0.9375,False
"n_students-150_n_skills-15_smoothing-0.3_current_alpha_beta-[6, 2]_future_alpha_beta-[3, 5]",acc,simple_markov,0.0009765625,True
"n_students-150_n_skills-15_smoothing-0.3_current_alpha_beta-[6, 2]_future_alpha_beta-[3, 5]",acc,random,0.0009765625,True
"n_students-150_n_skills-15_smoothing-0.3_current_alpha_beta-[6, 2]_future_alpha_beta-[3, 5]",acc,bayesian_network,0.013671875,True
"n_students-150_n_skills-15_smoothing-0.3_current_alpha_beta-[6, 2]_future_alpha_beta-[4, 4]",acc,full_information,0.58984375,False
"n_students-150_n_skills-15_smoothing-0.3_current_alpha_beta-[6, 2]_future_alpha_beta-[4, 4]",acc,popularity,0.46875,False
"n_students-150_n_skills-15_smoothing-0.3_current_alpha_beta-[6, 2]_future_alpha_beta-[4, 4]",acc,simple_markov,0.0009765625,True
"n_students-150_n_skills-15_smoothing-0.3_current_alpha_beta-[6, 2]_future_alpha_beta-[4, 4]",acc,random,0.0009765625,True
"n_students-150_n_skills-15_smoothing-0.3_current_alpha_beta-[6, 2]_future_alpha_beta-[4, 4]",acc,bayesian_network,0.001953125,True
"n_students-150_n_skills-15_smoothing-0.3_current_alpha_beta-[6, 2]_future_alpha_beta-[5, 3]",acc,full_information,0.7265625,False
"n_students-150_n_skills-15_smoothing-0.3_current_alpha_beta-[6, 2]_future_alpha_beta-[5, 3]",acc,popularity,0.9345703125,False
"n_students-150_n_skills-15_smoothing-0.3_current_alpha_beta-[6, 2]_future_alpha_beta-[5, 3]",acc,simple_markov,0.0009765625,True
"n_students-150_n_skills-15_smoothing-0.3_current_alpha_beta-[6, 2]_future_alpha_beta-[5, 3]",acc,random,0.0009765625,True
"n_students-150_n_skills-15_smoothing-0.3_current_alpha_beta-[6, 2]_future_alpha_beta-[5, 3]",acc,bayesian_network,0.0009765625,True
"n_students-150_n_skills-15_smoothing-0.3_current_alpha_beta-[6, 2]_future_alpha_beta-[6, 2]",acc,full_information,0.8984375,False
"n_students-150_n_skills-15_smoothing-0.3_current_alpha_beta-[6, 2]_future_alpha_beta-[6, 2]",acc,popularity,0.962890625,False
"n_students-150_n_skills-15_smoothing-0.3_current_alpha_beta-[6, 2]_future_alpha_beta-[6, 2]",acc,simple_markov,0.0322265625,True
"n_students-150_n_skills-15_smoothing-0.3_current_alpha_beta-[6, 2]_future_alpha_beta-[6, 2]",acc,random,0.0009765625,True
"n_students-150_n_skills-15_smoothing-0.3_current_alpha_beta-[6, 2]_future_alpha_beta-[6, 2]",acc,bayesian_network,0.1611328125,False
"n_students-150_n_skills-15_smoothing-0.5_current_alpha_beta-[2, 6]_future_alpha_beta-[2, 6]",acc,full_information,0.8125,False
"n_students-150_n_skills-15_smoothing-0.5_current_alpha_beta-[2, 6]_future_alpha_beta-[2, 6]",acc,popularity,0.0185546875,True
"n_students-150_n_skills-15_smoothing-0.5_current_alpha_beta-[2, 6]_future_alpha_beta-[2, 6]",acc,simple_markov,0.0009765625,True
"n_students-150_n_skills-15_smoothing-0.5_current_alpha_beta-[2, 6]_future_alpha_beta-[2, 6]",acc,random,0.0009765625,True
"n_students-150_n_skills-15_smoothing-0.5_current_alpha_beta-[2, 6]_future_alpha_beta-[2, 6]",acc,bayesian_network,0.0009765625,True
"n_students-150_n_skills-15_smoothing-0.5_current_alpha_beta-[2, 6]_future_alpha_beta-[3, 5]",acc,full_information,1.0,False
"n_students-150_n_skills-15_smoothing-0.5_current_alpha_beta-[2, 6]_future_alpha_beta-[3, 5]",acc,popularity,0.9931640625,False
"n_students-150_n_skills-15_smoothing-0.5_current_alpha_beta-[2, 6]_future_alpha_beta-[3, 5]",acc,simple_markov,0.0009765625,True
"n_students-150_n_skills-15_smoothing-0.5_current_alpha_beta-[2, 6]_future_alpha_beta-[3, 5]",acc,random,0.0009765625,True
"n_students-150_n_skills-15_smoothing-0.5_current_alpha_beta-[2, 6]_future_alpha_beta-[3, 5]",acc,bayesian_network,0.0029296875,True
"n_students-150_n_skills-15_smoothing-0.5_current_alpha_beta-[2, 6]_future_alpha_beta-[4, 4]",acc,full_information,1.0,False
"n_students-150_n_skills-15_smoothing-0.5_current_alpha_beta-[2, 6]_future_alpha_beta-[4, 4]",acc,popularity,0.0654296875,False
"n_students-150_n_skills-15_smoothing-0.5_current_alpha_beta-[2, 6]_future_alpha_beta-[4, 4]",acc,simple_markov,0.0009765625,True
"n_students-150_n_skills-15_smoothing-0.5_current_alpha_beta-[2, 6]_future_alpha_beta-[4, 4]",acc,random,0.0009765625,True
"n_students-150_n_skills-15_smoothing-0.5_current_alpha_beta-[2, 6]_future_alpha_beta-[4, 4]",acc,bayesian_network,0.0009765625,True
"n_students-150_n_skills-15_smoothing-0.5_current_alpha_beta-[2, 6]_future_alpha_beta-[5, 3]",acc,full_information,1.0,False
"n_students-150_n_skills-15_smoothing-0.5_current_alpha_beta-[2, 6]_future_alpha_beta-[5, 3]",acc,popularity,0.0654296875,False
"n_students-150_n_skills-15_smoothing-0.5_current_alpha_beta-[2, 6]_future_alpha_beta-[5, 3]",acc,simple_markov,0.0009765625,True
"n_students-150_n_skills-15_smoothing-0.5_current_alpha_beta-[2, 6]_future_alpha_beta-[5, 3]",acc,random,0.0009765625,True
"n_students-150_n_skills-15_smoothing-0.5_current_alpha_beta-[2, 6]_future_alpha_beta-[5, 3]",acc,bayesian_network,0.0009765625,True
"n_students-150_n_skills-15_smoothing-0.5_current_alpha_beta-[2, 6]_future_alpha_beta-[6, 2]",acc,full_information,1.0,False
"n_students-150_n_skills-15_smoothing-0.5_current_alpha_beta-[2, 6]_future_alpha_beta-[6, 2]",acc,popularity,0.75390625,False
"n_students-150_n_skills-15_smoothing-0.5_current_alpha_beta-[2, 6]_future_alpha_beta-[6, 2]",acc,simple_markov,0.0009765625,True
"n_students-150_n_skills-15_smoothing-0.5_current_alpha_beta-[2, 6]_future_alpha_beta-[6, 2]",acc,random,0.0009765625,True
"n_students-150_n_skills-15_smoothing-0.5_current_alpha_beta-[2, 6]_future_alpha_beta-[6, 2]",acc,bayesian_network,0.001953125,True
"n_students-150_n_skills-15_smoothing-0.5_current_alpha_beta-[3, 5]_future_alpha_beta-[2, 6]",acc,full_information,0.9814453125,False
"n_students-150_n_skills-15_smoothing-0.5_current_alpha_beta-[3, 5]_future_alpha_beta-[2, 6]",acc,popularity,0.8388671875,False
"n_students-150_n_skills-15_smoothing-0.5_current_alpha_beta-[3, 5]_future_alpha_beta-[2, 6]",acc,simple_markov,0.0009765625,True
"n_students-150_n_skills-15_smoothing-0.5_current_alpha_beta-[3, 5]_future_alpha_beta-[2, 6]",acc,random,0.0009765625,True
"n_students-150_n_skills-15_smoothing-0.5_current_alpha_beta-[3, 5]_future_alpha_beta-[2, 6]",acc,bayesian_network,0.0322265625,True
"n_students-150_n_skills-15_smoothing-0.5_current_alpha_beta-[3, 5]_future_alpha_beta-[3, 5]",acc,full_information,0.9970703125,False
"n_students-150_n_skills-15_smoothing-0.5_current_alpha_beta-[3, 5]_future_alpha_beta-[3, 5]",acc,popularity,0.9033203125,False
"n_students-150_n_skills-15_smoothing-0.5_current_alpha_beta-[3, 5]_future_alpha_beta-[3, 5]",acc,simple_markov,0.0009765625,True
"n_students-150_n_skills-15_smoothing-0.5_current_alpha_beta-[3, 5]_future_alpha_beta-[3, 5]",acc,random,0.0009765625,True
"n_students-150_n_skills-15_smoothing-0.5_current_alpha_beta-[3, 5]_future_alpha_beta-[3, 5]",acc,bayesian_network,0.001953125,True
"n_students-150_n_skills-15_smoothing-0.5_current_alpha_beta-[3, 5]_future_alpha_beta-[4, 4]",acc,full_information,0.986328125,False
"n_students-150_n_skills-15_smoothing-0.5_current_alpha_beta-[3, 5]_future_alpha_beta-[4, 4]",acc,popularity,0.4228515625,False
"n_students-150_n_skills-15_smoothing-0.5_current_alpha_beta-[3, 5]_future_alpha_beta-[4, 4]",acc,simple_markov,0.0009765625,True
"n_students-150_n_skills-15_smoothing-0.5_current_alpha_beta-[3, 5]_future_alpha_beta-[4, 4]",acc,random,0.0009765625,True
"n_students-150_n_skills-15_smoothing-0.5_current_alpha_beta-[3, 5]_future_alpha_beta-[4, 4]",acc,bayesian_network,0.0009765625,True
"n_students-150_n_skills-15_smoothing-0.5_current_alpha_beta-[3, 5]_future_alpha_beta-[5, 3]",acc,full_information,0.998046875,False
"n_students-150_n_skills-15_smoothing-0.5_current_alpha_beta-[3, 5]_future_alpha_beta-[5, 3]",acc,popularity,0.7841796875,False
"n_students-150_n_skills-15_smoothing-0.5_current_alpha_beta-[3, 5]_future_alpha_beta-[5, 3]",acc,simple_markov,0.0009765625,True
"n_students-150_n_skills-15_smoothing-0.5_current_alpha_beta-[3, 5]_future_alpha_beta-[5, 3]",acc,random,0.0009765625,True
"n_students-150_n_skills-15_smoothing-0.5_current_alpha_beta-[3, 5]_future_alpha_beta-[5, 3]",acc,bayesian_network,0.001953125,True
"n_students-150_n_skills-15_smoothing-0.5_current_alpha_beta-[3, 5]_future_alpha_beta-[6, 2]",acc,full_information,1.0,False
"n_students-150_n_skills-15_smoothing-0.5_current_alpha_beta-[3, 5]_future_alpha_beta-[6, 2]",acc,popularity,0.0966796875,False
"n_students-150_n_skills-15_smoothing-0.5_current_alpha_beta-[3, 5]_future_alpha_beta-[6, 2]",acc,simple_markov,0.0009765625,True
"n_students-150_n_skills-15_smoothing-0.5_current_alpha_beta-[3, 5]_future_alpha_beta-[6, 2]",acc,random,0.0009765625,True
"n_students-150_n_skills-15_smoothing-0.5_current_alpha_beta-[3, 5]_future_alpha_beta-[6, 2]",acc,bayesian_network,0.0009765625,True
"n_students-150_n_skills-15_smoothing-0.5_current_alpha_beta-[4, 4]_future_alpha_beta-[2, 6]",acc,full_information,0.990234375,False
"n_students-150_n_skills-15_smoothing-0.5_current_alpha_beta-[4, 4]_future_alpha_beta-[2, 6]",acc,popularity,0.9345703125,False
"n_students-150_n_skills-15_smoothing-0.5_current_alpha_beta-[4, 4]_future_alpha_beta-[2, 6]",acc,simple_markov,0.0009765625,True
"n_students-150_n_skills-15_smoothing-0.5_current_alpha_beta-[4, 4]_future_alpha_beta-[2, 6]",acc,random,0.0009765625,True
"n_students-150_n_skills-15_smoothing-0.5_current_alpha_beta-[4, 4]_future_alpha_beta-[2, 6]",acc,bayesian_network,0.0009765625,True
"n_students-150_n_skills-15_smoothing-0.5_current_alpha_beta-[4, 4]_future_alpha_beta-[3, 5]",acc,full_information,0.8388671875,False
"n_students-150_n_skills-15_smoothing-0.5_current_alpha_beta-[4, 4]_future_alpha_beta-[3, 5]",acc,popularity,0.8623046875,False
"n_students-150_n_skills-15_smoothing-0.5_current_alpha_beta-[4, 4]_future_alpha_beta-[3, 5]",acc,simple_markov,0.0009765625,True
"n_students-150_n_skills-15_smoothing-0.5_current_alpha_beta-[4, 4]_future_alpha_beta-[3, 5]",acc,random,0.0009765625,True
"n_students-150_n_skills-15_smoothing-0.5_current_alpha_beta-[4, 4]_future_alpha_beta-[3, 5]",acc,bayesian_network,0.0029296875,True
"n_students-150_n_skills-15_smoothing-0.5_current_alpha_beta-[4, 4]_future_alpha_beta-[4, 4]",acc,full_information,0.9970703125,False
"n_students-150_n_skills-15_smoothing-0.5_current_alpha_beta-[4, 4]_future_alpha_beta-[4, 4]",acc,popularity,0.6875,False
"n_students-150_n_skills-15_smoothing-0.5_current_alpha_beta-[4, 4]_future_alpha_beta-[4, 4]",acc,simple_markov,0.0009765625,True
"n_students-150_n_skills-15_smoothing-0.5_current_alpha_beta-[4, 4]_future_alpha_beta-[4, 4]",acc,random,0.0009765625,True
"n_students-150_n_skills-15_smoothing-0.5_current_alpha_beta-[4, 4]_future_alpha_beta-[4, 4]",acc,bayesian_network,0.0009765625,True
"n_students-150_n_skills-15_smoothing-0.5_current_alpha_beta-[4, 4]_future_alpha_beta-[5, 3]",acc,full_information,0.8837890625,False
"n_students-150_n_skills-15_smoothing-0.5_current_alpha_beta-[4, 4]_future_alpha_beta-[5, 3]",acc,popularity,0.615234375,False
"n_students-150_n_skills-15_smoothing-0.5_current_alpha_beta-[4, 4]_future_alpha_beta-[5, 3]",acc,simple_markov,0.0009765625,True
"n_students-150_n_skills-15_smoothing-0.5_current_alpha_beta-[4, 4]_future_alpha_beta-[5, 3]",acc,random,0.0009765625,True
"n_students-150_n_skills-15_smoothing-0.5_current_alpha_beta-[4, 4]_future_alpha_beta-[5, 3]",acc,bayesian_network,0.0068359375,True
"n_students-150_n_skills-15_smoothing-0.5_current_alpha_beta-[4, 4]_future_alpha_beta-[6, 2]",acc,full_information,0.9677734375,False
"n_students-150_n_skills-15_smoothing-0.5_current_alpha_beta-[4, 4]_future_alpha_beta-[6, 2]",acc,popularity,0.6875,False
"n_students-150_n_skills-15_smoothing-0.5_current_alpha_beta-[4, 4]_future_alpha_beta-[6, 2]",acc,simple_markov,0.0009765625,True
"n_students-150_n_skills-15_smoothing-0.5_current_alpha_beta-[4, 4]_future_alpha_beta-[6, 2]",acc,random,0.0009765625,True
"n_students-150_n_skills-15_smoothing-0.5_current_alpha_beta-[4, 4]_future_alpha_beta-[6, 2]",acc,bayesian_network,0.0009765625,True
"n_students-150_n_skills-15_smoothing-0.5_current_alpha_beta-[5, 3]_future_alpha_beta-[2, 6]",acc,full_information,0.5390625,False
"n_students-150_n_skills-15_smoothing-0.5_current_alpha_beta-[5, 3]_future_alpha_beta-[2, 6]",acc,popularity,0.849609375,False
"n_students-150_n_skills-15_smoothing-0.5_current_alpha_beta-[5, 3]_future_alpha_beta-[2, 6]",acc,simple_markov,0.0009765625,True
"n_students-150_n_skills-15_smoothing-0.5_current_alpha_beta-[5, 3]_future_alpha_beta-[2, 6]",acc,random,0.0009765625,True
"n_students-150_n_skills-15_smoothing-0.5_current_alpha_beta-[5, 3]_future_alpha_beta-[2, 6]",acc,bayesian_network,0.0009765625,True
"n_students-150_n_skills-15_smoothing-0.5_current_alpha_beta-[5, 3]_future_alpha_beta-[3, 5]",acc,full_information,0.9970703125,False
"n_students-150_n_skills-15_smoothing-0.5_current_alpha_beta-[5, 3]_future_alpha_beta-[3, 5]",acc,popularity,0.6875,False
"n_students-150_n_skills-15_smoothing-0.5_current_alpha_beta-[5, 3]_future_alpha_beta-[3, 5]",acc,simple_markov,0.0029296875,True
"n_students-150_n_skills-15_smoothing-0.5_current_alpha_beta-[5, 3]_future_alpha_beta-[3, 5]",acc,random,0.0009765625,True
"n_students-150_n_skills-15_smoothing-0.5_current_alpha_beta-[5, 3]_future_alpha_beta-[3, 5]",acc,bayesian_network,0.0244140625,True
"n_students-150_n_skills-15_smoothing-0.5_current_alpha_beta-[5, 3]_future_alpha_beta-[4, 4]",acc,full_information,0.9345703125,False
"n_students-150_n_skills-15_smoothing-0.5_current_alpha_beta-[5, 3]_future_alpha_beta-[4, 4]",acc,popularity,0.65234375,False
"n_students-150_n_skills-15_smoothing-0.5_current_alpha_beta-[5, 3]_future_alpha_beta-[4, 4]",acc,simple_markov,0.0009765625,True
"n_students-150_n_skills-15_smoothing-0.5_current_alpha_beta-[5, 3]_future_alpha_beta-[4, 4]",acc,random,0.0009765625,True
"n_students-150_n_skills-15_smoothing-0.5_current_alpha_beta-[5, 3]_future_alpha_beta-[4, 4]",acc,bayesian_network,0.0009765625,True
"n_students-150_n_skills-15_smoothing-0.5_current_alpha_beta-[5, 3]_future_alpha_beta-[5, 3]",acc,full_information,0.24609375,False
"n_students-150_n_skills-15_smoothing-0.5_current_alpha_beta-[5, 3]_future_alpha_beta-[5, 3]",acc,popularity,0.0322265625,True
"n_students-150_n_skills-15_smoothing-0.5_current_alpha_beta-[5, 3]_future_alpha_beta-[5, 3]",acc,simple_markov,0.0009765625,True
"n_students-150_n_skills-15_smoothing-0.5_current_alpha_beta-[5, 3]_future_alpha_beta-[5, 3]",acc,random,0.0009765625,True
"n_students-150_n_skills-15_smoothing-0.5_current_alpha_beta-[5, 3]_future_alpha_beta-[5, 3]",acc,bayesian_network,0.0009765625,True
"n_students-150_n_skills-15_smoothing-0.5_current_alpha_beta-[5, 3]_future_alpha_beta-[6, 2]",acc,full_information,0.5771484375,False
"n_students-150_n_skills-15_smoothing-0.5_current_alpha_beta-[5, 3]_future_alpha_beta-[6, 2]",acc,popularity,0.2158203125,False
"n_students-150_n_skills-15_smoothing-0.5_current_alpha_beta-[5, 3]_future_alpha_beta-[6, 2]",acc,simple_markov,0.0009765625,True
"n_students-150_n_skills-15_smoothing-0.5_current_alpha_beta-[5, 3]_future_alpha_beta-[6, 2]",acc,random,0.0009765625,True
"n_students-150_n_skills-15_smoothing-0.5_current_alpha_beta-[5, 3]_future_alpha_beta-[6, 2]",acc,bayesian_network,0.001953125,True
"n_students-150_n_skills-15_smoothing-0.5_current_alpha_beta-[6, 2]_future_alpha_beta-[2, 6]",acc,full_information,0.8984375,False
"n_students-150_n_skills-15_smoothing-0.5_current_alpha_beta-[6, 2]_future_alpha_beta-[2, 6]",acc,popularity,0.75390625,False
"n_students-150_n_skills-15_smoothing-0.5_current_alpha_beta-[6, 2]_future_alpha_beta-[2, 6]",acc,simple_markov,0.001953125,True
"n_students-150_n_skills-15_smoothing-0.5_current_alpha_beta-[6, 2]_future_alpha_beta-[2, 6]",acc,random,0.0009765625,True
"n_students-150_n_skills-15_smoothing-0.5_current_alpha_beta-[6, 2]_future_alpha_beta-[2, 6]",acc,bayesian_network,0.0654296875,False
"n_students-150_n_skills-15_smoothing-0.5_current_alpha_beta-[6, 2]_future_alpha_beta-[3, 5]",acc,full_information,0.154296875,False
"n_students-150_n_skills-15_smoothing-0.5_current_alpha_beta-[6, 2]_future_alpha_beta-[3, 5]",acc,popularity,0.2158203125,False
"n_students-150_n_skills-15_smoothing-0.5_current_alpha_beta-[6, 2]_future_alpha_beta-[3, 5]",acc,simple_markov,0.0009765625,True
"n_students-150_n_skills-15_smoothing-0.5_current_alpha_beta-[6, 2]_future_alpha_beta-[3, 5]",acc,random,0.0009765625,True
"n_students-150_n_skills-15_smoothing-0.5_current_alpha_beta-[6, 2]_future_alpha_beta-[3, 5]",acc,bayesian_network,0.0009765625,True
"n_students-150_n_skills-15_smoothing-0.5_current_alpha_beta-[6, 2]_future_alpha_beta-[4, 4]",acc,full_information,0.615234375,False
"n_students-150_n_skills-15_smoothing-0.5_current_alpha_beta-[6, 2]_future_alpha_beta-[4, 4]",acc,popularity,0.1875,False
"n_students-150_n_skills-15_smoothing-0.5_current_alpha_beta-[6, 2]_future_alpha_beta-[4, 4]",acc,simple_markov,0.0009765625,True
"n_students-150_n_skills-15_smoothing-0.5_current_alpha_beta-[6, 2]_future_alpha_beta-[4, 4]",acc,random,0.001953125,True
"n_students-150_n_skills-15_smoothing-0.5_current_alpha_beta-[6, 2]_future_alpha_beta-[4, 4]",acc,bayesian_network,0.001953125,True
"n_students-150_n_skills-15_smoothing-0.5_current_alpha_beta-[6, 2]_future_alpha_beta-[5, 3]",acc,full_information,0.7216796875,False
"n_students-150_n_skills-15_smoothing-0.5_current_alpha_beta-[6, 2]_future_alpha_beta-[5, 3]",acc,popularity,0.65234375,False
"n_students-150_n_skills-15_smoothing-0.5_current_alpha_beta-[6, 2]_future_alpha_beta-[5, 3]",acc,simple_markov,0.0029296875,True
"n_students-150_n_skills-15_smoothing-0.5_current_alpha_beta-[6, 2]_future_alpha_beta-[5, 3]",acc,random,0.0009765625,True
"n_students-150_n_skills-15_smoothing-0.5_current_alpha_beta-[6, 2]_future_alpha_beta-[5, 3]",acc,bayesian_network,0.0068359375,True
"n_students-150_n_skills-15_smoothing-0.5_current_alpha_beta-[6, 2]_future_alpha_beta-[6, 2]",acc,full_information,0.6875,False
"n_students-150_n_skills-15_smoothing-0.5_current_alpha_beta-[6, 2]_future_alpha_beta-[6, 2]",acc,popularity,0.171875,False
"n_students-150_n_skills-15_smoothing-0.5_current_alpha_beta-[6, 2]_future_alpha_beta-[6, 2]",acc,simple_markov,0.0048828125,True
"n_students-150_n_skills-15_smoothing-0.5_current_alpha_beta-[6, 2]_future_alpha_beta-[6, 2]",acc,random,0.013671875,True
"n_students-150_n_skills-15_smoothing-0.5_current_alpha_beta-[6, 2]_future_alpha_beta-[6, 2]",acc,bayesian_network,0.0068359375,True
"n_students-150_n_skills-5_smoothing-0.1_current_alpha_beta-[2, 6]_future_alpha_beta-[2, 6]",acc,full_information,0.4375,False
"n_students-150_n_skills-5_smoothing-0.1_current_alpha_beta-[2, 6]_future_alpha_beta-[2, 6]",acc,popularity,0.40625,False
"n_students-150_n_skills-5_smoothing-0.1_current_alpha_beta-[2, 6]_future_alpha_beta-[2, 6]",acc,simple_markov,0.0185546875,True
"n_students-150_n_skills-5_smoothing-0.1_current_alpha_beta-[2, 6]_future_alpha_beta-[2, 6]",acc,random,0.0009765625,True
"n_students-150_n_skills-5_smoothing-0.1_current_alpha_beta-[2, 6]_future_alpha_beta-[2, 6]",acc,bayesian_network,0.001953125,True
"n_students-150_n_skills-5_smoothing-0.1_current_alpha_beta-[2, 6]_future_alpha_beta-[3, 5]",acc,full_information,0.28125,False
"n_students-150_n_skills-5_smoothing-0.1_current_alpha_beta-[2, 6]_future_alpha_beta-[3, 5]",acc,popularity,0.140625,False
"n_students-150_n_skills-5_smoothing-0.1_current_alpha_beta-[2, 6]_future_alpha_beta-[3, 5]",acc,simple_markov,0.001953125,True
"n_students-150_n_skills-5_smoothing-0.1_current_alpha_beta-[2, 6]_future_alpha_beta-[3, 5]",acc,random,0.0009765625,True
"n_students-150_n_skills-5_smoothing-0.1_current_alpha_beta-[2, 6]_future_alpha_beta-[3, 5]",acc,bayesian_network,0.0068359375,True
"n_students-150_n_skills-5_smoothing-0.1_current_alpha_beta-[2, 6]_future_alpha_beta-[4, 4]",acc,full_information,0.3125,False
"n_students-150_n_skills-5_smoothing-0.1_current_alpha_beta-[2, 6]_future_alpha_beta-[4, 4]",acc,popularity,0.3125,False
"n_students-150_n_skills-5_smoothing-0.1_current_alpha_beta-[2, 6]_future_alpha_beta-[4, 4]",acc,simple_markov,0.005859375,True
"n_students-150_n_skills-5_smoothing-0.1_current_alpha_beta-[2, 6]_future_alpha_beta-[4, 4]",acc,random,0.0009765625,True
"n_students-150_n_skills-5_smoothing-0.1_current_alpha_beta-[2, 6]_future_alpha_beta-[4, 4]",acc,bayesian_network,0.0048828125,True
"n_students-150_n_skills-5_smoothing-0.1_current_alpha_beta-[2, 6]_future_alpha_beta-[5, 3]",acc,full_information,0.421875,False
"n_students-150_n_skills-5_smoothing-0.1_current_alpha_beta-[2, 6]_future_alpha_beta-[5, 3]",acc,popularity,0.84375,False
"n_students-150_n_skills-5_smoothing-0.1_current_alpha_beta-[2, 6]_future_alpha_beta-[5, 3]",acc,simple_markov,0.0244140625,True
"n_students-150_n_skills-5_smoothing-0.1_current_alpha_beta-[2, 6]_future_alpha_beta-[5, 3]",acc,random,0.0009765625,True
"n_students-150_n_skills-5_smoothing-0.1_current_alpha_beta-[2, 6]_future_alpha_beta-[5, 3]",acc,bayesian_network,0.0419921875,True
"n_students-150_n_skills-5_smoothing-0.1_current_alpha_beta-[2, 6]_future_alpha_beta-[6, 2]",acc,full_information,0.40625,False
"n_students-150_n_skills-5_smoothing-0.1_current_alpha_beta-[2, 6]_future_alpha_beta-[6, 2]",acc,popularity,0.59375,False
"n_students-150_n_skills-5_smoothing-0.1_current_alpha_beta-[2, 6]_future_alpha_beta-[6, 2]",acc,simple_markov,0.001953125,True
"n_students-150_n_skills-5_smoothing-0.1_current_alpha_beta-[2, 6]_future_alpha_beta-[6, 2]",acc,random,0.0009765625,True
"n_students-150_n_skills-5_smoothing-0.1_current_alpha_beta-[2, 6]_future_alpha_beta-[6, 2]",acc,bayesian_network,0.0009765625,True
"n_students-150_n_skills-5_smoothing-0.1_current_alpha_beta-[3, 5]_future_alpha_beta-[2, 6]",acc,full_information,0.0625,False
"n_students-150_n_skills-5_smoothing-0.1_current_alpha_beta-[3, 5]_future_alpha_beta-[2, 6]",acc,popularity,0.3125,False
"n_students-150_n_skills-5_smoothing-0.1_current_alpha_beta-[3, 5]_future_alpha_beta-[2, 6]",acc,simple_markov,0.1611328125,False
"n_students-150_n_skills-5_smoothing-0.1_current_alpha_beta-[3, 5]_future_alpha_beta-[2, 6]",acc,random,0.0009765625,True
"n_students-150_n_skills-5_smoothing-0.1_current_alpha_beta-[3, 5]_future_alpha_beta-[2, 6]",acc,bayesian_network,0.068359375,False
"n_students-150_n_skills-5_smoothing-0.1_current_alpha_beta-[3, 5]_future_alpha_beta-[3, 5]",acc,full_information,0.6953125,False
"n_students-150_n_skills-5_smoothing-0.1_current_alpha_beta-[3, 5]_future_alpha_beta-[3, 5]",acc,popularity,0.3125,False
"n_students-150_n_skills-5_smoothing-0.1_current_alpha_beta-[3, 5]_future_alpha_beta-[3, 5]",acc,simple_markov,0.384765625,False
"n_students-150_n_skills-5_smoothing-0.1_current_alpha_beta-[3, 5]_future_alpha_beta-[3, 5]",acc,random,0.0009765625,True
"n_students-150_n_skills-5_smoothing-0.1_current_alpha_beta-[3, 5]_future_alpha_beta-[3, 5]",acc,bayesian_network,0.2236328125,False
"n_students-150_n_skills-5_smoothing-0.1_current_alpha_beta-[3, 5]_future_alpha_beta-[4, 4]",acc,full_information,0.90625,False
"n_students-150_n_skills-5_smoothing-0.1_current_alpha_beta-[3, 5]_future_alpha_beta-[4, 4]",acc,popularity,1.0,False
"n_students-150_n_skills-5_smoothing-0.1_current_alpha_beta-[3, 5]_future_alpha_beta-[4, 4]",acc,simple_markov,0.017578125,True
"n_students-150_n_skills-5_smoothing-0.1_current_alpha_beta-[3, 5]_future_alpha_beta-[4, 4]",acc,random,0.0009765625,True
"n_students-150_n_skills-5_smoothing-0.1_current_alpha_beta-[3, 5]_future_alpha_beta-[4, 4]",acc,bayesian_network,0.1162109375,False
"n_students-150_n_skills-5_smoothing-0.1_current_alpha_beta-[3, 5]_future_alpha_beta-[5, 3]",acc,full_information,0.921875,False
"n_students-150_n_skills-5_smoothing-0.1_current_alpha_beta-[3, 5]_future_alpha_beta-[5, 3]",acc,popularity,0.1875,False
"n_students-150_n_skills-5_smoothing-0.1_current_alpha_beta-[3, 5]_future_alpha_beta-[5, 3]",acc,simple_markov,0.009765625,True
"n_students-150_n_skills-5_smoothing-0.1_current_alpha_beta-[3, 5]_future_alpha_beta-[5, 3]",acc,random,0.0009765625,True
"n_students-150_n_skills-5_smoothing-0.1_current_alpha_beta-[3, 5]_future_alpha_beta-[5, 3]",acc,bayesian_network,0.0048828125,True
"n_students-150_n_skills-5_smoothing-0.1_current_alpha_beta-[3, 5]_future_alpha_beta-[6, 2]",acc,full_information,0.359375,False
"n_students-150_n_skills-5_smoothing-0.1_current_alpha_beta-[3, 5]_future_alpha_beta-[6, 2]",acc,popularity,0.203125,False
"n_students-150_n_skills-5_smoothing-0.1_current_alpha_beta-[3, 5]_future_alpha_beta-[6, 2]",acc,simple_markov,0.001953125,True
"n_students-150_n_skills-5_smoothing-0.1_current_alpha_beta-[3, 5]_future_alpha_beta-[6, 2]",acc,random,0.0009765625,True
"n_students-150_n_skills-5_smoothing-0.1_current_alpha_beta-[3, 5]_future_alpha_beta-[6, 2]",acc,bayesian_network,0.0068359375,True
"n_students-150_n_skills-5_smoothing-0.1_current_alpha_beta-[4, 4]_future_alpha_beta-[2, 6]",acc,full_information,0.796875,False
"n_students-150_n_skills-5_smoothing-0.1_current_alpha_beta-[4, 4]_future_alpha_beta-[2, 6]",acc,popularity,0.6875,False
"n_students-150_n_skills-5_smoothing-0.1_current_alpha_beta-[4, 4]_future_alpha_beta-[2, 6]",acc,simple_markov,0.47265625,False
"n_students-150_n_skills-5_smoothing-0.1_current_alpha_beta-[4, 4]_future_alpha_beta-[2, 6]",acc,random,0.0009765625,True
"n_students-150_n_skills-5_smoothing-0.1_current_alpha_beta-[4, 4]_future_alpha_beta-[2, 6]",acc,bayesian_network,0.71484375,False
"n_students-150_n_skills-5_smoothing-0.1_current_alpha_beta-[4, 4]_future_alpha_beta-[3, 5]",acc,full_information,0.84375,False
"n_students-150_n_skills-5_smoothing-0.1_current_alpha_beta-[4, 4]_future_alpha_beta-[3, 5]",acc,popularity,0.75,False
"n_students-150_n_skills-5_smoothing-0.1_current_alpha_beta-[4, 4]_future_alpha_beta-[3, 5]",acc,simple_markov,0.47265625,False
"n_students-150_n_skills-5_smoothing-0.1_current_alpha_beta-[4, 4]_future_alpha_beta-[3, 5]",acc,random,0.0009765625,True
"n_students-150_n_skills-5_smoothing-0.1_current_alpha_beta-[4, 4]_future_alpha_beta-[3, 5]",acc,bayesian_network,0.1669921875,False
"n_students-150_n_skills-5_smoothing-0.1_current_alpha_beta-[4, 4]_future_alpha_beta-[4, 4]",acc,full_information,0.0390625,True
"n_students-150_n_skills-5_smoothing-0.1_current_alpha_beta-[4, 4]_future_alpha_beta-[4, 4]",acc,popularity,0.1875,False
"n_students-150_n_skills-5_smoothing-0.1_current_alpha_beta-[4, 4]_future_alpha_beta-[4, 4]",acc,simple_markov,0.0068359375,True
"n_students-150_n_skills-5_smoothing-0.1_current_alpha_beta-[4, 4]_future_alpha_beta-[4, 4]",acc,random,0.0009765625,True
"n_students-150_n_skills-5_smoothing-0.1_current_alpha_beta-[4, 4]_future_alpha_beta-[4, 4]",acc,bayesian_network,0.001953125,True
"n_students-150_n_skills-5_smoothing-0.1_current_alpha_beta-[4, 4]_future_alpha_beta-[5, 3]",acc,full_information,0.6875,False
"n_students-150_n_skills-5_smoothing-0.1_current_alpha_beta-[4, 4]_future_alpha_beta-[5, 3]",acc,popularity,0.125,False
"n_students-150_n_skills-5_smoothing-0.1_current_alpha_beta-[4, 4]_future_alpha_beta-[5, 3]",acc,simple_markov,0.0068359375,True
"n_students-150_n_skills-5_smoothing-0.1_current_alpha_beta-[4, 4]_future_alpha_beta-[5, 3]",acc,random,0.0009765625,True
"n_students-150_n_skills-5_smoothing-0.1_current_alpha_beta-[4, 4]_future_alpha_beta-[5, 3]",acc,bayesian_network,0.0009765625,True
"n_students-150_n_skills-5_smoothing-0.1_current_alpha_beta-[4, 4]_future_alpha_beta-[6, 2]",acc,full_information,0.703125,False
"n_students-150_n_skills-5_smoothing-0.1_current_alpha_beta-[4, 4]_future_alpha_beta-[6, 2]",acc,popularity,0.78125,False
"n_students-150_n_skills-5_smoothing-0.1_current_alpha_beta-[4, 4]_future_alpha_beta-[6, 2]",acc,simple_markov,0.0322265625,True
"n_students-150_n_skills-5_smoothing-0.1_current_alpha_beta-[4, 4]_future_alpha_beta-[6, 2]",acc,random,0.001953125,True
"n_students-150_n_skills-5_smoothing-0.1_current_alpha_beta-[4, 4]_future_alpha_beta-[6, 2]",acc,bayesian_network,0.08203125,False
"n_students-150_n_skills-5_smoothing-0.1_current_alpha_beta-[5, 3]_future_alpha_beta-[2, 6]",acc,full_information,0.890625,False
"n_students-150_n_skills-5_smoothing-0.1_current_alpha_beta-[5, 3]_future_alpha_beta-[2, 6]",acc,popularity,0.234375,False
"n_students-150_n_skills-5_smoothing-0.1_current_alpha_beta-[5, 3]_future_alpha_beta-[2, 6]",acc,simple_markov,0.52734375,False
"n_students-150_n_skills-5_smoothing-0.1_current_alpha_beta-[5, 3]_future_alpha_beta-[2, 6]",acc,random,0.0009765625,True
"n_students-150_n_skills-5_smoothing-0.1_current_alpha_beta-[5, 3]_future_alpha_beta-[2, 6]",acc,bayesian_network,0.125,False
"n_students-150_n_skills-5_smoothing-0.1_current_alpha_beta-[5, 3]_future_alpha_beta-[3, 5]",acc,full_information,0.10546875,False
"n_students-150_n_skills-5_smoothing-0.1_current_alpha_beta-[5, 3]_future_alpha_beta-[3, 5]",acc,popularity,0.5,False
"n_students-150_n_skills-5_smoothing-0.1_current_alpha_beta-[5, 3]_future_alpha_beta-[3, 5]",acc,simple_markov,0.076171875,False
"n_students-150_n_skills-5_smoothing-0.1_current_alpha_beta-[5, 3]_future_alpha_beta-[3, 5]",acc,random,0.0048828125,True
"n_students-150_n_skills-5_smoothing-0.1_current_alpha_beta-[5, 3]_future_alpha_beta-[3, 5]",acc,bayesian_network,0.21875,False
"n_students-150_n_skills-5_smoothing-0.1_current_alpha_beta-[5, 3]_future_alpha_beta-[4, 4]",acc,full_information,0.9375,False
"n_students-150_n_skills-5_smoothing-0.1_current_alpha_beta-[5, 3]_future_alpha_beta-[4, 4]",acc,popularity,1.0,False
"n_students-150_n_skills-5_smoothing-0.1_current_alpha_beta-[5, 3]_future_alpha_beta-[4, 4]",acc,simple_markov,0.4521484375,False
"n_students-150_n_skills-5_smoothing-0.1_current_alpha_beta-[5, 3]_future_alpha_beta-[4, 4]",acc,random,0.001953125,True
"n_students-150_n_skills-5_smoothing-0.1_current_alpha_beta-[5, 3]_future_alpha_beta-[4, 4]",acc,bayesian_network,0.357421875,False
"n_students-150_n_skills-5_smoothing-0.1_current_alpha_beta-[5, 3]_future_alpha_beta-[5, 3]",acc,full_information,0.8125,False
"n_students-150_n_skills-5_smoothing-0.1_current_alpha_beta-[5, 3]_future_alpha_beta-[5, 3]",acc,popularity,0.765625,False
"n_students-150_n_skills-5_smoothing-0.1_current_alpha_beta-[5, 3]_future_alpha_beta-[5, 3]",acc,simple_markov,0.16796875,False
"n_students-150_n_skills-5_smoothing-0.1_current_alpha_beta-[5, 3]_future_alpha_beta-[5, 3]",acc,random,0.00390625,True
"n_students-150_n_skills-5_smoothing-0.1_current_alpha_beta-[5, 3]_future_alpha_beta-[5, 3]",acc,bayesian_network,0.47265625,False
"n_students-150_n_skills-5_smoothing-0.1_current_alpha_beta-[5, 3]_future_alpha_beta-[6, 2]",acc,full_information,0.84765625,False
"n_students-150_n_skills-5_smoothing-0.1_current_alpha_beta-[5, 3]_future_alpha_beta-[6, 2]",acc,popularity,0.828125,False
"n_students-150_n_skills-5_smoothing-0.1_current_alpha_beta-[5, 3]_future_alpha_beta-[6, 2]",acc,simple_markov,0.12109375,False
"n_students-150_n_skills-5_smoothing-0.1_current_alpha_beta-[5, 3]_future_alpha_beta-[6, 2]",acc,random,0.0009765625,True
"n_students-150_n_skills-5_smoothing-0.1_current_alpha_beta-[5, 3]_future_alpha_beta-[6, 2]",acc,bayesian_network,0.14453125,False
"n_students-150_n_skills-5_smoothing-0.1_current_alpha_beta-[6, 2]_future_alpha_beta-[2, 6]",acc,full_information,0.875,False
"n_students-150_n_skills-5_smoothing-0.1_current_alpha_beta-[6, 2]_future_alpha_beta-[2, 6]",acc,popularity,0.75,False
"n_students-150_n_skills-5_smoothing-0.1_current_alpha_beta-[6, 2]_future_alpha_beta-[2, 6]",acc,simple_markov,0.21875,False
"n_students-150_n_skills-5_smoothing-0.1_current_alpha_beta-[6, 2]_future_alpha_beta-[2, 6]",acc,random,0.0009765625,True
"n_students-150_n_skills-5_smoothing-0.1_current_alpha_beta-[6, 2]_future_alpha_beta-[2, 6]",acc,bayesian_network,0.28125,False
"n_students-150_n_skills-5_smoothing-0.1_current_alpha_beta-[6, 2]_future_alpha_beta-[3, 5]",acc,full_information,0.25,False
"n_students-150_n_skills-5_smoothing-0.1_current_alpha_beta-[6, 2]_future_alpha_beta-[3, 5]",acc,popularity,0.9375,False
"n_students-150_n_skills-5_smoothing-0.1_current_alpha_beta-[6, 2]_future_alpha_beta-[3, 5]",acc,simple_markov,0.431640625,False
"n_students-150_n_skills-5_smoothing-0.1_current_alpha_beta-[6, 2]_future_alpha_beta-[3, 5]",acc,random,0.0009765625,True
"n_students-150_n_skills-5_smoothing-0.1_current_alpha_beta-[6, 2]_future_alpha_beta-[3, 5]",acc,bayesian_network,0.314453125,False
"n_students-150_n_skills-5_smoothing-0.1_current_alpha_beta-[6, 2]_future_alpha_beta-[4, 4]",acc,full_information,0.8125,False
"n_students-150_n_skills-5_smoothing-0.1_current_alpha_beta-[6, 2]_future_alpha_beta-[4, 4]",acc,popularity,0.90625,False
"n_students-150_n_skills-5_smoothing-0.1_current_alpha_beta-[6, 2]_future_alpha_beta-[4, 4]",acc,simple_markov,0.2734375,False
"n_students-150_n_skills-5_smoothing-0.1_current_alpha_beta-[6, 2]_future_alpha_beta-[4, 4]",acc,random,0.0048828125,True
"n_students-150_n_skills-5_smoothing-0.1_current_alpha_beta-[6, 2]_future_alpha_beta-[4, 4]",acc,bayesian_network,0.294921875,False
"n_students-150_n_skills-5_smoothing-0.1_current_alpha_beta-[6, 2]_future_alpha_beta-[5, 3]",acc,full_information,0.4375,False
"n_students-150_n_skills-5_smoothing-0.1_current_alpha_beta-[6, 2]_future_alpha_beta-[5, 3]",acc,popularity,0.875,False
"n_students-150_n_skills-5_smoothing-0.1_current_alpha_beta-[6, 2]_future_alpha_beta-[5, 3]",acc,simple_markov,0.10546875,False
"n_students-150_n_skills-5_smoothing-0.1_current_alpha_beta-[6, 2]_future_alpha_beta-[5, 3]",acc,random,0.009765625,True
"n_students-150_n_skills-5_smoothing-0.1_current_alpha_beta-[6, 2]_future_alpha_beta-[5, 3]",acc,bayesian_network,0.0859375,False
"n_students-150_n_skills-5_smoothing-0.1_current_alpha_beta-[6, 2]_future_alpha_beta-[6, 2]",acc,full_information,0.25,False
"n_students-150_n_skills-5_smoothing-0.1_current_alpha_beta-[6, 2]_future_alpha_beta-[6, 2]",acc,popularity,1.0,False
"n_students-150_n_skills-5_smoothing-0.1_current_alpha_beta-[6, 2]_future_alpha_beta-[6, 2]",acc,simple_markov,0.34375,False
"n_students-150_n_skills-5_smoothing-0.1_current_alpha_beta-[6, 2]_future_alpha_beta-[6, 2]",acc,random,0.0048828125,True
"n_students-150_n_skills-5_smoothing-0.1_current_alpha_beta-[6, 2]_future_alpha_beta-[6, 2]",acc,bayesian_network,0.466796875,False
"n_students-150_n_skills-5_smoothing-0.3_current_alpha_beta-[2, 6]_future_alpha_beta-[2, 6]",acc,full_information,0.640625,False
"n_students-150_n_skills-5_smoothing-0.3_current_alpha_beta-[2, 6]_future_alpha_beta-[2, 6]",acc,popularity,0.5625,False
"n_students-150_n_skills-5_smoothing-0.3_current_alpha_beta-[2, 6]_future_alpha_beta-[2, 6]",acc,simple_markov,0.119140625,False
"n_students-150_n_skills-5_smoothing-0.3_current_alpha_beta-[2, 6]_future_alpha_beta-[2, 6]",acc,random,0.0009765625,True
"n_students-150_n_skills-5_smoothing-0.3_current_alpha_beta-[2, 6]_future_alpha_beta-[2, 6]",acc,bayesian_network,0.39453125,False
"n_students-150_n_skills-5_smoothing-0.3_current_alpha_beta-[2, 6]_future_alpha_beta-[3, 5]",acc,full_information,0.90625,False
"n_students-150_n_skills-5_smoothing-0.3_current_alpha_beta-[2, 6]_future_alpha_beta-[3, 5]",acc,popularity,0.5,False
"n_students-150_n_skills-5_smoothing-0.3_current_alpha_beta-[2, 6]_future_alpha_beta-[3, 5]",acc,simple_markov,0.41015625,False
"n_students-150_n_skills-5_smoothing-0.3_current_alpha_beta-[2, 6]_future_alpha_beta-[3, 5]",acc,random,0.0009765625,True
"n_students-150_n_skills-5_smoothing-0.3_current_alpha_beta-[2, 6]_future_alpha_beta-[3, 5]",acc,bayesian_network,0.111328125,False
"n_students-150_n_skills-5_smoothing-0.3_current_alpha_beta-[2, 6]_future_alpha_beta-[4, 4]",acc,full_information,0.59375,False
"n_students-150_n_skills-5_smoothing-0.3_current_alpha_beta-[2, 6]_future_alpha_beta-[4, 4]",acc,popularity,0.34375,False
"n_students-150_n_skills-5_smoothing-0.3_current_alpha_beta-[2, 6]_future_alpha_beta-[4, 4]",acc,simple_markov,0.1376953125,False
"n_students-150_n_skills-5_smoothing-0.3_current_alpha_beta-[2, 6]_future_alpha_beta-[4, 4]",acc,random,0.0009765625,True
"n_students-150_n_skills-5_smoothing-0.3_current_alpha_beta-[2, 6]_future_alpha_beta-[4, 4]",acc,bayesian_network,0.0966796875,False
"n_students-150_n_skills-5_smoothing-0.3_current_alpha_beta-[2, 6]_future_alpha_beta-[5, 3]",acc,full_information,0.65625,False
"n_students-150_n_skills-5_smoothing-0.3_current_alpha_beta-[2, 6]_future_alpha_beta-[5, 3]",acc,popularity,0.34375,False
"n_students-150_n_skills-5_smoothing-0.3_current_alpha_beta-[2, 6]_future_alpha_beta-[5, 3]",acc,simple_markov,0.0185546875,True
"n_students-150_n_skills-5_smoothing-0.3_current_alpha_beta-[2, 6]_future_alpha_beta-[5, 3]",acc,random,0.0009765625,True
"n_students-150_n_skills-5_smoothing-0.3_current_alpha_beta-[2, 6]_future_alpha_beta-[5, 3]",acc,bayesian_network,0.0654296875,False
"n_students-150_n_skills-5_smoothing-0.3_current_alpha_beta-[2, 6]_future_alpha_beta-[6, 2]",acc,full_information,0.828125,False
"n_students-150_n_skills-5_smoothing-0.3_current_alpha_beta-[2, 6]_future_alpha_beta-[6, 2]",acc,popularity,0.84375,False
"n_students-150_n_skills-5_smoothing-0.3_current_alpha_beta-[2, 6]_future_alpha_beta-[6, 2]",acc,simple_markov,0.0185546875,True
"n_students-150_n_skills-5_smoothing-0.3_current_alpha_beta-[2, 6]_future_alpha_beta-[6, 2]",acc,random,0.0009765625,True
"n_students-150_n_skills-5_smoothing-0.3_current_alpha_beta-[2, 6]_future_alpha_beta-[6, 2]",acc,bayesian_network,0.0068359375,True
"n_students-150_n_skills-5_smoothing-0.3_current_alpha_beta-[3, 5]_future_alpha_beta-[2, 6]",acc,full_information,0.59375,False
"n_students-150_n_skills-5_smoothing-0.3_current_alpha_beta-[3, 5]_future_alpha_beta-[2, 6]",acc,popularity,0.96875,False
"n_students-150_n_skills-5_smoothing-0.3_current_alpha_beta-[3, 5]_future_alpha_beta-[2, 6]",acc,simple_markov,0.384765625,False
"n_students-150_n_skills-5_smoothing-0.3_current_alpha_beta-[3, 5]_future_alpha_beta-[2, 6]",acc,random,0.0009765625,True
"n_students-150_n_skills-5_smoothing-0.3_current_alpha_beta-[3, 5]_future_alpha_beta-[2, 6]",acc,bayesian_network,0.5,False
"n_students-150_n_skills-5_smoothing-0.3_current_alpha_beta-[3, 5]_future_alpha_beta-[3, 5]",acc,full_information,0.39453125,False
"n_students-150_n_skills-5_smoothing-0.3_current_alpha_beta-[3, 5]_future_alpha_beta-[3, 5]",acc,popularity,0.5625,False
"n_students-150_n_skills-5_smoothing-0.3_current_alpha_beta-[3, 5]_future_alpha_beta-[3, 5]",acc,simple_markov,0.05078125,False
"n_students-150_n_skills-5_smoothing-0.3_current_alpha_beta-[3, 5]_future_alpha_beta-[3, 5]",acc,random,0.0009765625,True
"n_students-150_n_skills-5_smoothing-0.3_current_alpha_beta-[3, 5]_future_alpha_beta-[3, 5]",acc,bayesian_network,0.5,False
"n_students-150_n_skills-5_smoothing-0.3_current_alpha_beta-[3, 5]_future_alpha_beta-[4, 4]",acc,full_information,0.23046875,False
"n_students-150_n_skills-5_smoothing-0.3_current_alpha_beta-[3, 5]_future_alpha_beta-[4, 4]",acc,popularity,0.15625,False
"n_students-150_n_skills-5_smoothing-0.3_current_alpha_beta-[3, 5]_future_alpha_beta-[4, 4]",acc,simple_markov,0.0068359375,True
"n_students-150_n_skills-5_smoothing-0.3_current_alpha_beta-[3, 5]_future_alpha_beta-[4, 4]",acc,random,0.0009765625,True
"n_students-150_n_skills-5_smoothing-0.3_current_alpha_beta-[3, 5]_future_alpha_beta-[4, 4]",acc,bayesian_network,0.0068359375,True
"n_students-150_n_skills-5_smoothing-0.3_current_alpha_beta-[3, 5]_future_alpha_beta-[5, 3]",acc,full_information,0.8515625,False
"n_students-150_n_skills-5_smoothing-0.3_current_alpha_beta-[3, 5]_future_alpha_beta-[5, 3]",acc,popularity,0.2265625,False
"n_students-150_n_skills-5_smoothing-0.3_current_alpha_beta-[3, 5]_future_alpha_beta-[5, 3]",acc,simple_markov,0.013671875,True
"n_students-150_n_skills-5_smoothing-0.3_current_alpha_beta-[3, 5]_future_alpha_beta-[5, 3]",acc,random,0.0009765625,True
"n_students-150_n_skills-5_smoothing-0.3_current_alpha_beta-[3, 5]_future_alpha_beta-[5, 3]",acc,bayesian_network,0.0068359375,True
"n_students-150_n_skills-5_smoothing-0.3_current_alpha_beta-[3, 5]_future_alpha_beta-[6, 2]",acc,full_information,0.53125,False
"n_students-150_n_skills-5_smoothing-0.3_current_alpha_beta-[3, 5]_future_alpha_beta-[6, 2]",acc,popularity,0.3671875,False
"n_students-150_n_skills-5_smoothing-0.3_current_alpha_beta-[3, 5]_future_alpha_beta-[6, 2]",acc,simple_markov,0.1162109375,False
"n_students-150_n_skills-5_smoothing-0.3_current_alpha_beta-[3, 5]_future_alpha_beta-[6, 2]",acc,random,0.0009765625,True
"n_students-150_n_skills-5_smoothing-0.3_current_alpha_beta-[3, 5]_future_alpha_beta-[6, 2]",acc,bayesian_network,0.052734375,False
"n_students-150_n_skills-5_smoothing-0.3_current_alpha_beta-[4, 4]_future_alpha_beta-[2, 6]",acc,full_information,0.93359375,False
"n_students-150_n_skills-5_smoothing-0.3_current_alpha_beta-[4, 4]_future_alpha_beta-[2, 6]",acc,popularity,0.90625,False
"n_students-150_n_skills-5_smoothing-0.3_current_alpha_beta-[4, 4]_future_alpha_beta-[2, 6]",acc,simple_markov,0.4228515625,False
"n_students-150_n_skills-5_smoothing-0.3_current_alpha_beta-[4, 4]_future_alpha_beta-[2, 6]",acc,random,0.0009765625,True
"n_students-150_n_skills-5_smoothing-0.3_current_alpha_beta-[4, 4]_future_alpha_beta-[2, 6]",acc,bayesian_network,0.421875,False
"n_students-150_n_skills-5_smoothing-0.3_current_alpha_beta-[4, 4]_future_alpha_beta-[3, 5]",acc,full_information,0.25,False
"n_students-150_n_skills-5_smoothing-0.3_current_alpha_beta-[4, 4]_future_alpha_beta-[3, 5]",acc,popularity,0.40625,False
"n_students-150_n_skills-5_smoothing-0.3_current_alpha_beta-[4, 4]_future_alpha_beta-[3, 5]",acc,simple_markov,0.01953125,True
"n_students-150_n_skills-5_smoothing-0.3_current_alpha_beta-[4, 4]_future_alpha_beta-[3, 5]",acc,random,0.0009765625,True
"n_students-150_n_skills-5_smoothing-0.3_current_alpha_beta-[4, 4]_future_alpha_beta-[3, 5]",acc,bayesian_network,0.005859375,True
"n_students-150_n_skills-5_smoothing-0.3_current_alpha_beta-[4, 4]_future_alpha_beta-[4, 4]",acc,full_information,0.5625,False
"n_students-150_n_skills-5_smoothing-0.3_current_alpha_beta-[4, 4]_future_alpha_beta-[4, 4]",acc,popularity,0.6875,False
"n_students-150_n_skills-5_smoothing-0.3_current_alpha_beta-[4, 4]_future_alpha_beta-[4, 4]",acc,simple_markov,0.24609375,False
"n_students-150_n_skills-5_smoothing-0.3_current_alpha_beta-[4, 4]_future_alpha_beta-[4, 4]",acc,random,0.001953125,True
"n_students-150_n_skills-5_smoothing-0.3_current_alpha_beta-[4, 4]_future_alpha_beta-[4, 4]",acc,bayesian_network,0.1015625,False
"n_students-150_n_skills-5_smoothing-0.3_current_alpha_beta-[4, 4]_future_alpha_beta-[5, 3]",acc,full_information,0.8046875,False
"n_students-150_n_skills-5_smoothing-0.3_current_alpha_beta-[4, 4]_future_alpha_beta-[5, 3]",acc,popularity,0.796875,False
"n_students-150_n_skills-5_smoothing-0.3_current_alpha_beta-[4, 4]_future_alpha_beta-[5, 3]",acc,simple_markov,0.5,False
"n_students-150_n_skills-5_smoothing-0.3_current_alpha_beta-[4, 4]_future_alpha_beta-[5, 3]",acc,random,0.001953125,True
"n_students-150_n_skills-5_smoothing-0.3_current_alpha_beta-[4, 4]_future_alpha_beta-[5, 3]",acc,bayesian_network,0.65234375,False
"n_students-150_n_skills-5_smoothing-0.3_current_alpha_beta-[4, 4]_future_alpha_beta-[6, 2]",acc,full_information,0.7294921875,False
"n_students-150_n_skills-5_smoothing-0.3_current_alpha_beta-[4, 4]_future_alpha_beta-[6, 2]",acc,popularity,0.46875,False
"n_students-150_n_skills-5_smoothing-0.3_current_alpha_beta-[4, 4]_future_alpha_beta-[6, 2]",acc,simple_markov,0.0927734375,False
"n_students-150_n_skills-5_smoothing-0.3_current_alpha_beta-[4, 4]_future_alpha_beta-[6, 2]",acc,random,0.001953125,True
"n_students-150_n_skills-5_smoothing-0.3_current_alpha_beta-[4, 4]_future_alpha_beta-[6, 2]",acc,bayesian_network,0.080078125,False
"n_students-150_n_skills-5_smoothing-0.3_current_alpha_beta-[5, 3]_future_alpha_beta-[2, 6]",acc,full_information,0.671875,False
"n_students-150_n_skills-5_smoothing-0.3_current_alpha_beta-[5, 3]_future_alpha_beta-[2, 6]",acc,popularity,0.78125,False
"n_students-150_n_skills-5_smoothing-0.3_current_alpha_beta-[5, 3]_future_alpha_beta-[2, 6]",acc,simple_markov,0.9375,False
"n_students-150_n_skills-5_smoothing-0.3_current_alpha_beta-[5, 3]_future_alpha_beta-[2, 6]",acc,random,0.005859375,True
"n_students-150_n_skills-5_smoothing-0.3_current_alpha_beta-[5, 3]_future_alpha_beta-[2, 6]",acc,bayesian_network,0.97265625,False
"n_students-150_n_skills-5_smoothing-0.3_current_alpha_beta-[5, 3]_future_alpha_beta-[3, 5]",acc,full_information,0.1015625,False
"n_students-150_n_skills-5_smoothing-0.3_current_alpha_beta-[5, 3]_future_alpha_beta-[3, 5]",acc,popularity,0.78125,False
"n_students-150_n_skills-5_smoothing-0.3_current_alpha_beta-[5, 3]_future_alpha_beta-[3, 5]",acc,simple_markov,0.0009765625,True
"n_students-150_n_skills-5_smoothing-0.3_current_alpha_beta-[5, 3]_future_alpha_beta-[3, 5]",acc,random,0.0009765625,True
"n_students-150_n_skills-5_smoothing-0.3_current_alpha_beta-[5, 3]_future_alpha_beta-[3, 5]",acc,bayesian_network,0.052734375,False
"n_students-150_n_skills-5_smoothing-0.3_current_alpha_beta-[5, 3]_future_alpha_beta-[4, 4]",acc,full_information,0.8125,False
"n_students-150_n_skills-5_smoothing-0.3_current_alpha_beta-[5, 3]_future_alpha_beta-[4, 4]",acc,popularity,0.609375,False
"n_students-150_n_skills-5_smoothing-0.3_current_alpha_beta-[5, 3]_future_alpha_beta-[4, 4]",acc,simple_markov,0.02734375,True
"n_students-150_n_skills-5_smoothing-0.3_current_alpha_beta-[5, 3]_future_alpha_beta-[4, 4]",acc,random,0.0009765625,True
"n_students-150_n_skills-5_smoothing-0.3_current_alpha_beta-[5, 3]_future_alpha_beta-[4, 4]",acc,bayesian_network,0.15625,False
"n_students-150_n_skills-5_smoothing-0.3_current_alpha_beta-[5, 3]_future_alpha_beta-[5, 3]",acc,full_information,0.640625,False
"n_students-150_n_skills-5_smoothing-0.3_current_alpha_beta-[5, 3]_future_alpha_beta-[5, 3]",acc,popularity,0.78125,False
"n_students-150_n_skills-5_smoothing-0.3_current_alpha_beta-[5, 3]_future_alpha_beta-[5, 3]",acc,simple_markov,0.111328125,False
"n_students-150_n_skills-5_smoothing-0.3_current_alpha_beta-[5, 3]_future_alpha_beta-[5, 3]",acc,random,0.001953125,True
"n_students-150_n_skills-5_smoothing-0.3_current_alpha_beta-[5, 3]_future_alpha_beta-[5, 3]",acc,bayesian_network,0.1611328125,False
"n_students-150_n_skills-5_smoothing-0.3_current_alpha_beta-[5, 3]_future_alpha_beta-[6, 2]",acc,full_information,0.6796875,False
"n_students-150_n_skills-5_smoothing-0.3_current_alpha_beta-[5, 3]_future_alpha_beta-[6, 2]",acc,popularity,0.5,False
"n_students-150_n_skills-5_smoothing-0.3_current_alpha_beta-[5, 3]_future_alpha_beta-[6, 2]",acc,simple_markov,0.28515625,False
"n_students-150_n_skills-5_smoothing-0.3_current_alpha_beta-[5, 3]_future_alpha_beta-[6, 2]",acc,random,0.0009765625,True
"n_students-150_n_skills-5_smoothing-0.3_current_alpha_beta-[5, 3]_future_alpha_beta-[6, 2]",acc,bayesian_network,0.248046875,False
"n_students-150_n_skills-5_smoothing-0.3_current_alpha_beta-[6, 2]_future_alpha_beta-[2, 6]",acc,full_information,0.5,False
"n_students-150_n_skills-5_smoothing-0.3_current_alpha_beta-[6, 2]_future_alpha_beta-[2, 6]",acc,popularity,0.75,False
"n_students-150_n_skills-5_smoothing-0.3_current_alpha_beta-[6, 2]_future_alpha_beta-[2, 6]",acc,simple_markov,0.3984375,False
"n_students-150_n_skills-5_smoothing-0.3_current_alpha_beta-[6, 2]_future_alpha_beta-[2, 6]",acc,random,0.0009765625,True
"n_students-150_n_skills-5_smoothing-0.3_current_alpha_beta-[6, 2]_future_alpha_beta-[2, 6]",acc,bayesian_network,0.28125,False
"n_students-150_n_skills-5_smoothing-0.3_current_alpha_beta-[6, 2]_future_alpha_beta-[3, 5]",acc,full_information,0.6875,False
"n_students-150_n_skills-5_smoothing-0.3_current_alpha_beta-[6, 2]_future_alpha_beta-[3, 5]",acc,popularity,1.0,False
"n_students-150_n_skills-5_smoothing-0.3_current_alpha_beta-[6, 2]_future_alpha_beta-[3, 5]",acc,simple_markov,0.923828125,False
"n_students-150_n_skills-5_smoothing-0.3_current_alpha_beta-[6, 2]_future_alpha_beta-[3, 5]",acc,random,0.001953125,True
"n_students-150_n_skills-5_smoothing-0.3_current_alpha_beta-[6, 2]_future_alpha_beta-[3, 5]",acc,bayesian_network,0.6064453125,False
"n_students-150_n_skills-5_smoothing-0.3_current_alpha_beta-[6, 2]_future_alpha_beta-[4, 4]",acc,full_information,0.5,False
"n_students-150_n_skills-5_smoothing-0.3_current_alpha_beta-[6, 2]_future_alpha_beta-[4, 4]",acc,popularity,0.6875,False
"n_students-150_n_skills-5_smoothing-0.3_current_alpha_beta-[6, 2]_future_alpha_beta-[4, 4]",acc,simple_markov,0.150390625,False
"n_students-150_n_skills-5_smoothing-0.3_current_alpha_beta-[6, 2]_future_alpha_beta-[4, 4]",acc,random,0.013671875,True
"n_students-150_n_skills-5_smoothing-0.3_current_alpha_beta-[6, 2]_future_alpha_beta-[4, 4]",acc,bayesian_network,0.1875,False
"n_students-150_n_skills-5_smoothing-0.3_current_alpha_beta-[6, 2]_future_alpha_beta-[5, 3]",acc,full_information,0.5,False
"n_students-150_n_skills-5_smoothing-0.3_current_alpha_beta-[6, 2]_future_alpha_beta-[5, 3]",acc,popularity,0.40625,False
"n_students-150_n_skills-5_smoothing-0.3_current_alpha_beta-[6, 2]_future_alpha_beta-[5, 3]",acc,simple_markov,0.150390625,False
"n_students-150_n_skills-5_smoothing-0.3_current_alpha_beta-[6, 2]_future_alpha_beta-[5, 3]",acc,random,0.0078125,True
"n_students-150_n_skills-5_smoothing-0.3_current_alpha_beta-[6, 2]_future_alpha_beta-[5, 3]",acc,bayesian_network,0.09765625,False
"n_students-150_n_skills-5_smoothing-0.3_current_alpha_beta-[6, 2]_future_alpha_beta-[6, 2]",acc,full_information,0.6953125,False
"n_students-150_n_skills-5_smoothing-0.3_current_alpha_beta-[6, 2]_future_alpha_beta-[6, 2]",acc,popularity,0.734375,False
"n_students-150_n_skills-5_smoothing-0.3_current_alpha_beta-[6, 2]_future_alpha_beta-[6, 2]",acc,simple_markov,0.046875,True
"n_students-150_n_skills-5_smoothing-0.3_current_alpha_beta-[6, 2]_future_alpha_beta-[6, 2]",acc,random,0.009765625,True
"n_students-150_n_skills-5_smoothing-0.3_current_alpha_beta-[6, 2]_future_alpha_beta-[6, 2]",acc,bayesian_network,0.55859375,False
"n_students-150_n_skills-5_smoothing-0.5_current_alpha_beta-[2, 6]_future_alpha_beta-[2, 6]",acc,full_information,0.9609375,False
"n_students-150_n_skills-5_smoothing-0.5_current_alpha_beta-[2, 6]_future_alpha_beta-[2, 6]",acc,popularity,0.609375,False
"n_students-150_n_skills-5_smoothing-0.5_current_alpha_beta-[2, 6]_future_alpha_beta-[2, 6]",acc,simple_markov,0.3125,False
"n_students-150_n_skills-5_smoothing-0.5_current_alpha_beta-[2, 6]_future_alpha_beta-[2, 6]",acc,random,0.0009765625,True
"n_students-150_n_skills-5_smoothing-0.5_current_alpha_beta-[2, 6]_future_alpha_beta-[2, 6]",acc,bayesian_network,0.662109375,False
"n_students-150_n_skills-5_smoothing-0.5_current_alpha_beta-[2, 6]_future_alpha_beta-[3, 5]",acc,full_information,0.71484375,False
"n_students-150_n_skills-5_smoothing-0.5_current_alpha_beta-[2, 6]_future_alpha_beta-[3, 5]",acc,popularity,0.71875,False
"n_students-150_n_skills-5_smoothing-0.5_current_alpha_beta-[2, 6]_future_alpha_beta-[3, 5]",acc,simple_markov,0.013671875,True
"n_students-150_n_skills-5_smoothing-0.5_current_alpha_beta-[2, 6]_future_alpha_beta-[3, 5]",acc,random,0.0009765625,True
"n_students-150_n_skills-5_smoothing-0.5_current_alpha_beta-[2, 6]_future_alpha_beta-[3, 5]",acc,bayesian_network,0.34765625,False
"n_students-150_n_skills-5_smoothing-0.5_current_alpha_beta-[2, 6]_future_alpha_beta-[4, 4]",acc,full_information,0.5703125,False
"n_students-150_n_skills-5_smoothing-0.5_current_alpha_beta-[2, 6]_future_alpha_beta-[4, 4]",acc,popularity,0.1953125,False
"n_students-150_n_skills-5_smoothing-0.5_current_alpha_beta-[2, 6]_future_alpha_beta-[4, 4]",acc,simple_markov,0.0322265625,True
"n_students-150_n_skills-5_smoothing-0.5_current_alpha_beta-[2, 6]_future_alpha_beta-[4, 4]",acc,random,0.0009765625,True
"n_students-150_n_skills-5_smoothing-0.5_current_alpha_beta-[2, 6]_future_alpha_beta-[4, 4]",acc,bayesian_network,0.0966796875,False
"n_students-150_n_skills-5_smoothing-0.5_current_alpha_beta-[2, 6]_future_alpha_beta-[5, 3]",acc,full_information,0.875,False
"n_students-150_n_skills-5_smoothing-0.5_current_alpha_beta-[2, 6]_future_alpha_beta-[5, 3]",acc,popularity,0.921875,False
"n_students-150_n_skills-5_smoothing-0.5_current_alpha_beta-[2, 6]_future_alpha_beta-[5, 3]",acc,simple_markov,0.0966796875,False
"n_students-150_n_skills-5_smoothing-0.5_current_alpha_beta-[2, 6]_future_alpha_beta-[5, 3]",acc,random,0.0009765625,True
"n_students-150_n_skills-5_smoothing-0.5_current_alpha_beta-[2, 6]_future_alpha_beta-[5, 3]",acc,bayesian_network,0.1162109375,False
"n_students-150_n_skills-5_smoothing-0.5_current_alpha_beta-[2, 6]_future_alpha_beta-[6, 2]",acc,full_information,0.70703125,False
"n_students-150_n_skills-5_smoothing-0.5_current_alpha_beta-[2, 6]_future_alpha_beta-[6, 2]",acc,popularity,0.9375,False
"n_students-150_n_skills-5_smoothing-0.5_current_alpha_beta-[2, 6]_future_alpha_beta-[6, 2]",acc,simple_markov,0.111328125,False
"n_students-150_n_skills-5_smoothing-0.5_current_alpha_beta-[2, 6]_future_alpha_beta-[6, 2]",acc,random,0.0009765625,True
"n_students-150_n_skills-5_smoothing-0.5_current_alpha_beta-[2, 6]_future_alpha_beta-[6, 2]",acc,bayesian_network,0.1015625,False
"n_students-150_n_skills-5_smoothing-0.5_current_alpha_beta-[3, 5]_future_alpha_beta-[2, 6]",acc,full_information,0.59375,False
"n_students-150_n_skills-5_smoothing-0.5_current_alpha_beta-[3, 5]_future_alpha_beta-[2, 6]",acc,popularity,0.8515625,False
"n_students-150_n_skills-5_smoothing-0.5_current_alpha_beta-[3, 5]_future_alpha_beta-[2, 6]",acc,simple_markov,0.4228515625,False
"n_students-150_n_skills-5_smoothing-0.5_current_alpha_beta-[3, 5]_future_alpha_beta-[2, 6]",acc,random,0.0009765625,True
"n_students-150_n_skills-5_smoothing-0.5_current_alpha_beta-[3, 5]_future_alpha_beta-[2, 6]",acc,bayesian_network,0.4609375,False
"n_students-150_n_skills-5_smoothing-0.5_current_alpha_beta-[3, 5]_future_alpha_beta-[3, 5]",acc,full_information,0.919921875,False
"n_students-150_n_skills-5_smoothing-0.5_current_alpha_beta-[3, 5]_future_alpha_beta-[3, 5]",acc,popularity,0.421875,False
"n_students-150_n_skills-5_smoothing-0.5_current_alpha_beta-[3, 5]_future_alpha_beta-[3, 5]",acc,simple_markov,0.076171875,False
"n_students-150_n_skills-5_smoothing-0.5_current_alpha_beta-[3, 5]_future_alpha_beta-[3, 5]",acc,random,0.0009765625,True
"n_students-150_n_skills-5_smoothing-0.5_current_alpha_beta-[3, 5]_future_alpha_beta-[3, 5]",acc,bayesian_network,0.7216796875,False
"n_students-150_n_skills-5_smoothing-0.5_current_alpha_beta-[3, 5]_future_alpha_beta-[4, 4]",acc,full_information,0.65234375,False
"n_students-150_n_skills-5_smoothing-0.5_current_alpha_beta-[3, 5]_future_alpha_beta-[4, 4]",acc,popularity,0.28125,False
"n_students-150_n_skills-5_smoothing-0.5_current_alpha_beta-[3, 5]_future_alpha_beta-[4, 4]",acc,simple_markov,0.001953125,True
"n_students-150_n_skills-5_smoothing-0.5_current_alpha_beta-[3, 5]_future_alpha_beta-[4, 4]",acc,random,0.0009765625,True
"n_students-150_n_skills-5_smoothing-0.5_current_alpha_beta-[3, 5]_future_alpha_beta-[4, 4]",acc,bayesian_network,0.7841796875,False
"n_students-150_n_skills-5_smoothing-0.5_current_alpha_beta-[3, 5]_future_alpha_beta-[5, 3]",acc,full_information,0.76171875,False
"n_students-150_n_skills-5_smoothing-0.5_current_alpha_beta-[3, 5]_future_alpha_beta-[5, 3]",acc,popularity,0.58203125,False
"n_students-150_n_skills-5_smoothing-0.5_current_alpha_beta-[3, 5]_future_alpha_beta-[5, 3]",acc,simple_markov,0.1015625,False
"n_students-150_n_skills-5_smoothing-0.5_current_alpha_beta-[3, 5]_future_alpha_beta-[5, 3]",acc,random,0.0048828125,True
"n_students-150_n_skills-5_smoothing-0.5_current_alpha_beta-[3, 5]_future_alpha_beta-[5, 3]",acc,bayesian_network,0.1611328125,False
"n_students-150_n_skills-5_smoothing-0.5_current_alpha_beta-[3, 5]_future_alpha_beta-[6, 2]",acc,full_information,0.7763671875,False
"n_students-150_n_skills-5_smoothing-0.5_current_alpha_beta-[3, 5]_future_alpha_beta-[6, 2]",acc,popularity,0.71875,False
"n_students-150_n_skills-5_smoothing-0.5_current_alpha_beta-[3, 5]_future_alpha_beta-[6, 2]",acc,simple_markov,0.052734375,False
"n_students-150_n_skills-5_smoothing-0.5_current_alpha_beta-[3, 5]_future_alpha_beta-[6, 2]",acc,random,0.0009765625,True
"n_students-150_n_skills-5_smoothing-0.5_current_alpha_beta-[3, 5]_future_alpha_beta-[6, 2]",acc,bayesian_network,0.6953125,False
"n_students-150_n_skills-5_smoothing-0.5_current_alpha_beta-[4, 4]_future_alpha_beta-[2, 6]",acc,full_information,0.990234375,False
"n_students-150_n_skills-5_smoothing-0.5_current_alpha_beta-[4, 4]_future_alpha_beta-[2, 6]",acc,popularity,0.9609375,False
"n_students-150_n_skills-5_smoothing-0.5_current_alpha_beta-[4, 4]_future_alpha_beta-[2, 6]",acc,simple_markov,0.568359375,False
"n_students-150_n_skills-5_smoothing-0.5_current_alpha_beta-[4, 4]_future_alpha_beta-[2, 6]",acc,random,0.001953125,True
"n_students-150_n_skills-5_smoothing-0.5_current_alpha_beta-[4, 4]_future_alpha_beta-[2, 6]",acc,bayesian_network,0.8203125,False
"n_students-150_n_skills-5_smoothing-0.5_current_alpha_beta-[4, 4]_future_alpha_beta-[3, 5]",acc,full_information,0.81640625,False
"n_students-150_n_skills-5_smoothing-0.5_current_alpha_beta-[4, 4]_future_alpha_beta-[3, 5]",acc,popularity,0.625,False
"n_students-150_n_skills-5_smoothing-0.5_current_alpha_beta-[4, 4]_future_alpha_beta-[3, 5]",acc,simple_markov,0.185546875,False
"n_students-150_n_skills-5_smoothing-0.5_current_alpha_beta-[4, 4]_future_alpha_beta-[3, 5]",acc,random,0.001953125,True
"n_students-150_n_skills-5_smoothing-0.5_current_alpha_beta-[4, 4]_future_alpha_beta-[3, 5]",acc,bayesian_network,0.2158203125,False
"n_students-150_n_skills-5_smoothing-0.5_current_alpha_beta-[4, 4]_future_alpha_beta-[4, 4]",acc,full_information,0.71484375,False
"n_students-150_n_skills-5_smoothing-0.5_current_alpha_beta-[4, 4]_future_alpha_beta-[4, 4]",acc,popularity,0.578125,False
"n_students-150_n_skills-5_smoothing-0.5_current_alpha_beta-[4, 4]_future_alpha_beta-[4, 4]",acc,simple_markov,0.75390625,False
"n_students-150_n_skills-5_smoothing-0.5_current_alpha_beta-[4, 4]_future_alpha_beta-[4, 4]",acc,random,0.0009765625,True
"n_students-150_n_skills-5_smoothing-0.5_current_alpha_beta-[4, 4]_future_alpha_beta-[4, 4]",acc,bayesian_network,0.544921875,False
"n_students-150_n_skills-5_smoothing-0.5_current_alpha_beta-[4, 4]_future_alpha_beta-[5, 3]",acc,full_information,0.65234375,False
"n_students-150_n_skills-5_smoothing-0.5_current_alpha_beta-[4, 4]_future_alpha_beta-[5, 3]",acc,popularity,0.8515625,False
"n_students-150_n_skills-5_smoothing-0.5_current_alpha_beta-[4, 4]_future_alpha_beta-[5, 3]",acc,simple_markov,0.2685546875,False
"n_students-150_n_skills-5_smoothing-0.5_current_alpha_beta-[4, 4]_future_alpha_beta-[5, 3]",acc,random,0.0048828125,True
"n_students-150_n_skills-5_smoothing-0.5_current_alpha_beta-[4, 4]_future_alpha_beta-[5, 3]",acc,bayesian_network,0.48828125,False
"n_students-150_n_skills-5_smoothing-0.5_current_alpha_beta-[4, 4]_future_alpha_beta-[6, 2]",acc,full_information,0.828125,False
"n_students-150_n_skills-5_smoothing-0.5_current_alpha_beta-[4, 4]_future_alpha_beta-[6, 2]",acc,popularity,0.28125,False
"n_students-150_n_skills-5_smoothing-0.5_current_alpha_beta-[4, 4]_future_alpha_beta-[6, 2]",acc,simple_markov,0.615234375,False
"n_students-150_n_skills-5_smoothing-0.5_current_alpha_beta-[4, 4]_future_alpha_beta-[6, 2]",acc,random,0.0068359375,True
"n_students-150_n_skills-5_smoothing-0.5_current_alpha_beta-[4, 4]_future_alpha_beta-[6, 2]",acc,bayesian_network,0.408203125,False
"n_students-150_n_skills-5_smoothing-0.5_current_alpha_beta-[5, 3]_future_alpha_beta-[2, 6]",acc,full_information,0.375,False
"n_students-150_n_skills-5_smoothing-0.5_current_alpha_beta-[5, 3]_future_alpha_beta-[2, 6]",acc,popularity,0.4375,False
"n_students-150_n_skills-5_smoothing-0.5_current_alpha_beta-[5, 3]_future_alpha_beta-[2, 6]",acc,simple_markov,0.09765625,False
"n_students-150_n_skills-5_smoothing-0.5_current_alpha_beta-[5, 3]_future_alpha_beta-[2, 6]",acc,random,0.0009765625,True
"n_students-150_n_skills-5_smoothing-0.5_current_alpha_beta-[5, 3]_future_alpha_beta-[2, 6]",acc,bayesian_network,0.046875,True
"n_students-150_n_skills-5_smoothing-0.5_current_alpha_beta-[5, 3]_future_alpha_beta-[3, 5]",acc,full_information,0.109375,False
"n_students-150_n_skills-5_smoothing-0.5_current_alpha_beta-[5, 3]_future_alpha_beta-[3, 5]",acc,popularity,0.59375,False
"n_students-150_n_skills-5_smoothing-0.5_current_alpha_beta-[5, 3]_future_alpha_beta-[3, 5]",acc,simple_markov,0.2216796875,False
"n_students-150_n_skills-5_smoothing-0.5_current_alpha_beta-[5, 3]_future_alpha_beta-[3, 5]",acc,random,0.001953125,True
"n_students-150_n_skills-5_smoothing-0.5_current_alpha_beta-[5, 3]_future_alpha_beta-[3, 5]",acc,bayesian_network,0.41015625,False
"n_students-150_n_skills-5_smoothing-0.5_current_alpha_beta-[5, 3]_future_alpha_beta-[4, 4]",acc,full_information,0.76953125,False
"n_students-150_n_skills-5_smoothing-0.5_current_alpha_beta-[5, 3]_future_alpha_beta-[4, 4]",acc,popularity,0.9453125,False
"n_students-150_n_skills-5_smoothing-0.5_current_alpha_beta-[5, 3]_future_alpha_beta-[4, 4]",acc,simple_markov,0.13671875,False
"n_students-150_n_skills-5_smoothing-0.5_current_alpha_beta-[5, 3]_future_alpha_beta-[4, 4]",acc,random,0.013671875,True
"n_students-150_n_skills-5_smoothing-0.5_current_alpha_beta-[5, 3]_future_alpha_beta-[4, 4]",acc,bayesian_network,0.248046875,False
"n_students-150_n_skills-5_smoothing-0.5_current_alpha_beta-[5, 3]_future_alpha_beta-[5, 3]",acc,full_information,0.421875,False
"n_students-150_n_skills-5_smoothing-0.5_current_alpha_beta-[5, 3]_future_alpha_beta-[5, 3]",acc,popularity,0.15625,False
"n_students-150_n_skills-5_smoothing-0.5_current_alpha_beta-[5, 3]_future_alpha_beta-[5, 3]",acc,simple_markov,0.080078125,False
"n_students-150_n_skills-5_smoothing-0.5_current_alpha_beta-[5, 3]_future_alpha_beta-[5, 3]",acc,random,0.001953125,True
"n_students-150_n_skills-5_smoothing-0.5_current_alpha_beta-[5, 3]_future_alpha_beta-[5, 3]",acc,bayesian_network,0.1015625,False
"n_students-150_n_skills-5_smoothing-0.5_current_alpha_beta-[5, 3]_future_alpha_beta-[6, 2]",acc,full_information,0.3984375,False
"n_students-150_n_skills-5_smoothing-0.5_current_alpha_beta-[5, 3]_future_alpha_beta-[6, 2]",acc,popularity,0.87109375,False
"n_students-150_n_skills-5_smoothing-0.5_current_alpha_beta-[5, 3]_future_alpha_beta-[6, 2]",acc,simple_markov,0.2783203125,False
"n_students-150_n_skills-5_smoothing-0.5_current_alpha_beta-[5, 3]_future_alpha_beta-[6, 2]",acc,random,0.013671875,True
"n_students-150_n_skills-5_smoothing-0.5_current_alpha_beta-[5, 3]_future_alpha_beta-[6, 2]",acc,bayesian_network,0.41015625,False
"n_students-150_n_skills-5_smoothing-0.5_current_alpha_beta-[6, 2]_future_alpha_beta-[2, 6]",acc,full_information,0.9375,False
"n_students-150_n_skills-5_smoothing-0.5_current_alpha_beta-[6, 2]_future_alpha_beta-[2, 6]",acc,popularity,0.375,False
"n_students-150_n_skills-5_smoothing-0.5_current_alpha_beta-[6, 2]_future_alpha_beta-[2, 6]",acc,simple_markov,0.02734375,True
"n_students-150_n_skills-5_smoothing-0.5_current_alpha_beta-[6, 2]_future_alpha_beta-[2, 6]",acc,random,0.0234375,True
"n_students-150_n_skills-5_smoothing-0.5_current_alpha_beta-[6, 2]_future_alpha_beta-[2, 6]",acc,bayesian_network,0.0625,False
"n_students-150_n_skills-5_smoothing-0.5_current_alpha_beta-[6, 2]_future_alpha_beta-[3, 5]",acc,full_information,0.6796875,False
"n_students-150_n_skills-5_smoothing-0.5_current_alpha_beta-[6, 2]_future_alpha_beta-[3, 5]",acc,popularity,0.859375,False
"n_students-150_n_skills-5_smoothing-0.5_current_alpha_beta-[6, 2]_future_alpha_beta-[3, 5]",acc,simple_markov,0.4140625,False
"n_students-150_n_skills-5_smoothing-0.5_current_alpha_beta-[6, 2]_future_alpha_beta-[3, 5]",acc,random,0.00390625,True
"n_students-150_n_skills-5_smoothing-0.5_current_alpha_beta-[6, 2]_future_alpha_beta-[3, 5]",acc,bayesian_network,0.8212890625,False
"n_students-150_n_skills-5_smoothing-0.5_current_alpha_beta-[6, 2]_future_alpha_beta-[4, 4]",acc,full_information,0.71875,False
"n_students-150_n_skills-5_smoothing-0.5_current_alpha_beta-[6, 2]_future_alpha_beta-[4, 4]",acc,popularity,0.765625,False
"n_students-150_n_skills-5_smoothing-0.5_current_alpha_beta-[6, 2]_future_alpha_beta-[4, 4]",acc,simple_markov,0.2509765625,False
"n_students-150_n_skills-5_smoothing-0.5_current_alpha_beta-[6, 2]_future_alpha_beta-[4, 4]",acc,random,0.0009765625,True
"n_students-150_n_skills-5_smoothing-0.5_current_alpha_beta-[6, 2]_future_alpha_beta-[4, 4]",acc,bayesian_network,0.337890625,False
"n_students-150_n_skills-5_smoothing-0.5_current_alpha_beta-[6, 2]_future_alpha_beta-[5, 3]",acc,full_information,0.43359375,False
"n_students-150_n_skills-5_smoothing-0.5_current_alpha_beta-[6, 2]_future_alpha_beta-[5, 3]",acc,popularity,0.5,False
"n_students-150_n_skills-5_smoothing-0.5_current_alpha_beta-[6, 2]_future_alpha_beta-[5, 3]",acc,simple_markov,0.046875,True
"n_students-150_n_skills-5_smoothing-0.5_current_alpha_beta-[6, 2]_future_alpha_beta-[5, 3]",acc,random,0.01953125,True
"n_students-150_n_skills-5_smoothing-0.5_current_alpha_beta-[6, 2]_future_alpha_beta-[5, 3]",acc,bayesian_network,0.0126953125,True
"n_students-150_n_skills-5_smoothing-0.5_current_alpha_beta-[6, 2]_future_alpha_beta-[6, 2]",acc,full_information,0.4453125,False
"n_students-150_n_skills-5_smoothing-0.5_current_alpha_beta-[6, 2]_future_alpha_beta-[6, 2]",acc,popularity,0.9296875,False
"n_students-150_n_skills-5_smoothing-0.5_current_alpha_beta-[6, 2]_future_alpha_beta-[6, 2]",acc,simple_markov,0.5,False
"n_students-150_n_skills-5_smoothing-0.5_current_alpha_beta-[6, 2]_future_alpha_beta-[6, 2]",acc,random,0.056640625,False
"n_students-150_n_skills-5_smoothing-0.5_current_alpha_beta-[6, 2]_future_alpha_beta-[6, 2]",acc,bayesian_network,0.1162109375,False
"n_students-50_n_skills-10_smoothing-0.1_current_alpha_beta-[2, 6]_future_alpha_beta-[2, 6]",acc,full_information,0.998046875,False
"n_students-50_n_skills-10_smoothing-0.1_current_alpha_beta-[2, 6]_future_alpha_beta-[2, 6]",acc,popularity,0.5,False
"n_students-50_n_skills-10_smoothing-0.1_current_alpha_beta-[2, 6]_future_alpha_beta-[2, 6]",acc,simple_markov,0.0009765625,True
"n_students-50_n_skills-10_smoothing-0.1_current_alpha_beta-[2, 6]_future_alpha_beta-[2, 6]",acc,random,0.0009765625,True
"n_students-50_n_skills-10_smoothing-0.1_current_alpha_beta-[2, 6]_future_alpha_beta-[2, 6]",acc,bayesian_network,0.013671875,True
"n_students-50_n_skills-10_smoothing-0.1_current_alpha_beta-[2, 6]_future_alpha_beta-[3, 5]",acc,full_information,0.9677734375,False
"n_students-50_n_skills-10_smoothing-0.1_current_alpha_beta-[2, 6]_future_alpha_beta-[3, 5]",acc,popularity,0.986328125,False
"n_students-50_n_skills-10_smoothing-0.1_current_alpha_beta-[2, 6]_future_alpha_beta-[3, 5]",acc,simple_markov,0.0009765625,True
"n_students-50_n_skills-10_smoothing-0.1_current_alpha_beta-[2, 6]_future_alpha_beta-[3, 5]",acc,random,0.0009765625,True
"n_students-50_n_skills-10_smoothing-0.1_current_alpha_beta-[2, 6]_future_alpha_beta-[3, 5]",acc,bayesian_network,0.0068359375,True
"n_students-50_n_skills-10_smoothing-0.1_current_alpha_beta-[2, 6]_future_alpha_beta-[4, 4]",acc,full_information,0.9951171875,False
"n_students-50_n_skills-10_smoothing-0.1_current_alpha_beta-[2, 6]_future_alpha_beta-[4, 4]",acc,popularity,0.5390625,False
"n_students-50_n_skills-10_smoothing-0.1_current_alpha_beta-[2, 6]_future_alpha_beta-[4, 4]",acc,simple_markov,0.0009765625,True
"n_students-50_n_skills-10_smoothing-0.1_current_alpha_beta-[2, 6]_future_alpha_beta-[4, 4]",acc,random,0.0009765625,True
"n_students-50_n_skills-10_smoothing-0.1_current_alpha_beta-[2, 6]_future_alpha_beta-[4, 4]",acc,bayesian_network,0.0009765625,True
"n_students-50_n_skills-10_smoothing-0.1_current_alpha_beta-[2, 6]_future_alpha_beta-[5, 3]",acc,full_information,1.0,False
"n_students-50_n_skills-10_smoothing-0.1_current_alpha_beta-[2, 6]_future_alpha_beta-[5, 3]",acc,popularity,0.919921875,False
"n_students-50_n_skills-10_smoothing-0.1_current_alpha_beta-[2, 6]_future_alpha_beta-[5, 3]",acc,simple_markov,0.0009765625,True
"n_students-50_n_skills-10_smoothing-0.1_current_alpha_beta-[2, 6]_future_alpha_beta-[5, 3]",acc,random,0.0009765625,True
"n_students-50_n_skills-10_smoothing-0.1_current_alpha_beta-[2, 6]_future_alpha_beta-[5, 3]",acc,bayesian_network,0.009765625,True
"n_students-50_n_skills-10_smoothing-0.1_current_alpha_beta-[2, 6]_future_alpha_beta-[6, 2]",acc,full_information,0.9990234375,False
"n_students-50_n_skills-10_smoothing-0.1_current_alpha_beta-[2, 6]_future_alpha_beta-[6, 2]",acc,popularity,0.8623046875,False
"n_students-50_n_skills-10_smoothing-0.1_current_alpha_beta-[2, 6]_future_alpha_beta-[6, 2]",acc,simple_markov,0.013671875,True
"n_students-50_n_skills-10_smoothing-0.1_current_alpha_beta-[2, 6]_future_alpha_beta-[6, 2]",acc,random,0.0009765625,True
"n_students-50_n_skills-10_smoothing-0.1_current_alpha_beta-[2, 6]_future_alpha_beta-[6, 2]",acc,bayesian_network,0.013671875,True
"n_students-50_n_skills-10_smoothing-0.1_current_alpha_beta-[3, 5]_future_alpha_beta-[2, 6]",acc,full_information,0.990234375,False
"n_students-50_n_skills-10_smoothing-0.1_current_alpha_beta-[3, 5]_future_alpha_beta-[2, 6]",acc,popularity,0.8681640625,False
"n_students-50_n_skills-10_smoothing-0.1_current_alpha_beta-[3, 5]_future_alpha_beta-[2, 6]",acc,simple_markov,0.0009765625,True
"n_students-50_n_skills-10_smoothing-0.1_current_alpha_beta-[3, 5]_future_alpha_beta-[2, 6]",acc,random,0.0009765625,True
"n_students-50_n_skills-10_smoothing-0.1_current_alpha_beta-[3, 5]_future_alpha_beta-[2, 6]",acc,bayesian_network,0.0068359375,True
"n_students-50_n_skills-10_smoothing-0.1_current_alpha_beta-[3, 5]_future_alpha_beta-[3, 5]",acc,full_information,0.9990234375,False
"n_students-50_n_skills-10_smoothing-0.1_current_alpha_beta-[3, 5]_future_alpha_beta-[3, 5]",acc,popularity,0.8623046875,False
"n_students-50_n_skills-10_smoothing-0.1_current_alpha_beta-[3, 5]_future_alpha_beta-[3, 5]",acc,simple_markov,0.001953125,True
"n_students-50_n_skills-10_smoothing-0.1_current_alpha_beta-[3, 5]_future_alpha_beta-[3, 5]",acc,random,0.0009765625,True
"n_students-50_n_skills-10_smoothing-0.1_current_alpha_beta-[3, 5]_future_alpha_beta-[3, 5]",acc,bayesian_network,0.013671875,True
"n_students-50_n_skills-10_smoothing-0.1_current_alpha_beta-[3, 5]_future_alpha_beta-[4, 4]",acc,full_information,0.8623046875,False
"n_students-50_n_skills-10_smoothing-0.1_current_alpha_beta-[3, 5]_future_alpha_beta-[4, 4]",acc,popularity,0.7841796875,False
"n_students-50_n_skills-10_smoothing-0.1_current_alpha_beta-[3, 5]_future_alpha_beta-[4, 4]",acc,simple_markov,0.0009765625,True
"n_students-50_n_skills-10_smoothing-0.1_current_alpha_beta-[3, 5]_future_alpha_beta-[4, 4]",acc,random,0.0009765625,True
"n_students-50_n_skills-10_smoothing-0.1_current_alpha_beta-[3, 5]_future_alpha_beta-[4, 4]",acc,bayesian_network,0.0009765625,True
"n_students-50_n_skills-10_smoothing-0.1_current_alpha_beta-[3, 5]_future_alpha_beta-[5, 3]",acc,full_information,0.994140625,False
"n_students-50_n_skills-10_smoothing-0.1_current_alpha_beta-[3, 5]_future_alpha_beta-[5, 3]",acc,popularity,0.234375,False
"n_students-50_n_skills-10_smoothing-0.1_current_alpha_beta-[3, 5]_future_alpha_beta-[5, 3]",acc,simple_markov,0.0009765625,True
"n_students-50_n_skills-10_smoothing-0.1_current_alpha_beta-[3, 5]_future_alpha_beta-[5, 3]",acc,random,0.0009765625,True
"n_students-50_n_skills-10_smoothing-0.1_current_alpha_beta-[3, 5]_future_alpha_beta-[5, 3]",acc,bayesian_network,0.0009765625,True
"n_students-50_n_skills-10_smoothing-0.1_current_alpha_beta-[3, 5]_future_alpha_beta-[6, 2]",acc,full_information,0.962890625,False
"n_students-50_n_skills-10_smoothing-0.1_current_alpha_beta-[3, 5]_future_alpha_beta-[6, 2]",acc,popularity,0.544921875,False
"n_students-50_n_skills-10_smoothing-0.1_current_alpha_beta-[3, 5]_future_alpha_beta-[6, 2]",acc,simple_markov,0.0009765625,True
"n_students-50_n_skills-10_smoothing-0.1_current_alpha_beta-[3, 5]_future_alpha_beta-[6, 2]",acc,random,0.0009765625,True
"n_students-50_n_skills-10_smoothing-0.1_current_alpha_beta-[3, 5]_future_alpha_beta-[6, 2]",acc,bayesian_network,0.001953125,True
"n_students-50_n_skills-10_smoothing-0.1_current_alpha_beta-[4, 4]_future_alpha_beta-[2, 6]",acc,full_information,0.92578125,False
"n_students-50_n_skills-10_smoothing-0.1_current_alpha_beta-[4, 4]_future_alpha_beta-[2, 6]",acc,popularity,0.564453125,False
"n_students-50_n_skills-10_smoothing-0.1_current_alpha_beta-[4, 4]_future_alpha_beta-[2, 6]",acc,simple_markov,0.0009765625,True
"n_students-50_n_skills-10_smoothing-0.1_current_alpha_beta-[4, 4]_future_alpha_beta-[2, 6]",acc,random,0.0009765625,True
"n_students-50_n_skills-10_smoothing-0.1_current_alpha_beta-[4, 4]_future_alpha_beta-[2, 6]",acc,bayesian_network,0.0048828125,True
"n_students-50_n_skills-10_smoothing-0.1_current_alpha_beta-[4, 4]_future_alpha_beta-[3, 5]",acc,full_information,0.787109375,False
"n_students-50_n_skills-10_smoothing-0.1_current_alpha_beta-[4, 4]_future_alpha_beta-[3, 5]",acc,popularity,0.80859375,False
"n_students-50_n_skills-10_smoothing-0.1_current_alpha_beta-[4, 4]_future_alpha_beta-[3, 5]",acc,simple_markov,0.0009765625,True
"n_students-50_n_skills-10_smoothing-0.1_current_alpha_beta-[4, 4]_future_alpha_beta-[3, 5]",acc,random,0.0009765625,True
"n_students-50_n_skills-10_smoothing-0.1_current_alpha_beta-[4, 4]_future_alpha_beta-[3, 5]",acc,bayesian_network,0.0029296875,True
"n_students-50_n_skills-10_smoothing-0.1_current_alpha_beta-[4, 4]_future_alpha_beta-[4, 4]",acc,full_information,0.93359375,False
"n_students-50_n_skills-10_smoothing-0.1_current_alpha_beta-[4, 4]_future_alpha_beta-[4, 4]",acc,popularity,0.46875,False
"n_students-50_n_skills-10_smoothing-0.1_current_alpha_beta-[4, 4]_future_alpha_beta-[4, 4]",acc,simple_markov,0.0009765625,True
"n_students-50_n_skills-10_smoothing-0.1_current_alpha_beta-[4, 4]_future_alpha_beta-[4, 4]",acc,random,0.0009765625,True
"n_students-50_n_skills-10_smoothing-0.1_current_alpha_beta-[4, 4]_future_alpha_beta-[4, 4]",acc,bayesian_network,0.0009765625,True
"n_students-50_n_skills-10_smoothing-0.1_current_alpha_beta-[4, 4]_future_alpha_beta-[5, 3]",acc,full_information,0.8623046875,False
"n_students-50_n_skills-10_smoothing-0.1_current_alpha_beta-[4, 4]_future_alpha_beta-[5, 3]",acc,popularity,0.875,False
"n_students-50_n_skills-10_smoothing-0.1_current_alpha_beta-[4, 4]_future_alpha_beta-[5, 3]",acc,simple_markov,0.0009765625,True
"n_students-50_n_skills-10_smoothing-0.1_current_alpha_beta-[4, 4]_future_alpha_beta-[5, 3]",acc,random,0.0009765625,True
"n_students-50_n_skills-10_smoothing-0.1_current_alpha_beta-[4, 4]_future_alpha_beta-[5, 3]",acc,bayesian_network,0.0009765625,True
"n_students-50_n_skills-10_smoothing-0.1_current_alpha_beta-[4, 4]_future_alpha_beta-[6, 2]",acc,full_information,0.5,False
"n_students-50_n_skills-10_smoothing-0.1_current_alpha_beta-[4, 4]_future_alpha_beta-[6, 2]",acc,popularity,0.19140625,False
"n_students-50_n_skills-10_smoothing-0.1_current_alpha_beta-[4, 4]_future_alpha_beta-[6, 2]",acc,simple_markov,0.0009765625,True
"n_students-50_n_skills-10_smoothing-0.1_current_alpha_beta-[4, 4]_future_alpha_beta-[6, 2]",acc,random,0.0009765625,True
"n_students-50_n_skills-10_smoothing-0.1_current_alpha_beta-[4, 4]_future_alpha_beta-[6, 2]",acc,bayesian_network,0.001953125,True
"n_students-50_n_skills-10_smoothing-0.1_current_alpha_beta-[5, 3]_future_alpha_beta-[2, 6]",acc,full_information,0.51171875,False
"n_students-50_n_skills-10_smoothing-0.1_current_alpha_beta-[5, 3]_future_alpha_beta-[2, 6]",acc,popularity,0.830078125,False
"n_students-50_n_skills-10_smoothing-0.1_current_alpha_beta-[5, 3]_future_alpha_beta-[2, 6]",acc,simple_markov,0.009765625,True
"n_students-50_n_skills-10_smoothing-0.1_current_alpha_beta-[5, 3]_future_alpha_beta-[2, 6]",acc,random,0.0009765625,True
"n_students-50_n_skills-10_smoothing-0.1_current_alpha_beta-[5, 3]_future_alpha_beta-[2, 6]",acc,bayesian_network,0.0068359375,True
"n_students-50_n_skills-10_smoothing-0.1_current_alpha_beta-[5, 3]_future_alpha_beta-[3, 5]",acc,full_information,0.65234375,False
"n_students-50_n_skills-10_smoothing-0.1_current_alpha_beta-[5, 3]_future_alpha_beta-[3, 5]",acc,popularity,0.859375,False
"n_students-50_n_skills-10_smoothing-0.1_current_alpha_beta-[5, 3]_future_alpha_beta-[3, 5]",acc,simple_markov,0.0009765625,True
"n_students-50_n_skills-10_smoothing-0.1_current_alpha_beta-[5, 3]_future_alpha_beta-[3, 5]",acc,random,0.0009765625,True
"n_students-50_n_skills-10_smoothing-0.1_current_alpha_beta-[5, 3]_future_alpha_beta-[3, 5]",acc,bayesian_network,0.009765625,True
"n_students-50_n_skills-10_smoothing-0.1_current_alpha_beta-[5, 3]_future_alpha_beta-[4, 4]",acc,full_information,0.787109375,False
"n_students-50_n_skills-10_smoothing-0.1_current_alpha_beta-[5, 3]_future_alpha_beta-[4, 4]",acc,popularity,0.890625,False
"n_students-50_n_skills-10_smoothing-0.1_current_alpha_beta-[5, 3]_future_alpha_beta-[4, 4]",acc,simple_markov,0.001953125,True
"n_students-50_n_skills-10_smoothing-0.1_current_alpha_beta-[5, 3]_future_alpha_beta-[4, 4]",acc,random,0.0009765625,True
"n_students-50_n_skills-10_smoothing-0.1_current_alpha_beta-[5, 3]_future_alpha_beta-[4, 4]",acc,bayesian_network,0.001953125,True
"n_students-50_n_skills-10_smoothing-0.1_current_alpha_beta-[5, 3]_future_alpha_beta-[5, 3]",acc,full_information,0.1611328125,False
"n_students-50_n_skills-10_smoothing-0.1_current_alpha_beta-[5, 3]_future_alpha_beta-[5, 3]",acc,popularity,0.34375,False
"n_students-50_n_skills-10_smoothing-0.1_current_alpha_beta-[5, 3]_future_alpha_beta-[5, 3]",acc,simple_markov,0.0009765625,True
"n_students-50_n_skills-10_smoothing-0.1_current_alpha_beta-[5, 3]_future_alpha_beta-[5, 3]",acc,random,0.0009765625,True
"n_students-50_n_skills-10_smoothing-0.1_current_alpha_beta-[5, 3]_future_alpha_beta-[5, 3]",acc,bayesian_network,0.001953125,True
"n_students-50_n_skills-10_smoothing-0.1_current_alpha_beta-[5, 3]_future_alpha_beta-[6, 2]",acc,full_information,0.98046875,False
"n_students-50_n_skills-10_smoothing-0.1_current_alpha_beta-[5, 3]_future_alpha_beta-[6, 2]",acc,popularity,0.984375,False
"n_students-50_n_skills-10_smoothing-0.1_current_alpha_beta-[5, 3]_future_alpha_beta-[6, 2]",acc,simple_markov,0.0009765625,True
"n_students-50_n_skills-10_smoothing-0.1_current_alpha_beta-[5, 3]_future_alpha_beta-[6, 2]",acc,random,0.0009765625,True
"n_students-50_n_skills-10_smoothing-0.1_current_alpha_beta-[5, 3]_future_alpha_beta-[6, 2]",acc,bayesian_network,0.0029296875,True
"n_students-50_n_skills-10_smoothing-0.1_current_alpha_beta-[6, 2]_future_alpha_beta-[2, 6]",acc,full_information,0.150390625,False
"n_students-50_n_skills-10_smoothing-0.1_current_alpha_beta-[6, 2]_future_alpha_beta-[2, 6]",acc,popularity,0.1875,False
"n_students-50_n_skills-10_smoothing-0.1_current_alpha_beta-[6, 2]_future_alpha_beta-[2, 6]",acc,simple_markov,0.001953125,True
"n_students-50_n_skills-10_smoothing-0.1_current_alpha_beta-[6, 2]_future_alpha_beta-[2, 6]",acc,random,0.0009765625,True
"n_students-50_n_skills-10_smoothing-0.1_current_alpha_beta-[6, 2]_future_alpha_beta-[2, 6]",acc,bayesian_network,0.0185546875,True
"n_students-50_n_skills-10_smoothing-0.1_current_alpha_beta-[6, 2]_future_alpha_beta-[3, 5]",acc,full_information,0.751953125,False
"n_students-50_n_skills-10_smoothing-0.1_current_alpha_beta-[6, 2]_future_alpha_beta-[3, 5]",acc,popularity,0.7265625,False
"n_students-50_n_skills-10_smoothing-0.1_current_alpha_beta-[6, 2]_future_alpha_beta-[3, 5]",acc,simple_markov,0.00390625,True
"n_students-50_n_skills-10_smoothing-0.1_current_alpha_beta-[6, 2]_future_alpha_beta-[3, 5]",acc,random,0.0009765625,True
"n_students-50_n_skills-10_smoothing-0.1_current_alpha_beta-[6, 2]_future_alpha_beta-[3, 5]",acc,bayesian_network,0.0009765625,True
"n_students-50_n_skills-10_smoothing-0.1_current_alpha_beta-[6, 2]_future_alpha_beta-[4, 4]",acc,full_information,0.96875,False
"n_students-50_n_skills-10_smoothing-0.1_current_alpha_beta-[6, 2]_future_alpha_beta-[4, 4]",acc,popularity,0.78125,False
"n_students-50_n_skills-10_smoothing-0.1_current_alpha_beta-[6, 2]_future_alpha_beta-[4, 4]",acc,simple_markov,0.0029296875,True
"n_students-50_n_skills-10_smoothing-0.1_current_alpha_beta-[6, 2]_future_alpha_beta-[4, 4]",acc,random,0.0009765625,True
"n_students-50_n_skills-10_smoothing-0.1_current_alpha_beta-[6, 2]_future_alpha_beta-[4, 4]",acc,bayesian_network,0.0185546875,True
"n_students-50_n_skills-10_smoothing-0.1_current_alpha_beta-[6, 2]_future_alpha_beta-[5, 3]",acc,full_information,0.80859375,False
"n_students-50_n_skills-10_smoothing-0.1_current_alpha_beta-[6, 2]_future_alpha_beta-[5, 3]",acc,popularity,0.578125,False
"n_students-50_n_skills-10_smoothing-0.1_current_alpha_beta-[6, 2]_future_alpha_beta-[5, 3]",acc,simple_markov,0.0009765625,True
"n_students-50_n_skills-10_smoothing-0.1_current_alpha_beta-[6, 2]_future_alpha_beta-[5, 3]",acc,random,0.001953125,True
"n_students-50_n_skills-10_smoothing-0.1_current_alpha_beta-[6, 2]_future_alpha_beta-[5, 3]",acc,bayesian_network,0.001953125,True
"n_students-50_n_skills-10_smoothing-0.1_current_alpha_beta-[6, 2]_future_alpha_beta-[6, 2]",acc,full_information,0.23046875,False
"n_students-50_n_skills-10_smoothing-0.1_current_alpha_beta-[6, 2]_future_alpha_beta-[6, 2]",acc,popularity,0.3046875,False
"n_students-50_n_skills-10_smoothing-0.1_current_alpha_beta-[6, 2]_future_alpha_beta-[6, 2]",acc,simple_markov,0.0009765625,True
"n_students-50_n_skills-10_smoothing-0.1_current_alpha_beta-[6, 2]_future_alpha_beta-[6, 2]",acc,random,0.0009765625,True
"n_students-50_n_skills-10_smoothing-0.1_current_alpha_beta-[6, 2]_future_alpha_beta-[6, 2]",acc,bayesian_network,0.001953125,True
"n_students-50_n_skills-10_smoothing-0.3_current_alpha_beta-[2, 6]_future_alpha_beta-[2, 6]",acc,full_information,0.9951171875,False
"n_students-50_n_skills-10_smoothing-0.3_current_alpha_beta-[2, 6]_future_alpha_beta-[2, 6]",acc,popularity,0.951171875,False
"n_students-50_n_skills-10_smoothing-0.3_current_alpha_beta-[2, 6]_future_alpha_beta-[2, 6]",acc,simple_markov,0.001953125,True
"n_students-50_n_skills-10_smoothing-0.3_current_alpha_beta-[2, 6]_future_alpha_beta-[2, 6]",acc,random,0.0009765625,True
"n_students-50_n_skills-10_smoothing-0.3_current_alpha_beta-[2, 6]_future_alpha_beta-[2, 6]",acc,bayesian_network,0.1611328125,False
"n_students-50_n_skills-10_smoothing-0.3_current_alpha_beta-[2, 6]_future_alpha_beta-[3, 5]",acc,full_information,0.990234375,False
"n_students-50_n_skills-10_smoothing-0.3_current_alpha_beta-[2, 6]_future_alpha_beta-[3, 5]",acc,popularity,0.4228515625,False
"n_students-50_n_skills-10_smoothing-0.3_current_alpha_beta-[2, 6]_future_alpha_beta-[3, 5]",acc,simple_markov,0.0009765625,True
"n_students-50_n_skills-10_smoothing-0.3_current_alpha_beta-[2, 6]_future_alpha_beta-[3, 5]",acc,random,0.0009765625,True
"n_students-50_n_skills-10_smoothing-0.3_current_alpha_beta-[2, 6]_future_alpha_beta-[3, 5]",acc,bayesian_network,0.009765625,True
"n_students-50_n_skills-10_smoothing-0.3_current_alpha_beta-[2, 6]_future_alpha_beta-[4, 4]",acc,full_information,0.9814453125,False
"n_students-50_n_skills-10_smoothing-0.3_current_alpha_beta-[2, 6]_future_alpha_beta-[4, 4]",acc,popularity,0.5390625,False
"n_students-50_n_skills-10_smoothing-0.3_current_alpha_beta-[2, 6]_future_alpha_beta-[4, 4]",acc,simple_markov,0.0009765625,True
"n_students-50_n_skills-10_smoothing-0.3_current_alpha_beta-[2, 6]_future_alpha_beta-[4, 4]",acc,random,0.0009765625,True
"n_students-50_n_skills-10_smoothing-0.3_current_alpha_beta-[2, 6]_future_alpha_beta-[4, 4]",acc,bayesian_network,0.001953125,True
"n_students-50_n_skills-10_smoothing-0.3_current_alpha_beta-[2, 6]_future_alpha_beta-[5, 3]",acc,full_information,0.9931640625,False
"n_students-50_n_skills-10_smoothing-0.3_current_alpha_beta-[2, 6]_future_alpha_beta-[5, 3]",acc,popularity,0.947265625,False
"n_students-50_n_skills-10_smoothing-0.3_current_alpha_beta-[2, 6]_future_alpha_beta-[5, 3]",acc,simple_markov,0.0009765625,True
"n_students-50_n_skills-10_smoothing-0.3_current_alpha_beta-[2, 6]_future_alpha_beta-[5, 3]",acc,random,0.0009765625,True
"n_students-50_n_skills-10_smoothing-0.3_current_alpha_beta-[2, 6]_future_alpha_beta-[5, 3]",acc,bayesian_network,0.0009765625,True
"n_students-50_n_skills-10_smoothing-0.3_current_alpha_beta-[2, 6]_future_alpha_beta-[6, 2]",acc,full_information,0.9990234375,False
"n_students-50_n_skills-10_smoothing-0.3_current_alpha_beta-[2, 6]_future_alpha_beta-[6, 2]",acc,popularity,0.935546875,False
"n_students-50_n_skills-10_smoothing-0.3_current_alpha_beta-[2, 6]_future_alpha_beta-[6, 2]",acc,simple_markov,0.0009765625,True
"n_students-50_n_skills-10_smoothing-0.3_current_alpha_beta-[2, 6]_future_alpha_beta-[6, 2]",acc,random,0.0009765625,True
"n_students-50_n_skills-10_smoothing-0.3_current_alpha_beta-[2, 6]_future_alpha_beta-[6, 2]",acc,bayesian_network,0.0322265625,True
"n_students-50_n_skills-10_smoothing-0.3_current_alpha_beta-[3, 5]_future_alpha_beta-[2, 6]",acc,full_information,0.9814453125,False
"n_students-50_n_skills-10_smoothing-0.3_current_alpha_beta-[3, 5]_future_alpha_beta-[2, 6]",acc,popularity,0.9951171875,False
"n_students-50_n_skills-10_smoothing-0.3_current_alpha_beta-[3, 5]_future_alpha_beta-[2, 6]",acc,simple_markov,0.0009765625,True
"n_students-50_n_skills-10_smoothing-0.3_current_alpha_beta-[3, 5]_future_alpha_beta-[2, 6]",acc,random,0.0009765625,True
"n_students-50_n_skills-10_smoothing-0.3_current_alpha_beta-[3, 5]_future_alpha_beta-[2, 6]",acc,bayesian_network,0.1611328125,False
"n_students-50_n_skills-10_smoothing-0.3_current_alpha_beta-[3, 5]_future_alpha_beta-[3, 5]",acc,full_information,0.990234375,False
"n_students-50_n_skills-10_smoothing-0.3_current_alpha_beta-[3, 5]_future_alpha_beta-[3, 5]",acc,popularity,0.935546875,False
"n_students-50_n_skills-10_smoothing-0.3_current_alpha_beta-[3, 5]_future_alpha_beta-[3, 5]",acc,simple_markov,0.0009765625,True
"n_students-50_n_skills-10_smoothing-0.3_current_alpha_beta-[3, 5]_future_alpha_beta-[3, 5]",acc,random,0.0009765625,True
"n_students-50_n_skills-10_smoothing-0.3_current_alpha_beta-[3, 5]_future_alpha_beta-[3, 5]",acc,bayesian_network,0.001953125,True
"n_students-50_n_skills-10_smoothing-0.3_current_alpha_beta-[3, 5]_future_alpha_beta-[4, 4]",acc,full_information,0.919921875,False
"n_students-50_n_skills-10_smoothing-0.3_current_alpha_beta-[3, 5]_future_alpha_beta-[4, 4]",acc,popularity,0.6875,False
"n_students-50_n_skills-10_smoothing-0.3_current_alpha_beta-[3, 5]_future_alpha_beta-[4, 4]",acc,simple_markov,0.0009765625,True
"n_students-50_n_skills-10_smoothing-0.3_current_alpha_beta-[3, 5]_future_alpha_beta-[4, 4]",acc,random,0.0009765625,True
"n_students-50_n_skills-10_smoothing-0.3_current_alpha_beta-[3, 5]_future_alpha_beta-[4, 4]",acc,bayesian_network,0.0048828125,True
"n_students-50_n_skills-10_smoothing-0.3_current_alpha_beta-[3, 5]_future_alpha_beta-[5, 3]",acc,full_information,0.986328125,False
"n_students-50_n_skills-10_smoothing-0.3_current_alpha_beta-[3, 5]_future_alpha_beta-[5, 3]",acc,popularity,0.75390625,False
"n_students-50_n_skills-10_smoothing-0.3_current_alpha_beta-[3, 5]_future_alpha_beta-[5, 3]",acc,simple_markov,0.001953125,True
"n_students-50_n_skills-10_smoothing-0.3_current_alpha_beta-[3, 5]_future_alpha_beta-[5, 3]",acc,random,0.0009765625,True
"n_students-50_n_skills-10_smoothing-0.3_current_alpha_beta-[3, 5]_future_alpha_beta-[5, 3]",acc,bayesian_network,0.0185546875,True
"n_students-50_n_skills-10_smoothing-0.3_current_alpha_beta-[3, 5]_future_alpha_beta-[6, 2]",acc,full_information,0.986328125,False
"n_students-50_n_skills-10_smoothing-0.3_current_alpha_beta-[3, 5]_future_alpha_beta-[6, 2]",acc,popularity,0.212890625,False
"n_students-50_n_skills-10_smoothing-0.3_current_alpha_beta-[3, 5]_future_alpha_beta-[6, 2]",acc,simple_markov,0.0009765625,True
"n_students-50_n_skills-10_smoothing-0.3_current_alpha_beta-[3, 5]_future_alpha_beta-[6, 2]",acc,random,0.0009765625,True
"n_students-50_n_skills-10_smoothing-0.3_current_alpha_beta-[3, 5]_future_alpha_beta-[6, 2]",acc,bayesian_network,0.0009765625,True
"n_students-50_n_skills-10_smoothing-0.3_current_alpha_beta-[4, 4]_future_alpha_beta-[2, 6]",acc,full_information,0.8837890625,False
"n_students-50_n_skills-10_smoothing-0.3_current_alpha_beta-[4, 4]_future_alpha_beta-[2, 6]",acc,popularity,0.787109375,False
"n_students-50_n_skills-10_smoothing-0.3_current_alpha_beta-[4, 4]_future_alpha_beta-[2, 6]",acc,simple_markov,0.0009765625,True
"n_students-50_n_skills-10_smoothing-0.3_current_alpha_beta-[4, 4]_future_alpha_beta-[2, 6]",acc,random,0.0009765625,True
"n_students-50_n_skills-10_smoothing-0.3_current_alpha_beta-[4, 4]_future_alpha_beta-[2, 6]",acc,bayesian_network,0.0654296875,False
"n_students-50_n_skills-10_smoothing-0.3_current_alpha_beta-[4, 4]_future_alpha_beta-[3, 5]",acc,full_information,0.9755859375,False
"n_students-50_n_skills-10_smoothing-0.3_current_alpha_beta-[4, 4]_future_alpha_beta-[3, 5]",acc,popularity,0.1611328125,False
"n_students-50_n_skills-10_smoothing-0.3_current_alpha_beta-[4, 4]_future_alpha_beta-[3, 5]",acc,simple_markov,0.0009765625,True
"n_students-50_n_skills-10_smoothing-0.3_current_alpha_beta-[4, 4]_future_alpha_beta-[3, 5]",acc,random,0.0009765625,True
"n_students-50_n_skills-10_smoothing-0.3_current_alpha_beta-[4, 4]_future_alpha_beta-[3, 5]",acc,bayesian_network,0.0029296875,True
"n_students-50_n_skills-10_smoothing-0.3_current_alpha_beta-[4, 4]_future_alpha_beta-[4, 4]",acc,full_information,0.875,False
"n_students-50_n_skills-10_smoothing-0.3_current_alpha_beta-[4, 4]_future_alpha_beta-[4, 4]",acc,popularity,0.9345703125,False
"n_students-50_n_skills-10_smoothing-0.3_current_alpha_beta-[4, 4]_future_alpha_beta-[4, 4]",acc,simple_markov,0.0009765625,True
"n_students-50_n_skills-10_smoothing-0.3_current_alpha_beta-[4, 4]_future_alpha_beta-[4, 4]",acc,random,0.0009765625,True
"n_students-50_n_skills-10_smoothing-0.3_current_alpha_beta-[4, 4]_future_alpha_beta-[4, 4]",acc,bayesian_network,0.001953125,True
"n_students-50_n_skills-10_smoothing-0.3_current_alpha_beta-[4, 4]_future_alpha_beta-[5, 3]",acc,full_information,0.7216796875,False
"n_students-50_n_skills-10_smoothing-0.3_current_alpha_beta-[4, 4]_future_alpha_beta-[5, 3]",acc,popularity,0.3671875,False
"n_students-50_n_skills-10_smoothing-0.3_current_alpha_beta-[4, 4]_future_alpha_beta-[5, 3]",acc,simple_markov,0.0009765625,True
"n_students-50_n_skills-10_smoothing-0.3_current_alpha_beta-[4, 4]_future_alpha_beta-[5, 3]",acc,random,0.0009765625,True
"n_students-50_n_skills-10_smoothing-0.3_current_alpha_beta-[4, 4]_future_alpha_beta-[5, 3]",acc,bayesian_network,0.001953125,True
"n_students-50_n_skills-10_smoothing-0.3_current_alpha_beta-[4, 4]_future_alpha_beta-[6, 2]",acc,full_information,1.0,False
"n_students-50_n_skills-10_smoothing-0.3_current_alpha_beta-[4, 4]_future_alpha_beta-[6, 2]",acc,popularity,0.384765625,False
"n_students-50_n_skills-10_smoothing-0.3_current_alpha_beta-[4, 4]_future_alpha_beta-[6, 2]",acc,simple_markov,0.0009765625,True
"n_students-50_n_skills-10_smoothing-0.3_current_alpha_beta-[4, 4]_future_alpha_beta-[6, 2]",acc,random,0.0009765625,True
"n_students-50_n_skills-10_smoothing-0.3_current_alpha_beta-[4, 4]_future_alpha_beta-[6, 2]",acc,bayesian_network,0.0009765625,True
"n_students-50_n_skills-10_smoothing-0.3_current_alpha_beta-[5, 3]_future_alpha_beta-[2, 6]",acc,full_information,0.9033203125,False
"n_students-50_n_skills-10_smoothing-0.3_current_alpha_beta-[5, 3]_future_alpha_beta-[2, 6]",acc,popularity,0.8125,False
"n_students-50_n_skills-10_smoothing-0.3_current_alpha_beta-[5, 3]_future_alpha_beta-[2, 6]",acc,simple_markov,0.0048828125,True
"n_students-50_n_skills-10_smoothing-0.3_current_alpha_beta-[5, 3]_future_alpha_beta-[2, 6]",acc,random,0.0009765625,True
"n_students-50_n_skills-10_smoothing-0.3_current_alpha_beta-[5, 3]_future_alpha_beta-[2, 6]",acc,bayesian_network,0.0068359375,True
"n_students-50_n_skills-10_smoothing-0.3_current_alpha_beta-[5, 3]_future_alpha_beta-[3, 5]",acc,full_information,0.71484375,False
"n_students-50_n_skills-10_smoothing-0.3_current_alpha_beta-[5, 3]_future_alpha_beta-[3, 5]",acc,popularity,0.455078125,False
"n_students-50_n_skills-10_smoothing-0.3_current_alpha_beta-[5, 3]_future_alpha_beta-[3, 5]",acc,simple_markov,0.001953125,True
"n_students-50_n_skills-10_smoothing-0.3_current_alpha_beta-[5, 3]_future_alpha_beta-[3, 5]",acc,random,0.0009765625,True
"n_students-50_n_skills-10_smoothing-0.3_current_alpha_beta-[5, 3]_future_alpha_beta-[3, 5]",acc,bayesian_network,0.0654296875,False
"n_students-50_n_skills-10_smoothing-0.3_current_alpha_beta-[5, 3]_future_alpha_beta-[4, 4]",acc,full_information,0.990234375,False
"n_students-50_n_skills-10_smoothing-0.3_current_alpha_beta-[5, 3]_future_alpha_beta-[4, 4]",acc,popularity,0.751953125,False
"n_students-50_n_skills-10_smoothing-0.3_current_alpha_beta-[5, 3]_future_alpha_beta-[4, 4]",acc,simple_markov,0.001953125,True
"n_students-50_n_skills-10_smoothing-0.3_current_alpha_beta-[5, 3]_future_alpha_beta-[4, 4]",acc,random,0.0009765625,True
"n_students-50_n_skills-10_smoothing-0.3_current_alpha_beta-[5, 3]_future_alpha_beta-[4, 4]",acc,bayesian_network,0.0322265625,True
"n_students-50_n_skills-10_smoothing-0.3_current_alpha_beta-[5, 3]_future_alpha_beta-[5, 3]",acc,full_information,0.4609375,False
"n_students-50_n_skills-10_smoothing-0.3_current_alpha_beta-[5, 3]_future_alpha_beta-[5, 3]",acc,popularity,0.986328125,False
"n_students-50_n_skills-10_smoothing-0.3_current_alpha_beta-[5, 3]_future_alpha_beta-[5, 3]",acc,simple_markov,0.0009765625,True
"n_students-50_n_skills-10_smoothing-0.3_current_alpha_beta-[5, 3]_future_alpha_beta-[5, 3]",acc,random,0.001953125,True
"n_students-50_n_skills-10_smoothing-0.3_current_alpha_beta-[5, 3]_future_alpha_beta-[5, 3]",acc,bayesian_network,0.0966796875,False
"n_students-50_n_skills-10_smoothing-0.3_current_alpha_beta-[5, 3]_future_alpha_beta-[6, 2]",acc,full_information,0.9033203125,False
"n_students-50_n_skills-10_smoothing-0.3_current_alpha_beta-[5, 3]_future_alpha_beta-[6, 2]",acc,popularity,0.8203125,False
"n_students-50_n_skills-10_smoothing-0.3_current_alpha_beta-[5, 3]_future_alpha_beta-[6, 2]",acc,simple_markov,0.0185546875,True
"n_students-50_n_skills-10_smoothing-0.3_current_alpha_beta-[5, 3]_future_alpha_beta-[6, 2]",acc,random,0.0009765625,True
"n_students-50_n_skills-10_smoothing-0.3_current_alpha_beta-[5, 3]_future_alpha_beta-[6, 2]",acc,bayesian_network,0.0322265625,True
"n_students-50_n_skills-10_smoothing-0.3_current_alpha_beta-[6, 2]_future_alpha_beta-[2, 6]",acc,full_information,0.455078125,False
"n_students-50_n_skills-10_smoothing-0.3_current_alpha_beta-[6, 2]_future_alpha_beta-[2, 6]",acc,popularity,0.0791015625,False
"n_students-50_n_skills-10_smoothing-0.3_current_alpha_beta-[6, 2]_future_alpha_beta-[2, 6]",acc,simple_markov,0.0009765625,True
"n_students-50_n_skills-10_smoothing-0.3_current_alpha_beta-[6, 2]_future_alpha_beta-[2, 6]",acc,random,0.0009765625,True
"n_students-50_n_skills-10_smoothing-0.3_current_alpha_beta-[6, 2]_future_alpha_beta-[2, 6]",acc,bayesian_network,0.0244140625,True
"n_students-50_n_skills-10_smoothing-0.3_current_alpha_beta-[6, 2]_future_alpha_beta-[3, 5]",acc,full_information,0.529296875,False
"n_students-50_n_skills-10_smoothing-0.3_current_alpha_beta-[6, 2]_future_alpha_beta-[3, 5]",acc,popularity,0.421875,False
"n_students-50_n_skills-10_smoothing-0.3_current_alpha_beta-[6, 2]_future_alpha_beta-[3, 5]",acc,simple_markov,0.0009765625,True
"n_students-50_n_skills-10_smoothing-0.3_current_alpha_beta-[6, 2]_future_alpha_beta-[3, 5]",acc,random,0.0029296875,True
"n_students-50_n_skills-10_smoothing-0.3_current_alpha_beta-[6, 2]_future_alpha_beta-[3, 5]",acc,bayesian_network,0.0009765625,True
"n_students-50_n_skills-10_smoothing-0.3_current_alpha_beta-[6, 2]_future_alpha_beta-[4, 4]",acc,full_information,0.751953125,False
"n_students-50_n_skills-10_smoothing-0.3_current_alpha_beta-[6, 2]_future_alpha_beta-[4, 4]",acc,popularity,0.5390625,False
"n_students-50_n_skills-10_smoothing-0.3_current_alpha_beta-[6, 2]_future_alpha_beta-[4, 4]",acc,simple_markov,0.0009765625,True
"n_students-50_n_skills-10_smoothing-0.3_current_alpha_beta-[6, 2]_future_alpha_beta-[4, 4]",acc,random,0.001953125,True
"n_students-50_n_skills-10_smoothing-0.3_current_alpha_beta-[6, 2]_future_alpha_beta-[4, 4]",acc,bayesian_network,0.001953125,True
"n_students-50_n_skills-10_smoothing-0.3_current_alpha_beta-[6, 2]_future_alpha_beta-[5, 3]",acc,full_information,0.443359375,False
"n_students-50_n_skills-10_smoothing-0.3_current_alpha_beta-[6, 2]_future_alpha_beta-[5, 3]",acc,popularity,0.037109375,True
"n_students-50_n_skills-10_smoothing-0.3_current_alpha_beta-[6, 2]_future_alpha_beta-[5, 3]",acc,simple_markov,0.0009765625,True
"n_students-50_n_skills-10_smoothing-0.3_current_alpha_beta-[6, 2]_future_alpha_beta-[5, 3]",acc,random,0.0009765625,True
"n_students-50_n_skills-10_smoothing-0.3_current_alpha_beta-[6, 2]_future_alpha_beta-[5, 3]",acc,bayesian_network,0.0419921875,True
"n_students-50_n_skills-10_smoothing-0.3_current_alpha_beta-[6, 2]_future_alpha_beta-[6, 2]",acc,full_information,0.828125,False
"n_students-50_n_skills-10_smoothing-0.3_current_alpha_beta-[6, 2]_future_alpha_beta-[6, 2]",acc,popularity,0.921875,False
"n_students-50_n_skills-10_smoothing-0.3_current_alpha_beta-[6, 2]_future_alpha_beta-[6, 2]",acc,simple_markov,0.0068359375,True
"n_students-50_n_skills-10_smoothing-0.3_current_alpha_beta-[6, 2]_future_alpha_beta-[6, 2]",acc,random,0.0009765625,True
"n_students-50_n_skills-10_smoothing-0.3_current_alpha_beta-[6, 2]_future_alpha_beta-[6, 2]",acc,bayesian_network,0.0009765625,True
"n_students-50_n_skills-10_smoothing-0.5_current_alpha_beta-[2, 6]_future_alpha_beta-[2, 6]",acc,full_information,0.9814453125,False
"n_students-50_n_skills-10_smoothing-0.5_current_alpha_beta-[2, 6]_future_alpha_beta-[2, 6]",acc,popularity,0.974609375,False
"n_students-50_n_skills-10_smoothing-0.5_current_alpha_beta-[2, 6]_future_alpha_beta-[2, 6]",acc,simple_markov,0.0009765625,True
"n_students-50_n_skills-10_smoothing-0.5_current_alpha_beta-[2, 6]_future_alpha_beta-[2, 6]",acc,random,0.0009765625,True
"n_students-50_n_skills-10_smoothing-0.5_current_alpha_beta-[2, 6]_future_alpha_beta-[2, 6]",acc,bayesian_network,0.013671875,True
"n_students-50_n_skills-10_smoothing-0.5_current_alpha_beta-[2, 6]_future_alpha_beta-[3, 5]",acc,full_information,0.8388671875,False
"n_students-50_n_skills-10_smoothing-0.5_current_alpha_beta-[2, 6]_future_alpha_beta-[3, 5]",acc,popularity,0.9755859375,False
"n_students-50_n_skills-10_smoothing-0.5_current_alpha_beta-[2, 6]_future_alpha_beta-[3, 5]",acc,simple_markov,0.0009765625,True
"n_students-50_n_skills-10_smoothing-0.5_current_alpha_beta-[2, 6]_future_alpha_beta-[3, 5]",acc,random,0.0009765625,True
"n_students-50_n_skills-10_smoothing-0.5_current_alpha_beta-[2, 6]_future_alpha_beta-[3, 5]",acc,bayesian_network,0.009765625,True
"n_students-50_n_skills-10_smoothing-0.5_current_alpha_beta-[2, 6]_future_alpha_beta-[4, 4]",acc,full_information,0.9677734375,False
"n_students-50_n_skills-10_smoothing-0.5_current_alpha_beta-[2, 6]_future_alpha_beta-[4, 4]",acc,popularity,0.8623046875,False
"n_students-50_n_skills-10_smoothing-0.5_current_alpha_beta-[2, 6]_future_alpha_beta-[4, 4]",acc,simple_markov,0.0009765625,True
"n_students-50_n_skills-10_smoothing-0.5_current_alpha_beta-[2, 6]_future_alpha_beta-[4, 4]",acc,random,0.0009765625,True
"n_students-50_n_skills-10_smoothing-0.5_current_alpha_beta-[2, 6]_future_alpha_beta-[4, 4]",acc,bayesian_network,0.0009765625,True
"n_students-50_n_skills-10_smoothing-0.5_current_alpha_beta-[2, 6]_future_alpha_beta-[5, 3]",acc,full_information,0.9677734375,False
"n_students-50_n_skills-10_smoothing-0.5_current_alpha_beta-[2, 6]_future_alpha_beta-[5, 3]",acc,popularity,0.7216796875,False
"n_students-50_n_skills-10_smoothing-0.5_current_alpha_beta-[2, 6]_future_alpha_beta-[5, 3]",acc,simple_markov,0.0009765625,True
"n_students-50_n_skills-10_smoothing-0.5_current_alpha_beta-[2, 6]_future_alpha_beta-[5, 3]",acc,random,0.0009765625,True
"n_students-50_n_skills-10_smoothing-0.5_current_alpha_beta-[2, 6]_future_alpha_beta-[5, 3]",acc,bayesian_network,0.009765625,True
"n_students-50_n_skills-10_smoothing-0.5_current_alpha_beta-[2, 6]_future_alpha_beta-[6, 2]",acc,full_information,1.0,False
"n_students-50_n_skills-10_smoothing-0.5_current_alpha_beta-[2, 6]_future_alpha_beta-[6, 2]",acc,popularity,0.9755859375,False
"n_students-50_n_skills-10_smoothing-0.5_current_alpha_beta-[2, 6]_future_alpha_beta-[6, 2]",acc,simple_markov,0.0048828125,True
"n_students-50_n_skills-10_smoothing-0.5_current_alpha_beta-[2, 6]_future_alpha_beta-[6, 2]",acc,random,0.001953125,True
"n_students-50_n_skills-10_smoothing-0.5_current_alpha_beta-[2, 6]_future_alpha_beta-[6, 2]",acc,bayesian_network,0.34765625,False
"n_students-50_n_skills-10_smoothing-0.5_current_alpha_beta-[3, 5]_future_alpha_beta-[2, 6]",acc,full_information,0.6875,False
"n_students-50_n_skills-10_smoothing-0.5_current_alpha_beta-[3, 5]_future_alpha_beta-[2, 6]",acc,popularity,0.9755859375,False
"n_students-50_n_skills-10_smoothing-0.5_current_alpha_beta-[3, 5]_future_alpha_beta-[2, 6]",acc,simple_markov,0.0048828125,True
"n_students-50_n_skills-10_smoothing-0.5_current_alpha_beta-[3, 5]_future_alpha_beta-[2, 6]",acc,random,0.0009765625,True
"n_students-50_n_skills-10_smoothing-0.5_current_alpha_beta-[3, 5]_future_alpha_beta-[2, 6]",acc,bayesian_network,0.1376953125,False
"n_students-50_n_skills-10_smoothing-0.5_current_alpha_beta-[3, 5]_future_alpha_beta-[3, 5]",acc,full_information,0.8837890625,False
"n_students-50_n_skills-10_smoothing-0.5_current_alpha_beta-[3, 5]_future_alpha_beta-[3, 5]",acc,popularity,0.6875,False
"n_students-50_n_skills-10_smoothing-0.5_current_alpha_beta-[3, 5]_future_alpha_beta-[3, 5]",acc,simple_markov,0.0009765625,True
"n_students-50_n_skills-10_smoothing-0.5_current_alpha_beta-[3, 5]_future_alpha_beta-[3, 5]",acc,random,0.0009765625,True
"n_students-50_n_skills-10_smoothing-0.5_current_alpha_beta-[3, 5]_future_alpha_beta-[3, 5]",acc,bayesian_network,0.0029296875,True
"n_students-50_n_skills-10_smoothing-0.5_current_alpha_beta-[3, 5]_future_alpha_beta-[4, 4]",acc,full_information,0.3125,False
"n_students-50_n_skills-10_smoothing-0.5_current_alpha_beta-[3, 5]_future_alpha_beta-[4, 4]",acc,popularity,0.6875,False
"n_students-50_n_skills-10_smoothing-0.5_current_alpha_beta-[3, 5]_future_alpha_beta-[4, 4]",acc,simple_markov,0.001953125,True
"n_students-50_n_skills-10_smoothing-0.5_current_alpha_beta-[3, 5]_future_alpha_beta-[4, 4]",acc,random,0.0009765625,True
"n_students-50_n_skills-10_smoothing-0.5_current_alpha_beta-[3, 5]_future_alpha_beta-[4, 4]",acc,bayesian_network,0.0654296875,False
"n_students-50_n_skills-10_smoothing-0.5_current_alpha_beta-[3, 5]_future_alpha_beta-[5, 3]",acc,full_information,0.990234375,False
"n_students-50_n_skills-10_smoothing-0.5_current_alpha_beta-[3, 5]_future_alpha_beta-[5, 3]",acc,popularity,0.994140625,False
"n_students-50_n_skills-10_smoothing-0.5_current_alpha_beta-[3, 5]_future_alpha_beta-[5, 3]",acc,simple_markov,0.0009765625,True
"n_students-50_n_skills-10_smoothing-0.5_current_alpha_beta-[3, 5]_future_alpha_beta-[5, 3]",acc,random,0.0009765625,True
"n_students-50_n_skills-10_smoothing-0.5_current_alpha_beta-[3, 5]_future_alpha_beta-[5, 3]",acc,bayesian_network,0.0966796875,False
"n_students-50_n_skills-10_smoothing-0.5_current_alpha_beta-[3, 5]_future_alpha_beta-[6, 2]",acc,full_information,0.9990234375,False
"n_students-50_n_skills-10_smoothing-0.5_current_alpha_beta-[3, 5]_future_alpha_beta-[6, 2]",acc,popularity,0.615234375,False
"n_students-50_n_skills-10_smoothing-0.5_current_alpha_beta-[3, 5]_future_alpha_beta-[6, 2]",acc,simple_markov,0.0009765625,True
"n_students-50_n_skills-10_smoothing-0.5_current_alpha_beta-[3, 5]_future_alpha_beta-[6, 2]",acc,random,0.0009765625,True
"n_students-50_n_skills-10_smoothing-0.5_current_alpha_beta-[3, 5]_future_alpha_beta-[6, 2]",acc,bayesian_network,0.0654296875,False
"n_students-50_n_skills-10_smoothing-0.5_current_alpha_beta-[4, 4]_future_alpha_beta-[2, 6]",acc,full_information,0.955078125,False
"n_students-50_n_skills-10_smoothing-0.5_current_alpha_beta-[4, 4]_future_alpha_beta-[2, 6]",acc,popularity,0.994140625,False
"n_students-50_n_skills-10_smoothing-0.5_current_alpha_beta-[4, 4]_future_alpha_beta-[2, 6]",acc,simple_markov,0.0009765625,True
"n_students-50_n_skills-10_smoothing-0.5_current_alpha_beta-[4, 4]_future_alpha_beta-[2, 6]",acc,random,0.0009765625,True
"n_students-50_n_skills-10_smoothing-0.5_current_alpha_beta-[4, 4]_future_alpha_beta-[2, 6]",acc,bayesian_network,0.3125,False
"n_students-50_n_skills-10_smoothing-0.5_current_alpha_beta-[4, 4]_future_alpha_beta-[3, 5]",acc,full_information,0.9033203125,False
"n_students-50_n_skills-10_smoothing-0.5_current_alpha_beta-[4, 4]_future_alpha_beta-[3, 5]",acc,popularity,0.28515625,False
"n_students-50_n_skills-10_smoothing-0.5_current_alpha_beta-[4, 4]_future_alpha_beta-[3, 5]",acc,simple_markov,0.0009765625,True
"n_students-50_n_skills-10_smoothing-0.5_current_alpha_beta-[4, 4]_future_alpha_beta-[3, 5]",acc,random,0.0009765625,True
"n_students-50_n_skills-10_smoothing-0.5_current_alpha_beta-[4, 4]_future_alpha_beta-[3, 5]",acc,bayesian_network,0.013671875,True
"n_students-50_n_skills-10_smoothing-0.5_current_alpha_beta-[4, 4]_future_alpha_beta-[4, 4]",acc,full_information,0.8837890625,False
"n_students-50_n_skills-10_smoothing-0.5_current_alpha_beta-[4, 4]_future_alpha_beta-[4, 4]",acc,popularity,0.8125,False
"n_students-50_n_skills-10_smoothing-0.5_current_alpha_beta-[4, 4]_future_alpha_beta-[4, 4]",acc,simple_markov,0.0009765625,True
"n_students-50_n_skills-10_smoothing-0.5_current_alpha_beta-[4, 4]_future_alpha_beta-[4, 4]",acc,random,0.001953125,True
"n_students-50_n_skills-10_smoothing-0.5_current_alpha_beta-[4, 4]_future_alpha_beta-[4, 4]",acc,bayesian_network,0.009765625,True
"n_students-50_n_skills-10_smoothing-0.5_current_alpha_beta-[4, 4]_future_alpha_beta-[5, 3]",acc,full_information,0.7841796875,False
"n_students-50_n_skills-10_smoothing-0.5_current_alpha_beta-[4, 4]_future_alpha_beta-[5, 3]",acc,popularity,0.8125,False
"n_students-50_n_skills-10_smoothing-0.5_current_alpha_beta-[4, 4]_future_alpha_beta-[5, 3]",acc,simple_markov,0.0009765625,True
"n_students-50_n_skills-10_smoothing-0.5_current_alpha_beta-[4, 4]_future_alpha_beta-[5, 3]",acc,random,0.0009765625,True
"n_students-50_n_skills-10_smoothing-0.5_current_alpha_beta-[4, 4]_future_alpha_beta-[5, 3]",acc,bayesian_network,0.0068359375,True
"n_students-50_n_skills-10_smoothing-0.5_current_alpha_beta-[4, 4]_future_alpha_beta-[6, 2]",acc,full_information,0.9033203125,False
"n_students-50_n_skills-10_smoothing-0.5_current_alpha_beta-[4, 4]_future_alpha_beta-[6, 2]",acc,popularity,0.8623046875,False
"n_students-50_n_skills-10_smoothing-0.5_current_alpha_beta-[4, 4]_future_alpha_beta-[6, 2]",acc,simple_markov,0.0009765625,True
"n_students-50_n_skills-10_smoothing-0.5_current_alpha_beta-[4, 4]_future_alpha_beta-[6, 2]",acc,random,0.001953125,True
"n_students-50_n_skills-10_smoothing-0.5_current_alpha_beta-[4, 4]_future_alpha_beta-[6, 2]",acc,bayesian_network,0.0185546875,True
"n_students-50_n_skills-10_smoothing-0.5_current_alpha_beta-[5, 3]_future_alpha_beta-[2, 6]",acc,full_information,0.384765625,False
"n_students-50_n_skills-10_smoothing-0.5_current_alpha_beta-[5, 3]_future_alpha_beta-[2, 6]",acc,popularity,0.71484375,False
"n_students-50_n_skills-10_smoothing-0.5_current_alpha_beta-[5, 3]_future_alpha_beta-[2, 6]",acc,simple_markov,0.009765625,True
"n_students-50_n_skills-10_smoothing-0.5_current_alpha_beta-[5, 3]_future_alpha_beta-[2, 6]",acc,random,0.013671875,True
"n_students-50_n_skills-10_smoothing-0.5_current_alpha_beta-[5, 3]_future_alpha_beta-[2, 6]",acc,bayesian_network,0.080078125,False
"n_students-50_n_skills-10_smoothing-0.5_current_alpha_beta-[5, 3]_future_alpha_beta-[3, 5]",acc,full_information,0.9755859375,False
"n_students-50_n_skills-10_smoothing-0.5_current_alpha_beta-[5, 3]_future_alpha_beta-[3, 5]",acc,popularity,0.990234375,False
"n_students-50_n_skills-10_smoothing-0.5_current_alpha_beta-[5, 3]_future_alpha_beta-[3, 5]",acc,simple_markov,0.0068359375,True
"n_students-50_n_skills-10_smoothing-0.5_current_alpha_beta-[5, 3]_future_alpha_beta-[3, 5]",acc,random,0.001953125,True
"n_students-50_n_skills-10_smoothing-0.5_current_alpha_beta-[5, 3]_future_alpha_beta-[3, 5]",acc,bayesian_network,0.8125,False
"n_students-50_n_skills-10_smoothing-0.5_current_alpha_beta-[5, 3]_future_alpha_beta-[4, 4]",acc,full_information,0.9345703125,False
"n_students-50_n_skills-10_smoothing-0.5_current_alpha_beta-[5, 3]_future_alpha_beta-[4, 4]",acc,popularity,0.947265625,False
"n_students-50_n_skills-10_smoothing-0.5_current_alpha_beta-[5, 3]_future_alpha_beta-[4, 4]",acc,simple_markov,0.0068359375,True
"n_students-50_n_skills-10_smoothing-0.5_current_alpha_beta-[5, 3]_future_alpha_beta-[4, 4]",acc,random,0.0009765625,True
"n_students-50_n_skills-10_smoothing-0.5_current_alpha_beta-[5, 3]_future_alpha_beta-[4, 4]",acc,bayesian_network,0.2158203125,False
"n_students-50_n_skills-10_smoothing-0.5_current_alpha_beta-[5, 3]_future_alpha_beta-[5, 3]",acc,full_information,0.615234375,False
"n_students-50_n_skills-10_smoothing-0.5_current_alpha_beta-[5, 3]_future_alpha_beta-[5, 3]",acc,popularity,0.9345703125,False
"n_students-50_n_skills-10_smoothing-0.5_current_alpha_beta-[5, 3]_future_alpha_beta-[5, 3]",acc,simple_markov,0.013671875,True
"n_students-50_n_skills-10_smoothing-0.5_current_alpha_beta-[5, 3]_future_alpha_beta-[5, 3]",acc,random,0.0185546875,True
"n_students-50_n_skills-10_smoothing-0.5_current_alpha_beta-[5, 3]_future_alpha_beta-[5, 3]",acc,bayesian_network,0.34765625,False
"n_students-50_n_skills-10_smoothing-0.5_current_alpha_beta-[5, 3]_future_alpha_beta-[6, 2]",acc,full_information,0.65234375,False
"n_students-50_n_skills-10_smoothing-0.5_current_alpha_beta-[5, 3]_future_alpha_beta-[6, 2]",acc,popularity,0.9345703125,False
"n_students-50_n_skills-10_smoothing-0.5_current_alpha_beta-[5, 3]_future_alpha_beta-[6, 2]",acc,simple_markov,0.009765625,True
"n_students-50_n_skills-10_smoothing-0.5_current_alpha_beta-[5, 3]_future_alpha_beta-[6, 2]",acc,random,0.0029296875,True
"n_students-50_n_skills-10_smoothing-0.5_current_alpha_beta-[5, 3]_future_alpha_beta-[6, 2]",acc,bayesian_network,0.24609375,False
"n_students-50_n_skills-10_smoothing-0.5_current_alpha_beta-[6, 2]_future_alpha_beta-[2, 6]",acc,full_information,0.5771484375,False
"n_students-50_n_skills-10_smoothing-0.5_current_alpha_beta-[6, 2]_future_alpha_beta-[2, 6]",acc,popularity,0.380859375,False
"n_students-50_n_skills-10_smoothing-0.5_current_alpha_beta-[6, 2]_future_alpha_beta-[2, 6]",acc,simple_markov,0.0419921875,True
"n_students-50_n_skills-10_smoothing-0.5_current_alpha_beta-[6, 2]_future_alpha_beta-[2, 6]",acc,random,0.001953125,True
"n_students-50_n_skills-10_smoothing-0.5_current_alpha_beta-[6, 2]_future_alpha_beta-[2, 6]",acc,bayesian_network,0.1923828125,False
"n_students-50_n_skills-10_smoothing-0.5_current_alpha_beta-[6, 2]_future_alpha_beta-[3, 5]",acc,full_information,0.7841796875,False
"n_students-50_n_skills-10_smoothing-0.5_current_alpha_beta-[6, 2]_future_alpha_beta-[3, 5]",acc,popularity,0.8447265625,False
"n_students-50_n_skills-10_smoothing-0.5_current_alpha_beta-[6, 2]_future_alpha_beta-[3, 5]",acc,simple_markov,0.0048828125,True
"n_students-50_n_skills-10_smoothing-0.5_current_alpha_beta-[6, 2]_future_alpha_beta-[3, 5]",acc,random,0.0185546875,True
"n_students-50_n_skills-10_smoothing-0.5_current_alpha_beta-[6, 2]_future_alpha_beta-[3, 5]",acc,bayesian_network,0.052734375,False
"n_students-50_n_skills-10_smoothing-0.5_current_alpha_beta-[6, 2]_future_alpha_beta-[4, 4]",acc,full_information,0.39453125,False
"n_students-50_n_skills-10_smoothing-0.5_current_alpha_beta-[6, 2]_future_alpha_beta-[4, 4]",acc,popularity,0.1376953125,False
"n_students-50_n_skills-10_smoothing-0.5_current_alpha_beta-[6, 2]_future_alpha_beta-[4, 4]",acc,simple_markov,0.001953125,True
"n_students-50_n_skills-10_smoothing-0.5_current_alpha_beta-[6, 2]_future_alpha_beta-[4, 4]",acc,random,0.0048828125,True
"n_students-50_n_skills-10_smoothing-0.5_current_alpha_beta-[6, 2]_future_alpha_beta-[4, 4]",acc,bayesian_network,0.013671875,True
"n_students-50_n_skills-10_smoothing-0.5_current_alpha_beta-[6, 2]_future_alpha_beta-[5, 3]",acc,full_information,0.787109375,False
"n_students-50_n_skills-10_smoothing-0.5_current_alpha_beta-[6, 2]_future_alpha_beta-[5, 3]",acc,popularity,0.4228515625,False
"n_students-50_n_skills-10_smoothing-0.5_current_alpha_beta-[6, 2]_future_alpha_beta-[5, 3]",acc,simple_markov,0.0048828125,True
"n_students-50_n_skills-10_smoothing-0.5_current_alpha_beta-[6, 2]_future_alpha_beta-[5, 3]",acc,random,0.0029296875,True
"n_students-50_n_skills-10_smoothing-0.5_current_alpha_beta-[6, 2]_future_alpha_beta-[5, 3]",acc,bayesian_network,0.1875,False
"n_students-50_n_skills-10_smoothing-0.5_current_alpha_beta-[6, 2]_future_alpha_beta-[6, 2]",acc,full_information,0.1611328125,False
"n_students-50_n_skills-10_smoothing-0.5_current_alpha_beta-[6, 2]_future_alpha_beta-[6, 2]",acc,popularity,0.5771484375,False
"n_students-50_n_skills-10_smoothing-0.5_current_alpha_beta-[6, 2]_future_alpha_beta-[6, 2]",acc,simple_markov,0.0009765625,True
"n_students-50_n_skills-10_smoothing-0.5_current_alpha_beta-[6, 2]_future_alpha_beta-[6, 2]",acc,random,0.0029296875,True
"n_students-50_n_skills-10_smoothing-0.5_current_alpha_beta-[6, 2]_future_alpha_beta-[6, 2]",acc,bayesian_network,0.052734375,False
"n_students-50_n_skills-15_smoothing-0.1_current_alpha_beta-[2, 6]_future_alpha_beta-[2, 6]",acc,full_information,1.0,False
"n_students-50_n_skills-15_smoothing-0.1_current_alpha_beta-[2, 6]_future_alpha_beta-[2, 6]",acc,popularity,1.0,False
"n_students-50_n_skills-15_smoothing-0.1_current_alpha_beta-[2, 6]_future_alpha_beta-[2, 6]",acc,simple_markov,0.0009765625,True
"n_students-50_n_skills-15_smoothing-0.1_current_alpha_beta-[2, 6]_future_alpha_beta-[2, 6]",acc,random,0.0009765625,True
"n_students-50_n_skills-15_smoothing-0.1_current_alpha_beta-[2, 6]_future_alpha_beta-[2, 6]",acc,bayesian_network,0.0009765625,True
"n_students-50_n_skills-15_smoothing-0.1_current_alpha_beta-[2, 6]_future_alpha_beta-[3, 5]",acc,full_information,1.0,False
"n_students-50_n_skills-15_smoothing-0.1_current_alpha_beta-[2, 6]_future_alpha_beta-[3, 5]",acc,popularity,0.9345703125,False
"n_students-50_n_skills-15_smoothing-0.1_current_alpha_beta-[2, 6]_future_alpha_beta-[3, 5]",acc,simple_markov,0.0009765625,True
"n_students-50_n_skills-15_smoothing-0.1_current_alpha_beta-[2, 6]_future_alpha_beta-[3, 5]",acc,random,0.0009765625,True
"n_students-50_n_skills-15_smoothing-0.1_current_alpha_beta-[2, 6]_future_alpha_beta-[3, 5]",acc,bayesian_network,0.0009765625,True
"n_students-50_n_skills-15_smoothing-0.1_current_alpha_beta-[2, 6]_future_alpha_beta-[4, 4]",acc,full_information,1.0,False
"n_students-50_n_skills-15_smoothing-0.1_current_alpha_beta-[2, 6]_future_alpha_beta-[4, 4]",acc,popularity,0.8623046875,False
"n_students-50_n_skills-15_smoothing-0.1_current_alpha_beta-[2, 6]_future_alpha_beta-[4, 4]",acc,simple_markov,0.0009765625,True
"n_students-50_n_skills-15_smoothing-0.1_current_alpha_beta-[2, 6]_future_alpha_beta-[4, 4]",acc,random,0.0009765625,True
"n_students-50_n_skills-15_smoothing-0.1_current_alpha_beta-[2, 6]_future_alpha_beta-[4, 4]",acc,bayesian_network,0.0009765625,True
"n_students-50_n_skills-15_smoothing-0.1_current_alpha_beta-[2, 6]_future_alpha_beta-[5, 3]",acc,full_information,1.0,False
"n_students-50_n_skills-15_smoothing-0.1_current_alpha_beta-[2, 6]_future_alpha_beta-[5, 3]",acc,popularity,0.8623046875,False
"n_students-50_n_skills-15_smoothing-0.1_current_alpha_beta-[2, 6]_future_alpha_beta-[5, 3]",acc,simple_markov,0.0009765625,True
"n_students-50_n_skills-15_smoothing-0.1_current_alpha_beta-[2, 6]_future_alpha_beta-[5, 3]",acc,random,0.0009765625,True
"n_students-50_n_skills-15_smoothing-0.1_current_alpha_beta-[2, 6]_future_alpha_beta-[5, 3]",acc,bayesian_network,0.0048828125,True
"n_students-50_n_skills-15_smoothing-0.1_current_alpha_beta-[2, 6]_future_alpha_beta-[6, 2]",acc,full_information,1.0,False
"n_students-50_n_skills-15_smoothing-0.1_current_alpha_beta-[2, 6]_future_alpha_beta-[6, 2]",acc,popularity,0.9345703125,False
"n_students-50_n_skills-15_smoothing-0.1_current_alpha_beta-[2, 6]_future_alpha_beta-[6, 2]",acc,simple_markov,0.001953125,True
"n_students-50_n_skills-15_smoothing-0.1_current_alpha_beta-[2, 6]_future_alpha_beta-[6, 2]",acc,random,0.001953125,True
"n_students-50_n_skills-15_smoothing-0.1_current_alpha_beta-[2, 6]_future_alpha_beta-[6, 2]",acc,bayesian_network,0.0068359375,True
"n_students-50_n_skills-15_smoothing-0.1_current_alpha_beta-[3, 5]_future_alpha_beta-[2, 6]",acc,full_information,0.9345703125,False
"n_students-50_n_skills-15_smoothing-0.1_current_alpha_beta-[3, 5]_future_alpha_beta-[2, 6]",acc,popularity,0.919921875,False
"n_students-50_n_skills-15_smoothing-0.1_current_alpha_beta-[3, 5]_future_alpha_beta-[2, 6]",acc,simple_markov,0.0009765625,True
"n_students-50_n_skills-15_smoothing-0.1_current_alpha_beta-[3, 5]_future_alpha_beta-[2, 6]",acc,random,0.0009765625,True
"n_students-50_n_skills-15_smoothing-0.1_current_alpha_beta-[3, 5]_future_alpha_beta-[2, 6]",acc,bayesian_network,0.0009765625,True
"n_students-50_n_skills-15_smoothing-0.1_current_alpha_beta-[3, 5]_future_alpha_beta-[3, 5]",acc,full_information,0.990234375,False
"n_students-50_n_skills-15_smoothing-0.1_current_alpha_beta-[3, 5]_future_alpha_beta-[3, 5]",acc,popularity,0.5,False
"n_students-50_n_skills-15_smoothing-0.1_current_alpha_beta-[3, 5]_future_alpha_beta-[3, 5]",acc,simple_markov,0.0009765625,True
"n_students-50_n_skills-15_smoothing-0.1_current_alpha_beta-[3, 5]_future_alpha_beta-[3, 5]",acc,random,0.0009765625,True
"n_students-50_n_skills-15_smoothing-0.1_current_alpha_beta-[3, 5]_future_alpha_beta-[3, 5]",acc,bayesian_network,0.0009765625,True
"n_students-50_n_skills-15_smoothing-0.1_current_alpha_beta-[3, 5]_future_alpha_beta-[4, 4]",acc,full_information,0.9970703125,False
"n_students-50_n_skills-15_smoothing-0.1_current_alpha_beta-[3, 5]_future_alpha_beta-[4, 4]",acc,popularity,0.615234375,False
"n_students-50_n_skills-15_smoothing-0.1_current_alpha_beta-[3, 5]_future_alpha_beta-[4, 4]",acc,simple_markov,0.0009765625,True
"n_students-50_n_skills-15_smoothing-0.1_current_alpha_beta-[3, 5]_future_alpha_beta-[4, 4]",acc,random,0.0009765625,True
"n_students-50_n_skills-15_smoothing-0.1_current_alpha_beta-[3, 5]_future_alpha_beta-[4, 4]",acc,bayesian_network,0.0009765625,True
"n_students-50_n_skills-15_smoothing-0.1_current_alpha_beta-[3, 5]_future_alpha_beta-[5, 3]",acc,full_information,1.0,False
"n_students-50_n_skills-15_smoothing-0.1_current_alpha_beta-[3, 5]_future_alpha_beta-[5, 3]",acc,popularity,0.947265625,False
"n_students-50_n_skills-15_smoothing-0.1_current_alpha_beta-[3, 5]_future_alpha_beta-[5, 3]",acc,simple_markov,0.0009765625,True
"n_students-50_n_skills-15_smoothing-0.1_current_alpha_beta-[3, 5]_future_alpha_beta-[5, 3]",acc,random,0.0009765625,True
"n_students-50_n_skills-15_smoothing-0.1_current_alpha_beta-[3, 5]_future_alpha_beta-[5, 3]",acc,bayesian_network,0.0009765625,True
"n_students-50_n_skills-15_smoothing-0.1_current_alpha_beta-[3, 5]_future_alpha_beta-[6, 2]",acc,full_information,0.998046875,False
"n_students-50_n_skills-15_smoothing-0.1_current_alpha_beta-[3, 5]_future_alpha_beta-[6, 2]",acc,popularity,0.6875,False
"n_students-50_n_skills-15_smoothing-0.1_current_alpha_beta-[3, 5]_future_alpha_beta-[6, 2]",acc,simple_markov,0.0009765625,True
"n_students-50_n_skills-15_smoothing-0.1_current_alpha_beta-[3, 5]_future_alpha_beta-[6, 2]",acc,random,0.0009765625,True
"n_students-50_n_skills-15_smoothing-0.1_current_alpha_beta-[3, 5]_future_alpha_beta-[6, 2]",acc,bayesian_network,0.0009765625,True
"n_students-50_n_skills-15_smoothing-0.1_current_alpha_beta-[4, 4]_future_alpha_beta-[2, 6]",acc,full_information,0.8203125,False
"n_students-50_n_skills-15_smoothing-0.1_current_alpha_beta-[4, 4]_future_alpha_beta-[2, 6]",acc,popularity,0.248046875,False
"n_students-50_n_skills-15_smoothing-0.1_current_alpha_beta-[4, 4]_future_alpha_beta-[2, 6]",acc,simple_markov,0.0009765625,True
"n_students-50_n_skills-15_smoothing-0.1_current_alpha_beta-[4, 4]_future_alpha_beta-[2, 6]",acc,random,0.0009765625,True
"n_students-50_n_skills-15_smoothing-0.1_current_alpha_beta-[4, 4]_future_alpha_beta-[2, 6]",acc,bayesian_network,0.0009765625,True
"n_students-50_n_skills-15_smoothing-0.1_current_alpha_beta-[4, 4]_future_alpha_beta-[3, 5]",acc,full_information,0.919921875,False
"n_students-50_n_skills-15_smoothing-0.1_current_alpha_beta-[4, 4]_future_alpha_beta-[3, 5]",acc,popularity,0.7841796875,False
"n_students-50_n_skills-15_smoothing-0.1_current_alpha_beta-[4, 4]_future_alpha_beta-[3, 5]",acc,simple_markov,0.0009765625,True
"n_students-50_n_skills-15_smoothing-0.1_current_alpha_beta-[4, 4]_future_alpha_beta-[3, 5]",acc,random,0.0009765625,True
"n_students-50_n_skills-15_smoothing-0.1_current_alpha_beta-[4, 4]_future_alpha_beta-[3, 5]",acc,bayesian_network,0.0009765625,True
"n_students-50_n_skills-15_smoothing-0.1_current_alpha_beta-[4, 4]_future_alpha_beta-[4, 4]",acc,full_information,0.9931640625,False
"n_students-50_n_skills-15_smoothing-0.1_current_alpha_beta-[4, 4]_future_alpha_beta-[4, 4]",acc,popularity,0.052734375,False
"n_students-50_n_skills-15_smoothing-0.1_current_alpha_beta-[4, 4]_future_alpha_beta-[4, 4]",acc,simple_markov,0.0009765625,True
"n_students-50_n_skills-15_smoothing-0.1_current_alpha_beta-[4, 4]_future_alpha_beta-[4, 4]",acc,random,0.0009765625,True
"n_students-50_n_skills-15_smoothing-0.1_current_alpha_beta-[4, 4]_future_alpha_beta-[4, 4]",acc,bayesian_network,0.0009765625,True
"n_students-50_n_skills-15_smoothing-0.1_current_alpha_beta-[4, 4]_future_alpha_beta-[5, 3]",acc,full_information,0.990234375,False
"n_students-50_n_skills-15_smoothing-0.1_current_alpha_beta-[4, 4]_future_alpha_beta-[5, 3]",acc,popularity,0.9755859375,False
"n_students-50_n_skills-15_smoothing-0.1_current_alpha_beta-[4, 4]_future_alpha_beta-[5, 3]",acc,simple_markov,0.0009765625,True
"n_students-50_n_skills-15_smoothing-0.1_current_alpha_beta-[4, 4]_future_alpha_beta-[5, 3]",acc,random,0.0009765625,True
"n_students-50_n_skills-15_smoothing-0.1_current_alpha_beta-[4, 4]_future_alpha_beta-[5, 3]",acc,bayesian_network,0.0009765625,True
"n_students-50_n_skills-15_smoothing-0.1_current_alpha_beta-[4, 4]_future_alpha_beta-[6, 2]",acc,full_information,0.8837890625,False
"n_students-50_n_skills-15_smoothing-0.1_current_alpha_beta-[4, 4]_future_alpha_beta-[6, 2]",acc,popularity,0.7216796875,False
"n_students-50_n_skills-15_smoothing-0.1_current_alpha_beta-[4, 4]_future_alpha_beta-[6, 2]",acc,simple_markov,0.0009765625,True
"n_students-50_n_skills-15_smoothing-0.1_current_alpha_beta-[4, 4]_future_alpha_beta-[6, 2]",acc,random,0.0009765625,True
"n_students-50_n_skills-15_smoothing-0.1_current_alpha_beta-[4, 4]_future_alpha_beta-[6, 2]",acc,bayesian_network,0.0009765625,True
"n_students-50_n_skills-15_smoothing-0.1_current_alpha_beta-[5, 3]_future_alpha_beta-[2, 6]",acc,full_information,0.8125,False
"n_students-50_n_skills-15_smoothing-0.1_current_alpha_beta-[5, 3]_future_alpha_beta-[2, 6]",acc,popularity,0.65234375,False
"n_students-50_n_skills-15_smoothing-0.1_current_alpha_beta-[5, 3]_future_alpha_beta-[2, 6]",acc,simple_markov,0.0009765625,True
"n_students-50_n_skills-15_smoothing-0.1_current_alpha_beta-[5, 3]_future_alpha_beta-[2, 6]",acc,random,0.0009765625,True
"n_students-50_n_skills-15_smoothing-0.1_current_alpha_beta-[5, 3]_future_alpha_beta-[2, 6]",acc,bayesian_network,0.001953125,True
"n_students-50_n_skills-15_smoothing-0.1_current_alpha_beta-[5, 3]_future_alpha_beta-[3, 5]",acc,full_information,0.615234375,False
"n_students-50_n_skills-15_smoothing-0.1_current_alpha_beta-[5, 3]_future_alpha_beta-[3, 5]",acc,popularity,0.6328125,False
"n_students-50_n_skills-15_smoothing-0.1_current_alpha_beta-[5, 3]_future_alpha_beta-[3, 5]",acc,simple_markov,0.001953125,True
"n_students-50_n_skills-15_smoothing-0.1_current_alpha_beta-[5, 3]_future_alpha_beta-[3, 5]",acc,random,0.0009765625,True
"n_students-50_n_skills-15_smoothing-0.1_current_alpha_beta-[5, 3]_future_alpha_beta-[3, 5]",acc,bayesian_network,0.0009765625,True
"n_students-50_n_skills-15_smoothing-0.1_current_alpha_beta-[5, 3]_future_alpha_beta-[4, 4]",acc,full_information,0.6328125,False
"n_students-50_n_skills-15_smoothing-0.1_current_alpha_beta-[5, 3]_future_alpha_beta-[4, 4]",acc,popularity,0.849609375,False
"n_students-50_n_skills-15_smoothing-0.1_current_alpha_beta-[5, 3]_future_alpha_beta-[4, 4]",acc,simple_markov,0.0009765625,True
"n_students-50_n_skills-15_smoothing-0.1_current_alpha_beta-[5, 3]_future_alpha_beta-[4, 4]",acc,random,0.0009765625,True
"n_students-50_n_skills-15_smoothing-0.1_current_alpha_beta-[5, 3]_future_alpha_beta-[4, 4]",acc,bayesian_network,0.0009765625,True
"n_students-50_n_skills-15_smoothing-0.1_current_alpha_beta-[5, 3]_future_alpha_beta-[5, 3]",acc,full_information,0.8837890625,False
"n_students-50_n_skills-15_smoothing-0.1_current_alpha_beta-[5, 3]_future_alpha_beta-[5, 3]",acc,popularity,0.52734375,False
"n_students-50_n_skills-15_smoothing-0.1_current_alpha_beta-[5, 3]_future_alpha_beta-[5, 3]",acc,simple_markov,0.0009765625,True
"n_students-50_n_skills-15_smoothing-0.1_current_alpha_beta-[5, 3]_future_alpha_beta-[5, 3]",acc,random,0.0009765625,True
"n_students-50_n_skills-15_smoothing-0.1_current_alpha_beta-[5, 3]_future_alpha_beta-[5, 3]",acc,bayesian_network,0.0009765625,True
"n_students-50_n_skills-15_smoothing-0.1_current_alpha_beta-[5, 3]_future_alpha_beta-[6, 2]",acc,full_information,0.8203125,False
"n_students-50_n_skills-15_smoothing-0.1_current_alpha_beta-[5, 3]_future_alpha_beta-[6, 2]",acc,popularity,0.2783203125,False
"n_students-50_n_skills-15_smoothing-0.1_current_alpha_beta-[5, 3]_future_alpha_beta-[6, 2]",acc,simple_markov,0.0009765625,True
"n_students-50_n_skills-15_smoothing-0.1_current_alpha_beta-[5, 3]_future_alpha_beta-[6, 2]",acc,random,0.0009765625,True
"n_students-50_n_skills-15_smoothing-0.1_current_alpha_beta-[5, 3]_future_alpha_beta-[6, 2]",acc,bayesian_network,0.0009765625,True
"n_students-50_n_skills-15_smoothing-0.1_current_alpha_beta-[6, 2]_future_alpha_beta-[2, 6]",acc,full_information,0.3125,False
"n_students-50_n_skills-15_smoothing-0.1_current_alpha_beta-[6, 2]_future_alpha_beta-[2, 6]",acc,popularity,0.384765625,False
"n_students-50_n_skills-15_smoothing-0.1_current_alpha_beta-[6, 2]_future_alpha_beta-[2, 6]",acc,simple_markov,0.0009765625,True
"n_students-50_n_skills-15_smoothing-0.1_current_alpha_beta-[6, 2]_future_alpha_beta-[2, 6]",acc,random,0.0009765625,True
"n_students-50_n_skills-15_smoothing-0.1_current_alpha_beta-[6, 2]_future_alpha_beta-[2, 6]",acc,bayesian_network,0.0009765625,True
"n_students-50_n_skills-15_smoothing-0.1_current_alpha_beta-[6, 2]_future_alpha_beta-[3, 5]",acc,full_information,0.5869140625,False
"n_students-50_n_skills-15_smoothing-0.1_current_alpha_beta-[6, 2]_future_alpha_beta-[3, 5]",acc,popularity,0.53125,False
"n_students-50_n_skills-15_smoothing-0.1_current_alpha_beta-[6, 2]_future_alpha_beta-[3, 5]",acc,simple_markov,0.0009765625,True
"n_students-50_n_skills-15_smoothing-0.1_current_alpha_beta-[6, 2]_future_alpha_beta-[3, 5]",acc,random,0.0009765625,True
"n_students-50_n_skills-15_smoothing-0.1_current_alpha_beta-[6, 2]_future_alpha_beta-[3, 5]",acc,bayesian_network,0.0009765625,True
"n_students-50_n_skills-15_smoothing-0.1_current_alpha_beta-[6, 2]_future_alpha_beta-[4, 4]",acc,full_information,1.0,False
"n_students-50_n_skills-15_smoothing-0.1_current_alpha_beta-[6, 2]_future_alpha_beta-[4, 4]",acc,popularity,0.9990234375,False
"n_students-50_n_skills-15_smoothing-0.1_current_alpha_beta-[6, 2]_future_alpha_beta-[4, 4]",acc,simple_markov,0.0009765625,True
"n_students-50_n_skills-15_smoothing-0.1_current_alpha_beta-[6, 2]_future_alpha_beta-[4, 4]",acc,random,0.0009765625,True
"n_students-50_n_skills-15_smoothing-0.1_current_alpha_beta-[6, 2]_future_alpha_beta-[4, 4]",acc,bayesian_network,0.0009765625,True
"n_students-50_n_skills-15_smoothing-0.1_current_alpha_beta-[6, 2]_future_alpha_beta-[5, 3]",acc,full_information,0.1796875,False
"n_students-50_n_skills-15_smoothing-0.1_current_alpha_beta-[6, 2]_future_alpha_beta-[5, 3]",acc,popularity,0.1484375,False
"n_students-50_n_skills-15_smoothing-0.1_current_alpha_beta-[6, 2]_future_alpha_beta-[5, 3]",acc,simple_markov,0.0009765625,True
"n_students-50_n_skills-15_smoothing-0.1_current_alpha_beta-[6, 2]_future_alpha_beta-[5, 3]",acc,random,0.0009765625,True
"n_students-50_n_skills-15_smoothing-0.1_current_alpha_beta-[6, 2]_future_alpha_beta-[5, 3]",acc,bayesian_network,0.0029296875,True
"n_students-50_n_skills-15_smoothing-0.1_current_alpha_beta-[6, 2]_future_alpha_beta-[6, 2]",acc,full_information,0.921875,False
"n_students-50_n_skills-15_smoothing-0.1_current_alpha_beta-[6, 2]_future_alpha_beta-[6, 2]",acc,popularity,0.3125,False
"n_students-50_n_skills-15_smoothing-0.1_current_alpha_beta-[6, 2]_future_alpha_beta-[6, 2]",acc,simple_markov,0.0009765625,True
"n_students-50_n_skills-15_smoothing-0.1_current_alpha_beta-[6, 2]_future_alpha_beta-[6, 2]",acc,random,0.0009765625,True
"n_students-50_n_skills-15_smoothing-0.1_current_alpha_beta-[6, 2]_future_alpha_beta-[6, 2]",acc,bayesian_network,0.0009765625,True
"n_students-50_n_skills-15_smoothing-0.3_current_alpha_beta-[2, 6]_future_alpha_beta-[2, 6]",acc,full_information,0.9990234375,False
"n_students-50_n_skills-15_smoothing-0.3_current_alpha_beta-[2, 6]_future_alpha_beta-[2, 6]",acc,popularity,0.9755859375,False
"n_students-50_n_skills-15_smoothing-0.3_current_alpha_beta-[2, 6]_future_alpha_beta-[2, 6]",acc,simple_markov,0.0009765625,True
"n_students-50_n_skills-15_smoothing-0.3_current_alpha_beta-[2, 6]_future_alpha_beta-[2, 6]",acc,random,0.0009765625,True
"n_students-50_n_skills-15_smoothing-0.3_current_alpha_beta-[2, 6]_future_alpha_beta-[2, 6]",acc,bayesian_network,0.0009765625,True
"n_students-50_n_skills-15_smoothing-0.3_current_alpha_beta-[2, 6]_future_alpha_beta-[3, 5]",acc,full_information,1.0,False
"n_students-50_n_skills-15_smoothing-0.3_current_alpha_beta-[2, 6]_future_alpha_beta-[3, 5]",acc,popularity,0.7841796875,False
"n_students-50_n_skills-15_smoothing-0.3_current_alpha_beta-[2, 6]_future_alpha_beta-[3, 5]",acc,simple_markov,0.0009765625,True
"n_students-50_n_skills-15_smoothing-0.3_current_alpha_beta-[2, 6]_future_alpha_beta-[3, 5]",acc,random,0.0009765625,True
"n_students-50_n_skills-15_smoothing-0.3_current_alpha_beta-[2, 6]_future_alpha_beta-[3, 5]",acc,bayesian_network,0.0009765625,True
"n_students-50_n_skills-15_smoothing-0.3_current_alpha_beta-[2, 6]_future_alpha_beta-[4, 4]",acc,full_information,1.0,False
"n_students-50_n_skills-15_smoothing-0.3_current_alpha_beta-[2, 6]_future_alpha_beta-[4, 4]",acc,popularity,0.7841796875,False
"n_students-50_n_skills-15_smoothing-0.3_current_alpha_beta-[2, 6]_future_alpha_beta-[4, 4]",acc,simple_markov,0.0009765625,True
"n_students-50_n_skills-15_smoothing-0.3_current_alpha_beta-[2, 6]_future_alpha_beta-[4, 4]",acc,random,0.0009765625,True
"n_students-50_n_skills-15_smoothing-0.3_current_alpha_beta-[2, 6]_future_alpha_beta-[4, 4]",acc,bayesian_network,0.0009765625,True
"n_students-50_n_skills-15_smoothing-0.3_current_alpha_beta-[2, 6]_future_alpha_beta-[5, 3]",acc,full_information,1.0,False
"n_students-50_n_skills-15_smoothing-0.3_current_alpha_beta-[2, 6]_future_alpha_beta-[5, 3]",acc,popularity,0.8837890625,False
"n_students-50_n_skills-15_smoothing-0.3_current_alpha_beta-[2, 6]_future_alpha_beta-[5, 3]",acc,simple_markov,0.0009765625,True
"n_students-50_n_skills-15_smoothing-0.3_current_alpha_beta-[2, 6]_future_alpha_beta-[5, 3]",acc,random,0.0009765625,True
"n_students-50_n_skills-15_smoothing-0.3_current_alpha_beta-[2, 6]_future_alpha_beta-[5, 3]",acc,bayesian_network,0.0009765625,True
"n_students-50_n_skills-15_smoothing-0.3_current_alpha_beta-[2, 6]_future_alpha_beta-[6, 2]",acc,full_information,1.0,False
"n_students-50_n_skills-15_smoothing-0.3_current_alpha_beta-[2, 6]_future_alpha_beta-[6, 2]",acc,popularity,0.8388671875,False
"n_students-50_n_skills-15_smoothing-0.3_current_alpha_beta-[2, 6]_future_alpha_beta-[6, 2]",acc,simple_markov,0.0009765625,True
"n_students-50_n_skills-15_smoothing-0.3_current_alpha_beta-[2, 6]_future_alpha_beta-[6, 2]",acc,random,0.0009765625,True
"n_students-50_n_skills-15_smoothing-0.3_current_alpha_beta-[2, 6]_future_alpha_beta-[6, 2]",acc,bayesian_network,0.0009765625,True
"n_students-50_n_skills-15_smoothing-0.3_current_alpha_beta-[3, 5]_future_alpha_beta-[2, 6]",acc,full_information,0.9990234375,False
"n_students-50_n_skills-15_smoothing-0.3_current_alpha_beta-[3, 5]_future_alpha_beta-[2, 6]",acc,popularity,0.8623046875,False
"n_students-50_n_skills-15_smoothing-0.3_current_alpha_beta-[3, 5]_future_alpha_beta-[2, 6]",acc,simple_markov,0.0009765625,True
"n_students-50_n_skills-15_smoothing-0.3_current_alpha_beta-[3, 5]_future_alpha_beta-[2, 6]",acc,random,0.0009765625,True
"n_students-50_n_skills-15_smoothing-0.3_current_alpha_beta-[3, 5]_future_alpha_beta-[2, 6]",acc,bayesian_network,0.0009765625,True
"n_students-50_n_skills-15_smoothing-0.3_current_alpha_beta-[3, 5]_future_alpha_beta-[3, 5]",acc,full_information,0.986328125,False
"n_students-50_n_skills-15_smoothing-0.3_current_alpha_beta-[3, 5]_future_alpha_beta-[3, 5]",acc,popularity,0.7216796875,False
"n_students-50_n_skills-15_smoothing-0.3_current_alpha_beta-[3, 5]_future_alpha_beta-[3, 5]",acc,simple_markov,0.0009765625,True
"n_students-50_n_skills-15_smoothing-0.3_current_alpha_beta-[3, 5]_future_alpha_beta-[3, 5]",acc,random,0.0009765625,True
"n_students-50_n_skills-15_smoothing-0.3_current_alpha_beta-[3, 5]_future_alpha_beta-[3, 5]",acc,bayesian_network,0.0009765625,True
"n_students-50_n_skills-15_smoothing-0.3_current_alpha_beta-[3, 5]_future_alpha_beta-[4, 4]",acc,full_information,1.0,False
"n_students-50_n_skills-15_smoothing-0.3_current_alpha_beta-[3, 5]_future_alpha_beta-[4, 4]",acc,popularity,0.919921875,False
"n_students-50_n_skills-15_smoothing-0.3_current_alpha_beta-[3, 5]_future_alpha_beta-[4, 4]",acc,simple_markov,0.0009765625,True
"n_students-50_n_skills-15_smoothing-0.3_current_alpha_beta-[3, 5]_future_alpha_beta-[4, 4]",acc,random,0.0009765625,True
"n_students-50_n_skills-15_smoothing-0.3_current_alpha_beta-[3, 5]_future_alpha_beta-[4, 4]",acc,bayesian_network,0.0009765625,True
"n_students-50_n_skills-15_smoothing-0.3_current_alpha_beta-[3, 5]_future_alpha_beta-[5, 3]",acc,full_information,0.9951171875,False
"n_students-50_n_skills-15_smoothing-0.3_current_alpha_beta-[3, 5]_future_alpha_beta-[5, 3]",acc,popularity,0.0966796875,False
"n_students-50_n_skills-15_smoothing-0.3_current_alpha_beta-[3, 5]_future_alpha_beta-[5, 3]",acc,simple_markov,0.0009765625,True
"n_students-50_n_skills-15_smoothing-0.3_current_alpha_beta-[3, 5]_future_alpha_beta-[5, 3]",acc,random,0.0009765625,True
"n_students-50_n_skills-15_smoothing-0.3_current_alpha_beta-[3, 5]_future_alpha_beta-[5, 3]",acc,bayesian_network,0.0009765625,True
"n_students-50_n_skills-15_smoothing-0.3_current_alpha_beta-[3, 5]_future_alpha_beta-[6, 2]",acc,full_information,1.0,False
"n_students-50_n_skills-15_smoothing-0.3_current_alpha_beta-[3, 5]_future_alpha_beta-[6, 2]",acc,popularity,0.7841796875,False
"n_students-50_n_skills-15_smoothing-0.3_current_alpha_beta-[3, 5]_future_alpha_beta-[6, 2]",acc,simple_markov,0.0009765625,True
"n_students-50_n_skills-15_smoothing-0.3_current_alpha_beta-[3, 5]_future_alpha_beta-[6, 2]",acc,random,0.0009765625,True
"n_students-50_n_skills-15_smoothing-0.3_current_alpha_beta-[3, 5]_future_alpha_beta-[6, 2]",acc,bayesian_network,0.0009765625,True
"n_students-50_n_skills-15_smoothing-0.3_current_alpha_beta-[4, 4]_future_alpha_beta-[2, 6]",acc,full_information,0.9580078125,False
"n_students-50_n_skills-15_smoothing-0.3_current_alpha_beta-[4, 4]_future_alpha_beta-[2, 6]",acc,popularity,0.9755859375,False
"n_students-50_n_skills-15_smoothing-0.3_current_alpha_beta-[4, 4]_future_alpha_beta-[2, 6]",acc,simple_markov,0.0009765625,True
"n_students-50_n_skills-15_smoothing-0.3_current_alpha_beta-[4, 4]_future_alpha_beta-[2, 6]",acc,random,0.0009765625,True
"n_students-50_n_skills-15_smoothing-0.3_current_alpha_beta-[4, 4]_future_alpha_beta-[2, 6]",acc,bayesian_network,0.0654296875,False
"n_students-50_n_skills-15_smoothing-0.3_current_alpha_beta-[4, 4]_future_alpha_beta-[3, 5]",acc,full_information,0.9345703125,False
"n_students-50_n_skills-15_smoothing-0.3_current_alpha_beta-[4, 4]_future_alpha_beta-[3, 5]",acc,popularity,0.6875,False
"n_students-50_n_skills-15_smoothing-0.3_current_alpha_beta-[4, 4]_future_alpha_beta-[3, 5]",acc,simple_markov,0.0009765625,True
"n_students-50_n_skills-15_smoothing-0.3_current_alpha_beta-[4, 4]_future_alpha_beta-[3, 5]",acc,random,0.0009765625,True
"n_students-50_n_skills-15_smoothing-0.3_current_alpha_beta-[4, 4]_future_alpha_beta-[3, 5]",acc,bayesian_network,0.0009765625,True
"n_students-50_n_skills-15_smoothing-0.3_current_alpha_beta-[4, 4]_future_alpha_beta-[4, 4]",acc,full_information,0.9990234375,False
"n_students-50_n_skills-15_smoothing-0.3_current_alpha_beta-[4, 4]_future_alpha_beta-[4, 4]",acc,popularity,0.8837890625,False
"n_students-50_n_skills-15_smoothing-0.3_current_alpha_beta-[4, 4]_future_alpha_beta-[4, 4]",acc,simple_markov,0.0009765625,True
"n_students-50_n_skills-15_smoothing-0.3_current_alpha_beta-[4, 4]_future_alpha_beta-[4, 4]",acc,random,0.0009765625,True
"n_students-50_n_skills-15_smoothing-0.3_current_alpha_beta-[4, 4]_future_alpha_beta-[4, 4]",acc,bayesian_network,0.0048828125,True
"n_students-50_n_skills-15_smoothing-0.3_current_alpha_beta-[4, 4]_future_alpha_beta-[5, 3]",acc,full_information,0.9931640625,False
"n_students-50_n_skills-15_smoothing-0.3_current_alpha_beta-[4, 4]_future_alpha_beta-[5, 3]",acc,popularity,0.615234375,False
"n_students-50_n_skills-15_smoothing-0.3_current_alpha_beta-[4, 4]_future_alpha_beta-[5, 3]",acc,simple_markov,0.0009765625,True
"n_students-50_n_skills-15_smoothing-0.3_current_alpha_beta-[4, 4]_future_alpha_beta-[5, 3]",acc,random,0.0009765625,True
"n_students-50_n_skills-15_smoothing-0.3_current_alpha_beta-[4, 4]_future_alpha_beta-[5, 3]",acc,bayesian_network,0.0009765625,True
"n_students-50_n_skills-15_smoothing-0.3_current_alpha_beta-[4, 4]_future_alpha_beta-[6, 2]",acc,full_information,1.0,False
"n_students-50_n_skills-15_smoothing-0.3_current_alpha_beta-[4, 4]_future_alpha_beta-[6, 2]",acc,popularity,0.9755859375,False
"n_students-50_n_skills-15_smoothing-0.3_current_alpha_beta-[4, 4]_future_alpha_beta-[6, 2]",acc,simple_markov,0.001953125,True
"n_students-50_n_skills-15_smoothing-0.3_current_alpha_beta-[4, 4]_future_alpha_beta-[6, 2]",acc,random,0.0009765625,True
"n_students-50_n_skills-15_smoothing-0.3_current_alpha_beta-[4, 4]_future_alpha_beta-[6, 2]",acc,bayesian_network,0.0048828125,True
"n_students-50_n_skills-15_smoothing-0.3_current_alpha_beta-[5, 3]_future_alpha_beta-[2, 6]",acc,full_information,0.8837890625,False
"n_students-50_n_skills-15_smoothing-0.3_current_alpha_beta-[5, 3]_future_alpha_beta-[2, 6]",acc,popularity,0.8623046875,False
"n_students-50_n_skills-15_smoothing-0.3_current_alpha_beta-[5, 3]_future_alpha_beta-[2, 6]",acc,simple_markov,0.0029296875,True
"n_students-50_n_skills-15_smoothing-0.3_current_alpha_beta-[5, 3]_future_alpha_beta-[2, 6]",acc,random,0.0009765625,True
"n_students-50_n_skills-15_smoothing-0.3_current_alpha_beta-[5, 3]_future_alpha_beta-[2, 6]",acc,bayesian_network,0.080078125,False
"n_students-50_n_skills-15_smoothing-0.3_current_alpha_beta-[5, 3]_future_alpha_beta-[3, 5]",acc,full_information,0.919921875,False
"n_students-50_n_skills-15_smoothing-0.3_current_alpha_beta-[5, 3]_future_alpha_beta-[3, 5]",acc,popularity,0.9345703125,False
"n_students-50_n_skills-15_smoothing-0.3_current_alpha_beta-[5, 3]_future_alpha_beta-[3, 5]",acc,simple_markov,0.0009765625,True
"n_students-50_n_skills-15_smoothing-0.3_current_alpha_beta-[5, 3]_future_alpha_beta-[3, 5]",acc,random,0.0009765625,True
"n_students-50_n_skills-15_smoothing-0.3_current_alpha_beta-[5, 3]_future_alpha_beta-[3, 5]",acc,bayesian_network,0.001953125,True
"n_students-50_n_skills-15_smoothing-0.3_current_alpha_beta-[5, 3]_future_alpha_beta-[4, 4]",acc,full_information,0.8837890625,False
"n_students-50_n_skills-15_smoothing-0.3_current_alpha_beta-[5, 3]_future_alpha_beta-[4, 4]",acc,popularity,0.6875,False
"n_students-50_n_skills-15_smoothing-0.3_current_alpha_beta-[5, 3]_future_alpha_beta-[4, 4]",acc,simple_markov,0.0009765625,True
"n_students-50_n_skills-15_smoothing-0.3_current_alpha_beta-[5, 3]_future_alpha_beta-[4, 4]",acc,random,0.0009765625,True
"n_students-50_n_skills-15_smoothing-0.3_current_alpha_beta-[5, 3]_future_alpha_beta-[4, 4]",acc,bayesian_network,0.0068359375,True
"n_students-50_n_skills-15_smoothing-0.3_current_alpha_beta-[5, 3]_future_alpha_beta-[5, 3]",acc,full_information,0.8837890625,False
"n_students-50_n_skills-15_smoothing-0.3_current_alpha_beta-[5, 3]_future_alpha_beta-[5, 3]",acc,popularity,0.8623046875,False
"n_students-50_n_skills-15_smoothing-0.3_current_alpha_beta-[5, 3]_future_alpha_beta-[5, 3]",acc,simple_markov,0.001953125,True
"n_students-50_n_skills-15_smoothing-0.3_current_alpha_beta-[5, 3]_future_alpha_beta-[5, 3]",acc,random,0.0009765625,True
"n_students-50_n_skills-15_smoothing-0.3_current_alpha_beta-[5, 3]_future_alpha_beta-[5, 3]",acc,bayesian_network,0.013671875,True
"n_students-50_n_skills-15_smoothing-0.3_current_alpha_beta-[5, 3]_future_alpha_beta-[6, 2]",acc,full_information,0.8837890625,False
"n_students-50_n_skills-15_smoothing-0.3_current_alpha_beta-[5, 3]_future_alpha_beta-[6, 2]",acc,popularity,0.5771484375,False
"n_students-50_n_skills-15_smoothing-0.3_current_alpha_beta-[5, 3]_future_alpha_beta-[6, 2]",acc,simple_markov,0.001953125,True
"n_students-50_n_skills-15_smoothing-0.3_current_alpha_beta-[5, 3]_future_alpha_beta-[6, 2]",acc,random,0.0009765625,True
"n_students-50_n_skills-15_smoothing-0.3_current_alpha_beta-[5, 3]_future_alpha_beta-[6, 2]",acc,bayesian_network,0.0185546875,True
"n_students-50_n_skills-15_smoothing-0.3_current_alpha_beta-[6, 2]_future_alpha_beta-[2, 6]",acc,full_information,0.7216796875,False
"n_students-50_n_skills-15_smoothing-0.3_current_alpha_beta-[6, 2]_future_alpha_beta-[2, 6]",acc,popularity,0.8623046875,False
"n_students-50_n_skills-15_smoothing-0.3_current_alpha_beta-[6, 2]_future_alpha_beta-[2, 6]",acc,simple_markov,0.0009765625,True
"n_students-50_n_skills-15_smoothing-0.3_current_alpha_beta-[6, 2]_future_alpha_beta-[2, 6]",acc,random,0.0009765625,True
"n_students-50_n_skills-15_smoothing-0.3_current_alpha_beta-[6, 2]_future_alpha_beta-[2, 6]",acc,bayesian_network,0.0244140625,True
"n_students-50_n_skills-15_smoothing-0.3_current_alpha_beta-[6, 2]_future_alpha_beta-[3, 5]",acc,full_information,0.75390625,False
"n_students-50_n_skills-15_smoothing-0.3_current_alpha_beta-[6, 2]_future_alpha_beta-[3, 5]",acc,popularity,0.919921875,False
"n_students-50_n_skills-15_smoothing-0.3_current_alpha_beta-[6, 2]_future_alpha_beta-[3, 5]",acc,simple_markov,0.0009765625,True
"n_students-50_n_skills-15_smoothing-0.3_current_alpha_beta-[6, 2]_future_alpha_beta-[3, 5]",acc,random,0.0009765625,True
"n_students-50_n_skills-15_smoothing-0.3_current_alpha_beta-[6, 2]_future_alpha_beta-[3, 5]",acc,bayesian_network,0.0185546875,True
"n_students-50_n_skills-15_smoothing-0.3_current_alpha_beta-[6, 2]_future_alpha_beta-[4, 4]",acc,full_information,0.4609375,False
"n_students-50_n_skills-15_smoothing-0.3_current_alpha_beta-[6, 2]_future_alpha_beta-[4, 4]",acc,popularity,0.3125,False
"n_students-50_n_skills-15_smoothing-0.3_current_alpha_beta-[6, 2]_future_alpha_beta-[4, 4]",acc,simple_markov,0.0009765625,True
"n_students-50_n_skills-15_smoothing-0.3_current_alpha_beta-[6, 2]_future_alpha_beta-[4, 4]",acc,random,0.0009765625,True
"n_students-50_n_skills-15_smoothing-0.3_current_alpha_beta-[6, 2]_future_alpha_beta-[4, 4]",acc,bayesian_network,0.013671875,True
"n_students-50_n_skills-15_smoothing-0.3_current_alpha_beta-[6, 2]_future_alpha_beta-[5, 3]",acc,full_information,0.7216796875,False
"n_students-50_n_skills-15_smoothing-0.3_current_alpha_beta-[6, 2]_future_alpha_beta-[5, 3]",acc,popularity,0.8388671875,False
"n_students-50_n_skills-15_smoothing-0.3_current_alpha_beta-[6, 2]_future_alpha_beta-[5, 3]",acc,simple_markov,0.0009765625,True
"n_students-50_n_skills-15_smoothing-0.3_current_alpha_beta-[6, 2]_future_alpha_beta-[5, 3]",acc,random,0.0009765625,True
"n_students-50_n_skills-15_smoothing-0.3_current_alpha_beta-[6, 2]_future_alpha_beta-[5, 3]",acc,bayesian_network,0.052734375,False
"n_students-50_n_skills-15_smoothing-0.3_current_alpha_beta-[6, 2]_future_alpha_beta-[6, 2]",acc,full_information,0.9072265625,False
"n_students-50_n_skills-15_smoothing-0.3_current_alpha_beta-[6, 2]_future_alpha_beta-[6, 2]",acc,popularity,0.544921875,False
"n_students-50_n_skills-15_smoothing-0.3_current_alpha_beta-[6, 2]_future_alpha_beta-[6, 2]",acc,simple_markov,0.0048828125,True
"n_students-50_n_skills-15_smoothing-0.3_current_alpha_beta-[6, 2]_future_alpha_beta-[6, 2]",acc,random,0.001953125,True
"n_students-50_n_skills-15_smoothing-0.3_current_alpha_beta-[6, 2]_future_alpha_beta-[6, 2]",acc,bayesian_network,0.052734375,False
"n_students-50_n_skills-15_smoothing-0.5_current_alpha_beta-[2, 6]_future_alpha_beta-[2, 6]",acc,full_information,0.9951171875,False
"n_students-50_n_skills-15_smoothing-0.5_current_alpha_beta-[2, 6]_future_alpha_beta-[2, 6]",acc,popularity,0.990234375,False
"n_students-50_n_skills-15_smoothing-0.5_current_alpha_beta-[2, 6]_future_alpha_beta-[2, 6]",acc,simple_markov,0.0009765625,True
"n_students-50_n_skills-15_smoothing-0.5_current_alpha_beta-[2, 6]_future_alpha_beta-[2, 6]",acc,random,0.0009765625,True
"n_students-50_n_skills-15_smoothing-0.5_current_alpha_beta-[2, 6]_future_alpha_beta-[2, 6]",acc,bayesian_network,0.0029296875,True
"n_students-50_n_skills-15_smoothing-0.5_current_alpha_beta-[2, 6]_future_alpha_beta-[3, 5]",acc,full_information,0.9990234375,False
"n_students-50_n_skills-15_smoothing-0.5_current_alpha_beta-[2, 6]_future_alpha_beta-[3, 5]",acc,popularity,0.8623046875,False
"n_students-50_n_skills-15_smoothing-0.5_current_alpha_beta-[2, 6]_future_alpha_beta-[3, 5]",acc,simple_markov,0.0009765625,True
"n_students-50_n_skills-15_smoothing-0.5_current_alpha_beta-[2, 6]_future_alpha_beta-[3, 5]",acc,random,0.0009765625,True
"n_students-50_n_skills-15_smoothing-0.5_current_alpha_beta-[2, 6]_future_alpha_beta-[3, 5]",acc,bayesian_network,0.0009765625,True
"n_students-50_n_skills-15_smoothing-0.5_current_alpha_beta-[2, 6]_future_alpha_beta-[4, 4]",acc,full_information,1.0,False
"n_students-50_n_skills-15_smoothing-0.5_current_alpha_beta-[2, 6]_future_alpha_beta-[4, 4]",acc,popularity,0.9814453125,False
"n_students-50_n_skills-15_smoothing-0.5_current_alpha_beta-[2, 6]_future_alpha_beta-[4, 4]",acc,simple_markov,0.0009765625,True
"n_students-50_n_skills-15_smoothing-0.5_current_alpha_beta-[2, 6]_future_alpha_beta-[4, 4]",acc,random,0.0009765625,True
"n_students-50_n_skills-15_smoothing-0.5_current_alpha_beta-[2, 6]_future_alpha_beta-[4, 4]",acc,bayesian_network,0.0009765625,True
"n_students-50_n_skills-15_smoothing-0.5_current_alpha_beta-[2, 6]_future_alpha_beta-[5, 3]",acc,full_information,1.0,False
"n_students-50_n_skills-15_smoothing-0.5_current_alpha_beta-[2, 6]_future_alpha_beta-[5, 3]",acc,popularity,0.5,False
"n_students-50_n_skills-15_smoothing-0.5_current_alpha_beta-[2, 6]_future_alpha_beta-[5, 3]",acc,simple_markov,0.0009765625,True
"n_students-50_n_skills-15_smoothing-0.5_current_alpha_beta-[2, 6]_future_alpha_beta-[5, 3]",acc,random,0.0009765625,True
"n_students-50_n_skills-15_smoothing-0.5_current_alpha_beta-[2, 6]_future_alpha_beta-[5, 3]",acc,bayesian_network,0.0068359375,True
"n_students-50_n_skills-15_smoothing-0.5_current_alpha_beta-[2, 6]_future_alpha_beta-[6, 2]",acc,full_information,0.9990234375,False
"n_students-50_n_skills-15_smoothing-0.5_current_alpha_beta-[2, 6]_future_alpha_beta-[6, 2]",acc,popularity,0.8125,False
"n_students-50_n_skills-15_smoothing-0.5_current_alpha_beta-[2, 6]_future_alpha_beta-[6, 2]",acc,simple_markov,0.0009765625,True
"n_students-50_n_skills-15_smoothing-0.5_current_alpha_beta-[2, 6]_future_alpha_beta-[6, 2]",acc,random,0.001953125,True
"n_students-50_n_skills-15_smoothing-0.5_current_alpha_beta-[2, 6]_future_alpha_beta-[6, 2]",acc,bayesian_network,0.0048828125,True
"n_students-50_n_skills-15_smoothing-0.5_current_alpha_beta-[3, 5]_future_alpha_beta-[2, 6]",acc,full_information,0.75390625,False
"n_students-50_n_skills-15_smoothing-0.5_current_alpha_beta-[3, 5]_future_alpha_beta-[2, 6]",acc,popularity,0.4609375,False
"n_students-50_n_skills-15_smoothing-0.5_current_alpha_beta-[3, 5]_future_alpha_beta-[2, 6]",acc,simple_markov,0.0009765625,True
"n_students-50_n_skills-15_smoothing-0.5_current_alpha_beta-[3, 5]_future_alpha_beta-[2, 6]",acc,random,0.0009765625,True
"n_students-50_n_skills-15_smoothing-0.5_current_alpha_beta-[3, 5]_future_alpha_beta-[2, 6]",acc,bayesian_network,0.0009765625,True
"n_students-50_n_skills-15_smoothing-0.5_current_alpha_beta-[3, 5]_future_alpha_beta-[3, 5]",acc,full_information,0.9580078125,False
"n_students-50_n_skills-15_smoothing-0.5_current_alpha_beta-[3, 5]_future_alpha_beta-[3, 5]",acc,popularity,0.24609375,False
"n_students-50_n_skills-15_smoothing-0.5_current_alpha_beta-[3, 5]_future_alpha_beta-[3, 5]",acc,simple_markov,0.0009765625,True
"n_students-50_n_skills-15_smoothing-0.5_current_alpha_beta-[3, 5]_future_alpha_beta-[3, 5]",acc,random,0.0009765625,True
"n_students-50_n_skills-15_smoothing-0.5_current_alpha_beta-[3, 5]_future_alpha_beta-[3, 5]",acc,bayesian_network,0.0009765625,True
"n_students-50_n_skills-15_smoothing-0.5_current_alpha_beta-[3, 5]_future_alpha_beta-[4, 4]",acc,full_information,0.9931640625,False
"n_students-50_n_skills-15_smoothing-0.5_current_alpha_beta-[3, 5]_future_alpha_beta-[4, 4]",acc,popularity,0.4609375,False
"n_students-50_n_skills-15_smoothing-0.5_current_alpha_beta-[3, 5]_future_alpha_beta-[4, 4]",acc,simple_markov,0.0009765625,True
"n_students-50_n_skills-15_smoothing-0.5_current_alpha_beta-[3, 5]_future_alpha_beta-[4, 4]",acc,random,0.0009765625,True
"n_students-50_n_skills-15_smoothing-0.5_current_alpha_beta-[3, 5]_future_alpha_beta-[4, 4]",acc,bayesian_network,0.001953125,True
"n_students-50_n_skills-15_smoothing-0.5_current_alpha_beta-[3, 5]_future_alpha_beta-[5, 3]",acc,full_information,0.9970703125,False
"n_students-50_n_skills-15_smoothing-0.5_current_alpha_beta-[3, 5]_future_alpha_beta-[5, 3]",acc,popularity,0.5390625,False
"n_students-50_n_skills-15_smoothing-0.5_current_alpha_beta-[3, 5]_future_alpha_beta-[5, 3]",acc,simple_markov,0.0009765625,True
"n_students-50_n_skills-15_smoothing-0.5_current_alpha_beta-[3, 5]_future_alpha_beta-[5, 3]",acc,random,0.0009765625,True
"n_students-50_n_skills-15_smoothing-0.5_current_alpha_beta-[3, 5]_future_alpha_beta-[5, 3]",acc,bayesian_network,0.0068359375,True
"n_students-50_n_skills-15_smoothing-0.5_current_alpha_beta-[3, 5]_future_alpha_beta-[6, 2]",acc,full_information,0.947265625,False
"n_students-50_n_skills-15_smoothing-0.5_current_alpha_beta-[3, 5]_future_alpha_beta-[6, 2]",acc,popularity,0.3125,False
"n_students-50_n_skills-15_smoothing-0.5_current_alpha_beta-[3, 5]_future_alpha_beta-[6, 2]",acc,simple_markov,0.0009765625,True
"n_students-50_n_skills-15_smoothing-0.5_current_alpha_beta-[3, 5]_future_alpha_beta-[6, 2]",acc,random,0.0009765625,True
"n_students-50_n_skills-15_smoothing-0.5_current_alpha_beta-[3, 5]_future_alpha_beta-[6, 2]",acc,bayesian_network,0.013671875,True
"n_students-50_n_skills-15_smoothing-0.5_current_alpha_beta-[4, 4]_future_alpha_beta-[2, 6]",acc,full_information,0.7841796875,False
"n_students-50_n_skills-15_smoothing-0.5_current_alpha_beta-[4, 4]_future_alpha_beta-[2, 6]",acc,popularity,0.6875,False
"n_students-50_n_skills-15_smoothing-0.5_current_alpha_beta-[4, 4]_future_alpha_beta-[2, 6]",acc,simple_markov,0.0009765625,True
"n_students-50_n_skills-15_smoothing-0.5_current_alpha_beta-[4, 4]_future_alpha_beta-[2, 6]",acc,random,0.0009765625,True
"n_students-50_n_skills-15_smoothing-0.5_current_alpha_beta-[4, 4]_future_alpha_beta-[2, 6]",acc,bayesian_network,0.0009765625,True
"n_students-50_n_skills-15_smoothing-0.5_current_alpha_beta-[4, 4]_future_alpha_beta-[3, 5]",acc,full_information,0.7216796875,False
"n_students-50_n_skills-15_smoothing-0.5_current_alpha_beta-[4, 4]_future_alpha_beta-[3, 5]",acc,popularity,0.2158203125,False
"n_students-50_n_skills-15_smoothing-0.5_current_alpha_beta-[4, 4]_future_alpha_beta-[3, 5]",acc,simple_markov,0.0009765625,True
"n_students-50_n_skills-15_smoothing-0.5_current_alpha_beta-[4, 4]_future_alpha_beta-[3, 5]",acc,random,0.0009765625,True
"n_students-50_n_skills-15_smoothing-0.5_current_alpha_beta-[4, 4]_future_alpha_beta-[3, 5]",acc,bayesian_network,0.001953125,True
"n_students-50_n_skills-15_smoothing-0.5_current_alpha_beta-[4, 4]_future_alpha_beta-[4, 4]",acc,full_information,0.9677734375,False
"n_students-50_n_skills-15_smoothing-0.5_current_alpha_beta-[4, 4]_future_alpha_beta-[4, 4]",acc,popularity,0.8125,False
"n_students-50_n_skills-15_smoothing-0.5_current_alpha_beta-[4, 4]_future_alpha_beta-[4, 4]",acc,simple_markov,0.0009765625,True
"n_students-50_n_skills-15_smoothing-0.5_current_alpha_beta-[4, 4]_future_alpha_beta-[4, 4]",acc,random,0.0009765625,True
"n_students-50_n_skills-15_smoothing-0.5_current_alpha_beta-[4, 4]_future_alpha_beta-[4, 4]",acc,bayesian_network,0.0244140625,True
"n_students-50_n_skills-15_smoothing-0.5_current_alpha_beta-[4, 4]_future_alpha_beta-[5, 3]",acc,full_information,0.919921875,False
"n_students-50_n_skills-15_smoothing-0.5_current_alpha_beta-[4, 4]_future_alpha_beta-[5, 3]",acc,popularity,0.1875,False
"n_students-50_n_skills-15_smoothing-0.5_current_alpha_beta-[4, 4]_future_alpha_beta-[5, 3]",acc,simple_markov,0.0009765625,True
"n_students-50_n_skills-15_smoothing-0.5_current_alpha_beta-[4, 4]_future_alpha_beta-[5, 3]",acc,random,0.0009765625,True
"n_students-50_n_skills-15_smoothing-0.5_current_alpha_beta-[4, 4]_future_alpha_beta-[5, 3]",acc,bayesian_network,0.0009765625,True
"n_students-50_n_skills-15_smoothing-0.5_current_alpha_beta-[4, 4]_future_alpha_beta-[6, 2]",acc,full_information,0.919921875,False
"n_students-50_n_skills-15_smoothing-0.5_current_alpha_beta-[4, 4]_future_alpha_beta-[6, 2]",acc,popularity,0.1875,False
"n_students-50_n_skills-15_smoothing-0.5_current_alpha_beta-[4, 4]_future_alpha_beta-[6, 2]",acc,simple_markov,0.0009765625,True
"n_students-50_n_skills-15_smoothing-0.5_current_alpha_beta-[4, 4]_future_alpha_beta-[6, 2]",acc,random,0.0009765625,True
"n_students-50_n_skills-15_smoothing-0.5_current_alpha_beta-[4, 4]_future_alpha_beta-[6, 2]",acc,bayesian_network,0.0048828125,True
"n_students-50_n_skills-15_smoothing-0.5_current_alpha_beta-[5, 3]_future_alpha_beta-[2, 6]",acc,full_information,0.8623046875,False
"n_students-50_n_skills-15_smoothing-0.5_current_alpha_beta-[5, 3]_future_alpha_beta-[2, 6]",acc,popularity,0.8125,False
"n_students-50_n_skills-15_smoothing-0.5_current_alpha_beta-[5, 3]_future_alpha_beta-[2, 6]",acc,simple_markov,0.0009765625,True
"n_students-50_n_skills-15_smoothing-0.5_current_alpha_beta-[5, 3]_future_alpha_beta-[2, 6]",acc,random,0.0009765625,True
"n_students-50_n_skills-15_smoothing-0.5_current_alpha_beta-[5, 3]_future_alpha_beta-[2, 6]",acc,bayesian_network,0.080078125,False
"n_students-50_n_skills-15_smoothing-0.5_current_alpha_beta-[5, 3]_future_alpha_beta-[3, 5]",acc,full_information,0.2783203125,False
"n_students-50_n_skills-15_smoothing-0.5_current_alpha_beta-[5, 3]_future_alpha_beta-[3, 5]",acc,popularity,0.24609375,False
"n_students-50_n_skills-15_smoothing-0.5_current_alpha_beta-[5, 3]_future_alpha_beta-[3, 5]",acc,simple_markov,0.001953125,True
"n_students-50_n_skills-15_smoothing-0.5_current_alpha_beta-[5, 3]_future_alpha_beta-[3, 5]",acc,random,0.0009765625,True
"n_students-50_n_skills-15_smoothing-0.5_current_alpha_beta-[5, 3]_future_alpha_beta-[3, 5]",acc,bayesian_network,0.0068359375,True
"n_students-50_n_skills-15_smoothing-0.5_current_alpha_beta-[5, 3]_future_alpha_beta-[4, 4]",acc,full_information,0.9814453125,False
"n_students-50_n_skills-15_smoothing-0.5_current_alpha_beta-[5, 3]_future_alpha_beta-[4, 4]",acc,popularity,0.919921875,False
"n_students-50_n_skills-15_smoothing-0.5_current_alpha_beta-[5, 3]_future_alpha_beta-[4, 4]",acc,simple_markov,0.0009765625,True
"n_students-50_n_skills-15_smoothing-0.5_current_alpha_beta-[5, 3]_future_alpha_beta-[4, 4]",acc,random,0.0029296875,True
"n_students-50_n_skills-15_smoothing-0.5_current_alpha_beta-[5, 3]_future_alpha_beta-[4, 4]",acc,bayesian_network,0.2158203125,False
"n_students-50_n_skills-15_smoothing-0.5_current_alpha_beta-[5, 3]_future_alpha_beta-[5, 3]",acc,full_information,0.9345703125,False
"n_students-50_n_skills-15_smoothing-0.5_current_alpha_beta-[5, 3]_future_alpha_beta-[5, 3]",acc,popularity,0.34765625,False
"n_students-50_n_skills-15_smoothing-0.5_current_alpha_beta-[5, 3]_future_alpha_beta-[5, 3]",acc,simple_markov,0.0009765625,True
"n_students-50_n_skills-15_smoothing-0.5_current_alpha_beta-[5, 3]_future_alpha_beta-[5, 3]",acc,random,0.0009765625,True
"n_students-50_n_skills-15_smoothing-0.5_current_alpha_beta-[5, 3]_future_alpha_beta-[5, 3]",acc,bayesian_network,0.0185546875,True
"n_students-50_n_skills-15_smoothing-0.5_current_alpha_beta-[5, 3]_future_alpha_beta-[6, 2]",acc,full_information,0.9345703125,False
"n_students-50_n_skills-15_smoothing-0.5_current_alpha_beta-[5, 3]_future_alpha_beta-[6, 2]",acc,popularity,0.4228515625,False
"n_students-50_n_skills-15_smoothing-0.5_current_alpha_beta-[5, 3]_future_alpha_beta-[6, 2]",acc,simple_markov,0.0048828125,True
"n_students-50_n_skills-15_smoothing-0.5_current_alpha_beta-[5, 3]_future_alpha_beta-[6, 2]",acc,random,0.0048828125,True
"n_students-50_n_skills-15_smoothing-0.5_current_alpha_beta-[5, 3]_future_alpha_beta-[6, 2]",acc,bayesian_network,0.1376953125,False
"n_students-50_n_skills-15_smoothing-0.5_current_alpha_beta-[6, 2]_future_alpha_beta-[2, 6]",acc,full_information,0.8388671875,False
"n_students-50_n_skills-15_smoothing-0.5_current_alpha_beta-[6, 2]_future_alpha_beta-[2, 6]",acc,popularity,0.8623046875,False
"n_students-50_n_skills-15_smoothing-0.5_current_alpha_beta-[6, 2]_future_alpha_beta-[2, 6]",acc,simple_markov,0.013671875,True
"n_students-50_n_skills-15_smoothing-0.5_current_alpha_beta-[6, 2]_future_alpha_beta-[2, 6]",acc,random,0.0029296875,True
"n_students-50_n_skills-15_smoothing-0.5_current_alpha_beta-[6, 2]_future_alpha_beta-[2, 6]",acc,bayesian_network,0.0322265625,True
"n_students-50_n_skills-15_smoothing-0.5_current_alpha_beta-[6, 2]_future_alpha_beta-[3, 5]",acc,full_information,0.9931640625,False
"n_students-50_n_skills-15_smoothing-0.5_current_alpha_beta-[6, 2]_future_alpha_beta-[3, 5]",acc,popularity,0.919921875,False
"n_students-50_n_skills-15_smoothing-0.5_current_alpha_beta-[6, 2]_future_alpha_beta-[3, 5]",acc,simple_markov,0.0009765625,True
"n_students-50_n_skills-15_smoothing-0.5_current_alpha_beta-[6, 2]_future_alpha_beta-[3, 5]",acc,random,0.0029296875,True
"n_students-50_n_skills-15_smoothing-0.5_current_alpha_beta-[6, 2]_future_alpha_beta-[3, 5]",acc,bayesian_network,0.009765625,True
"n_students-50_n_skills-15_smoothing-0.5_current_alpha_beta-[6, 2]_future_alpha_beta-[4, 4]",acc,full_information,0.2783203125,False
"n_students-50_n_skills-15_smoothing-0.5_current_alpha_beta-[6, 2]_future_alpha_beta-[4, 4]",acc,popularity,0.8837890625,False
"n_students-50_n_skills-15_smoothing-0.5_current_alpha_beta-[6, 2]_future_alpha_beta-[4, 4]",acc,simple_markov,0.0185546875,True
"n_students-50_n_skills-15_smoothing-0.5_current_alpha_beta-[6, 2]_future_alpha_beta-[4, 4]",acc,random,0.0009765625,True
"n_students-50_n_skills-15_smoothing-0.5_current_alpha_beta-[6, 2]_future_alpha_beta-[4, 4]",acc,bayesian_network,0.24609375,False
"n_students-50_n_skills-15_smoothing-0.5_current_alpha_beta-[6, 2]_future_alpha_beta-[5, 3]",acc,full_information,0.1611328125,False
"n_students-50_n_skills-15_smoothing-0.5_current_alpha_beta-[6, 2]_future_alpha_beta-[5, 3]",acc,popularity,0.4228515625,False
"n_students-50_n_skills-15_smoothing-0.5_current_alpha_beta-[6, 2]_future_alpha_beta-[5, 3]",acc,simple_markov,0.001953125,True
"n_students-50_n_skills-15_smoothing-0.5_current_alpha_beta-[6, 2]_future_alpha_beta-[5, 3]",acc,random,0.0048828125,True
"n_students-50_n_skills-15_smoothing-0.5_current_alpha_beta-[6, 2]_future_alpha_beta-[5, 3]",acc,bayesian_network,0.013671875,True
"n_students-50_n_skills-15_smoothing-0.5_current_alpha_beta-[6, 2]_future_alpha_beta-[6, 2]",acc,full_information,0.8623046875,False
"n_students-50_n_skills-15_smoothing-0.5_current_alpha_beta-[6, 2]_future_alpha_beta-[6, 2]",acc,popularity,0.65234375,False
"n_students-50_n_skills-15_smoothing-0.5_current_alpha_beta-[6, 2]_future_alpha_beta-[6, 2]",acc,simple_markov,0.0244140625,True
"n_students-50_n_skills-15_smoothing-0.5_current_alpha_beta-[6, 2]_future_alpha_beta-[6, 2]",acc,random,0.0029296875,True
"n_students-50_n_skills-15_smoothing-0.5_current_alpha_beta-[6, 2]_future_alpha_beta-[6, 2]",acc,bayesian_network,0.0654296875,False
"n_students-50_n_skills-5_smoothing-0.1_current_alpha_beta-[2, 6]_future_alpha_beta-[2, 6]",acc,full_information,0.84375,False
"n_students-50_n_skills-5_smoothing-0.1_current_alpha_beta-[2, 6]_future_alpha_beta-[2, 6]",acc,popularity,0.96875,False
"n_students-50_n_skills-5_smoothing-0.1_current_alpha_beta-[2, 6]_future_alpha_beta-[2, 6]",acc,simple_markov,0.6875,False
"n_students-50_n_skills-5_smoothing-0.1_current_alpha_beta-[2, 6]_future_alpha_beta-[2, 6]",acc,random,0.0009765625,True
"n_students-50_n_skills-5_smoothing-0.1_current_alpha_beta-[2, 6]_future_alpha_beta-[2, 6]",acc,bayesian_network,0.9033203125,False
"n_students-50_n_skills-5_smoothing-0.1_current_alpha_beta-[2, 6]_future_alpha_beta-[3, 5]",acc,full_information,0.849609375,False
"n_students-50_n_skills-5_smoothing-0.1_current_alpha_beta-[2, 6]_future_alpha_beta-[3, 5]",acc,popularity,0.455078125,False
"n_students-50_n_skills-5_smoothing-0.1_current_alpha_beta-[2, 6]_future_alpha_beta-[3, 5]",acc,simple_markov,0.0185546875,True
"n_students-50_n_skills-5_smoothing-0.1_current_alpha_beta-[2, 6]_future_alpha_beta-[3, 5]",acc,random,0.0009765625,True
"n_students-50_n_skills-5_smoothing-0.1_current_alpha_beta-[2, 6]_future_alpha_beta-[3, 5]",acc,bayesian_network,0.052734375,False
"n_students-50_n_skills-5_smoothing-0.1_current_alpha_beta-[2, 6]_future_alpha_beta-[4, 4]",acc,full_information,0.8837890625,False
"n_students-50_n_skills-5_smoothing-0.1_current_alpha_beta-[2, 6]_future_alpha_beta-[4, 4]",acc,popularity,0.80859375,False
"n_students-50_n_skills-5_smoothing-0.1_current_alpha_beta-[2, 6]_future_alpha_beta-[4, 4]",acc,simple_markov,0.3125,False
"n_students-50_n_skills-5_smoothing-0.1_current_alpha_beta-[2, 6]_future_alpha_beta-[4, 4]",acc,random,0.0009765625,True
"n_students-50_n_skills-5_smoothing-0.1_current_alpha_beta-[2, 6]_future_alpha_beta-[4, 4]",acc,bayesian_network,0.24609375,False
"n_students-50_n_skills-5_smoothing-0.1_current_alpha_beta-[2, 6]_future_alpha_beta-[5, 3]",acc,full_information,0.9453125,False
"n_students-50_n_skills-5_smoothing-0.1_current_alpha_beta-[2, 6]_future_alpha_beta-[5, 3]",acc,popularity,0.53125,False
"n_students-50_n_skills-5_smoothing-0.1_current_alpha_beta-[2, 6]_future_alpha_beta-[5, 3]",acc,simple_markov,0.009765625,True
"n_students-50_n_skills-5_smoothing-0.1_current_alpha_beta-[2, 6]_future_alpha_beta-[5, 3]",acc,random,0.0009765625,True
"n_students-50_n_skills-5_smoothing-0.1_current_alpha_beta-[2, 6]_future_alpha_beta-[5, 3]",acc,bayesian_network,0.0341796875,True
"n_students-50_n_skills-5_smoothing-0.1_current_alpha_beta-[2, 6]_future_alpha_beta-[6, 2]",acc,full_information,0.921875,False
"n_students-50_n_skills-5_smoothing-0.1_current_alpha_beta-[2, 6]_future_alpha_beta-[6, 2]",acc,popularity,0.8671875,False
"n_students-50_n_skills-5_smoothing-0.1_current_alpha_beta-[2, 6]_future_alpha_beta-[6, 2]",acc,simple_markov,0.080078125,False
"n_students-50_n_skills-5_smoothing-0.1_current_alpha_beta-[2, 6]_future_alpha_beta-[6, 2]",acc,random,0.001953125,True
"n_students-50_n_skills-5_smoothing-0.1_current_alpha_beta-[2, 6]_future_alpha_beta-[6, 2]",acc,bayesian_network,0.1376953125,False
"n_students-50_n_skills-5_smoothing-0.1_current_alpha_beta-[3, 5]_future_alpha_beta-[2, 6]",acc,full_information,0.94140625,False
"n_students-50_n_skills-5_smoothing-0.1_current_alpha_beta-[3, 5]_future_alpha_beta-[2, 6]",acc,popularity,0.875,False
"n_students-50_n_skills-5_smoothing-0.1_current_alpha_beta-[3, 5]_future_alpha_beta-[2, 6]",acc,simple_markov,0.2783203125,False
"n_students-50_n_skills-5_smoothing-0.1_current_alpha_beta-[3, 5]_future_alpha_beta-[2, 6]",acc,random,0.0009765625,True
"n_students-50_n_skills-5_smoothing-0.1_current_alpha_beta-[3, 5]_future_alpha_beta-[2, 6]",acc,bayesian_network,0.08203125,False
"n_students-50_n_skills-5_smoothing-0.1_current_alpha_beta-[3, 5]_future_alpha_beta-[3, 5]",acc,full_information,0.7109375,False
"n_students-50_n_skills-5_smoothing-0.1_current_alpha_beta-[3, 5]_future_alpha_beta-[3, 5]",acc,popularity,0.734375,False
"n_students-50_n_skills-5_smoothing-0.1_current_alpha_beta-[3, 5]_future_alpha_beta-[3, 5]",acc,simple_markov,0.0966796875,False
"n_students-50_n_skills-5_smoothing-0.1_current_alpha_beta-[3, 5]_future_alpha_beta-[3, 5]",acc,random,0.001953125,True
"n_students-50_n_skills-5_smoothing-0.1_current_alpha_beta-[3, 5]_future_alpha_beta-[3, 5]",acc,bayesian_network,0.65234375,False
"n_students-50_n_skills-5_smoothing-0.1_current_alpha_beta-[3, 5]_future_alpha_beta-[4, 4]",acc,full_information,0.40625,False
"n_students-50_n_skills-5_smoothing-0.1_current_alpha_beta-[3, 5]_future_alpha_beta-[4, 4]",acc,popularity,0.3125,False
"n_students-50_n_skills-5_smoothing-0.1_current_alpha_beta-[3, 5]_future_alpha_beta-[4, 4]",acc,simple_markov,0.0009765625,True
"n_students-50_n_skills-5_smoothing-0.1_current_alpha_beta-[3, 5]_future_alpha_beta-[4, 4]",acc,random,0.0009765625,True
"n_students-50_n_skills-5_smoothing-0.1_current_alpha_beta-[3, 5]_future_alpha_beta-[4, 4]",acc,bayesian_network,0.1611328125,False
"n_students-50_n_skills-5_smoothing-0.1_current_alpha_beta-[3, 5]_future_alpha_beta-[5, 3]",acc,full_information,0.9453125,False
"n_students-50_n_skills-5_smoothing-0.1_current_alpha_beta-[3, 5]_future_alpha_beta-[5, 3]",acc,popularity,0.3125,False
"n_students-50_n_skills-5_smoothing-0.1_current_alpha_beta-[3, 5]_future_alpha_beta-[5, 3]",acc,simple_markov,0.0185546875,True
"n_students-50_n_skills-5_smoothing-0.1_current_alpha_beta-[3, 5]_future_alpha_beta-[5, 3]",acc,random,0.0009765625,True
"n_students-50_n_skills-5_smoothing-0.1_current_alpha_beta-[3, 5]_future_alpha_beta-[5, 3]",acc,bayesian_network,0.037109375,True
"n_students-50_n_skills-5_smoothing-0.1_current_alpha_beta-[3, 5]_future_alpha_beta-[6, 2]",acc,full_information,0.796875,False
"n_students-50_n_skills-5_smoothing-0.1_current_alpha_beta-[3, 5]_future_alpha_beta-[6, 2]",acc,popularity,0.6953125,False
"n_students-50_n_skills-5_smoothing-0.1_current_alpha_beta-[3, 5]_future_alpha_beta-[6, 2]",acc,simple_markov,0.2783203125,False
"n_students-50_n_skills-5_smoothing-0.1_current_alpha_beta-[3, 5]_future_alpha_beta-[6, 2]",acc,random,0.0009765625,True
"n_students-50_n_skills-5_smoothing-0.1_current_alpha_beta-[3, 5]_future_alpha_beta-[6, 2]",acc,bayesian_network,0.1376953125,False
"n_students-50_n_skills-5_smoothing-0.1_current_alpha_beta-[4, 4]_future_alpha_beta-[2, 6]",acc,full_information,0.1484375,False
"n_students-50_n_skills-5_smoothing-0.1_current_alpha_beta-[4, 4]_future_alpha_beta-[2, 6]",acc,popularity,0.5625,False
"n_students-50_n_skills-5_smoothing-0.1_current_alpha_beta-[4, 4]_future_alpha_beta-[2, 6]",acc,simple_markov,0.3837890625,False
"n_students-50_n_skills-5_smoothing-0.1_current_alpha_beta-[4, 4]_future_alpha_beta-[2, 6]",acc,random,0.0009765625,True
"n_students-50_n_skills-5_smoothing-0.1_current_alpha_beta-[4, 4]_future_alpha_beta-[2, 6]",acc,bayesian_network,0.3466796875,False
"n_students-50_n_skills-5_smoothing-0.1_current_alpha_beta-[4, 4]_future_alpha_beta-[3, 5]",acc,full_information,0.8828125,False
"n_students-50_n_skills-5_smoothing-0.1_current_alpha_beta-[4, 4]_future_alpha_beta-[3, 5]",acc,popularity,0.375,False
"n_students-50_n_skills-5_smoothing-0.1_current_alpha_beta-[4, 4]_future_alpha_beta-[3, 5]",acc,simple_markov,0.013671875,True
"n_students-50_n_skills-5_smoothing-0.1_current_alpha_beta-[4, 4]_future_alpha_beta-[3, 5]",acc,random,0.0009765625,True
"n_students-50_n_skills-5_smoothing-0.1_current_alpha_beta-[4, 4]_future_alpha_beta-[3, 5]",acc,bayesian_network,0.09765625,False
"n_students-50_n_skills-5_smoothing-0.1_current_alpha_beta-[4, 4]_future_alpha_beta-[4, 4]",acc,full_information,0.953125,False
"n_students-50_n_skills-5_smoothing-0.1_current_alpha_beta-[4, 4]_future_alpha_beta-[4, 4]",acc,popularity,0.8125,False
"n_students-50_n_skills-5_smoothing-0.1_current_alpha_beta-[4, 4]_future_alpha_beta-[4, 4]",acc,simple_markov,0.2783203125,False
"n_students-50_n_skills-5_smoothing-0.1_current_alpha_beta-[4, 4]_future_alpha_beta-[4, 4]",acc,random,0.0009765625,True
"n_students-50_n_skills-5_smoothing-0.1_current_alpha_beta-[4, 4]_future_alpha_beta-[4, 4]",acc,bayesian_network,0.1796875,False
"n_students-50_n_skills-5_smoothing-0.1_current_alpha_beta-[4, 4]_future_alpha_beta-[5, 3]",acc,full_information,0.8359375,False
"n_students-50_n_skills-5_smoothing-0.1_current_alpha_beta-[4, 4]_future_alpha_beta-[5, 3]",acc,popularity,0.5,False
"n_students-50_n_skills-5_smoothing-0.1_current_alpha_beta-[4, 4]_future_alpha_beta-[5, 3]",acc,simple_markov,0.013671875,True
"n_students-50_n_skills-5_smoothing-0.1_current_alpha_beta-[4, 4]_future_alpha_beta-[5, 3]",acc,random,0.0009765625,True
"n_students-50_n_skills-5_smoothing-0.1_current_alpha_beta-[4, 4]_future_alpha_beta-[5, 3]",acc,bayesian_network,0.1162109375,False
"n_students-50_n_skills-5_smoothing-0.1_current_alpha_beta-[4, 4]_future_alpha_beta-[6, 2]",acc,full_information,0.4453125,False
"n_students-50_n_skills-5_smoothing-0.1_current_alpha_beta-[4, 4]_future_alpha_beta-[6, 2]",acc,popularity,1.0,False
"n_students-50_n_skills-5_smoothing-0.1_current_alpha_beta-[4, 4]_future_alpha_beta-[6, 2]",acc,simple_markov,0.1875,False
"n_students-50_n_skills-5_smoothing-0.1_current_alpha_beta-[4, 4]_future_alpha_beta-[6, 2]",acc,random,0.0009765625,True
"n_students-50_n_skills-5_smoothing-0.1_current_alpha_beta-[4, 4]_future_alpha_beta-[6, 2]",acc,bayesian_network,0.1162109375,False
"n_students-50_n_skills-5_smoothing-0.1_current_alpha_beta-[5, 3]_future_alpha_beta-[2, 6]",acc,full_information,0.84375,False
"n_students-50_n_skills-5_smoothing-0.1_current_alpha_beta-[5, 3]_future_alpha_beta-[2, 6]",acc,popularity,0.8671875,False
"n_students-50_n_skills-5_smoothing-0.1_current_alpha_beta-[5, 3]_future_alpha_beta-[2, 6]",acc,simple_markov,0.47265625,False
"n_students-50_n_skills-5_smoothing-0.1_current_alpha_beta-[5, 3]_future_alpha_beta-[2, 6]",acc,random,0.001953125,True
"n_students-50_n_skills-5_smoothing-0.1_current_alpha_beta-[5, 3]_future_alpha_beta-[2, 6]",acc,bayesian_network,0.68359375,False
"n_students-50_n_skills-5_smoothing-0.1_current_alpha_beta-[5, 3]_future_alpha_beta-[3, 5]",acc,full_information,0.62890625,False
"n_students-50_n_skills-5_smoothing-0.1_current_alpha_beta-[5, 3]_future_alpha_beta-[3, 5]",acc,popularity,0.84375,False
"n_students-50_n_skills-5_smoothing-0.1_current_alpha_beta-[5, 3]_future_alpha_beta-[3, 5]",acc,simple_markov,0.35546875,False
"n_students-50_n_skills-5_smoothing-0.1_current_alpha_beta-[5, 3]_future_alpha_beta-[3, 5]",acc,random,0.0009765625,True
"n_students-50_n_skills-5_smoothing-0.1_current_alpha_beta-[5, 3]_future_alpha_beta-[3, 5]",acc,bayesian_network,0.7216796875,False
"n_students-50_n_skills-5_smoothing-0.1_current_alpha_beta-[5, 3]_future_alpha_beta-[4, 4]",acc,full_information,0.1875,False
"n_students-50_n_skills-5_smoothing-0.1_current_alpha_beta-[5, 3]_future_alpha_beta-[4, 4]",acc,popularity,0.984375,False
"n_students-50_n_skills-5_smoothing-0.1_current_alpha_beta-[5, 3]_future_alpha_beta-[4, 4]",acc,simple_markov,0.03125,True
"n_students-50_n_skills-5_smoothing-0.1_current_alpha_beta-[5, 3]_future_alpha_beta-[4, 4]",acc,random,0.0009765625,True
"n_students-50_n_skills-5_smoothing-0.1_current_alpha_beta-[5, 3]_future_alpha_beta-[4, 4]",acc,bayesian_network,0.1875,False
"n_students-50_n_skills-5_smoothing-0.1_current_alpha_beta-[5, 3]_future_alpha_beta-[5, 3]",acc,full_information,0.65625,False
"n_students-50_n_skills-5_smoothing-0.1_current_alpha_beta-[5, 3]_future_alpha_beta-[5, 3]",acc,popularity,0.8671875,False
"n_students-50_n_skills-5_smoothing-0.1_current_alpha_beta-[5, 3]_future_alpha_beta-[5, 3]",acc,simple_markov,0.3125,False
"n_students-50_n_skills-5_smoothing-0.1_current_alpha_beta-[5, 3]_future_alpha_beta-[5, 3]",acc,random,0.0009765625,True
"n_students-50_n_skills-5_smoothing-0.1_current_alpha_beta-[5, 3]_future_alpha_beta-[5, 3]",acc,bayesian_network,0.41015625,False
"n_students-50_n_skills-5_smoothing-0.1_current_alpha_beta-[5, 3]_future_alpha_beta-[6, 2]",acc,full_information,0.5625,False
"n_students-50_n_skills-5_smoothing-0.1_current_alpha_beta-[5, 3]_future_alpha_beta-[6, 2]",acc,popularity,0.55078125,False
"n_students-50_n_skills-5_smoothing-0.1_current_alpha_beta-[5, 3]_future_alpha_beta-[6, 2]",acc,simple_markov,0.0390625,True
"n_students-50_n_skills-5_smoothing-0.1_current_alpha_beta-[5, 3]_future_alpha_beta-[6, 2]",acc,random,0.001953125,True
"n_students-50_n_skills-5_smoothing-0.1_current_alpha_beta-[5, 3]_future_alpha_beta-[6, 2]",acc,bayesian_network,0.046875,True
"n_students-50_n_skills-5_smoothing-0.1_current_alpha_beta-[6, 2]_future_alpha_beta-[2, 6]",acc,full_information,0.75,False
"n_students-50_n_skills-5_smoothing-0.1_current_alpha_beta-[6, 2]_future_alpha_beta-[2, 6]",acc,popularity,0.6875,False
"n_students-50_n_skills-5_smoothing-0.1_current_alpha_beta-[6, 2]_future_alpha_beta-[2, 6]",acc,simple_markov,0.94140625,False
"n_students-50_n_skills-5_smoothing-0.1_current_alpha_beta-[6, 2]_future_alpha_beta-[2, 6]",acc,random,0.0009765625,True
"n_students-50_n_skills-5_smoothing-0.1_current_alpha_beta-[6, 2]_future_alpha_beta-[2, 6]",acc,bayesian_network,0.48828125,False
"n_students-50_n_skills-5_smoothing-0.1_current_alpha_beta-[6, 2]_future_alpha_beta-[3, 5]",acc,full_information,0.140625,False
"n_students-50_n_skills-5_smoothing-0.1_current_alpha_beta-[6, 2]_future_alpha_beta-[3, 5]",acc,popularity,0.34375,False
"n_students-50_n_skills-5_smoothing-0.1_current_alpha_beta-[6, 2]_future_alpha_beta-[3, 5]",acc,simple_markov,0.1796875,False
"n_students-50_n_skills-5_smoothing-0.1_current_alpha_beta-[6, 2]_future_alpha_beta-[3, 5]",acc,random,0.001953125,True
"n_students-50_n_skills-5_smoothing-0.1_current_alpha_beta-[6, 2]_future_alpha_beta-[3, 5]",acc,bayesian_network,0.15625,False
"n_students-50_n_skills-5_smoothing-0.1_current_alpha_beta-[6, 2]_future_alpha_beta-[4, 4]",acc,full_information,0.75,False
"n_students-50_n_skills-5_smoothing-0.1_current_alpha_beta-[6, 2]_future_alpha_beta-[4, 4]",acc,popularity,0.65625,False
"n_students-50_n_skills-5_smoothing-0.1_current_alpha_beta-[6, 2]_future_alpha_beta-[4, 4]",acc,simple_markov,0.1318359375,False
"n_students-50_n_skills-5_smoothing-0.1_current_alpha_beta-[6, 2]_future_alpha_beta-[4, 4]",acc,random,0.001953125,True
"n_students-50_n_skills-5_smoothing-0.1_current_alpha_beta-[6, 2]_future_alpha_beta-[4, 4]",acc,bayesian_network,0.28515625,False
"n_students-50_n_skills-5_smoothing-0.1_current_alpha_beta-[6, 2]_future_alpha_beta-[5, 3]",acc,full_information,1.0,False
"n_students-50_n_skills-5_smoothing-0.1_current_alpha_beta-[6, 2]_future_alpha_beta-[5, 3]",acc,popularity,0.859375,False
"n_students-50_n_skills-5_smoothing-0.1_current_alpha_beta-[6, 2]_future_alpha_beta-[5, 3]",acc,simple_markov,0.27734375,False
"n_students-50_n_skills-5_smoothing-0.1_current_alpha_beta-[6, 2]_future_alpha_beta-[5, 3]",acc,random,0.0009765625,True
"n_students-50_n_skills-5_smoothing-0.1_current_alpha_beta-[6, 2]_future_alpha_beta-[5, 3]",acc,bayesian_network,0.42578125,False
"n_students-50_n_skills-5_smoothing-0.1_current_alpha_beta-[6, 2]_future_alpha_beta-[6, 2]",acc,full_information,0.875,False
"n_students-50_n_skills-5_smoothing-0.1_current_alpha_beta-[6, 2]_future_alpha_beta-[6, 2]",acc,popularity,1.0,False
"n_students-50_n_skills-5_smoothing-0.1_current_alpha_beta-[6, 2]_future_alpha_beta-[6, 2]",acc,simple_markov,0.5390625,False
"n_students-50_n_skills-5_smoothing-0.1_current_alpha_beta-[6, 2]_future_alpha_beta-[6, 2]",acc,random,0.009765625,True
"n_students-50_n_skills-5_smoothing-0.1_current_alpha_beta-[6, 2]_future_alpha_beta-[6, 2]",acc,bayesian_network,0.578125,False
"n_students-50_n_skills-5_smoothing-0.3_current_alpha_beta-[2, 6]_future_alpha_beta-[2, 6]",acc,full_information,0.578125,False
"n_students-50_n_skills-5_smoothing-0.3_current_alpha_beta-[2, 6]_future_alpha_beta-[2, 6]",acc,popularity,0.849609375,False
"n_students-50_n_skills-5_smoothing-0.3_current_alpha_beta-[2, 6]_future_alpha_beta-[2, 6]",acc,simple_markov,0.3125,False
"n_students-50_n_skills-5_smoothing-0.3_current_alpha_beta-[2, 6]_future_alpha_beta-[2, 6]",acc,random,0.0009765625,True
"n_students-50_n_skills-5_smoothing-0.3_current_alpha_beta-[2, 6]_future_alpha_beta-[2, 6]",acc,bayesian_network,0.7919921875,False
"n_students-50_n_skills-5_smoothing-0.3_current_alpha_beta-[2, 6]_future_alpha_beta-[3, 5]",acc,full_information,0.84375,False
"n_students-50_n_skills-5_smoothing-0.3_current_alpha_beta-[2, 6]_future_alpha_beta-[3, 5]",acc,popularity,0.919921875,False
"n_students-50_n_skills-5_smoothing-0.3_current_alpha_beta-[2, 6]_future_alpha_beta-[3, 5]",acc,simple_markov,0.2783203125,False
"n_students-50_n_skills-5_smoothing-0.3_current_alpha_beta-[2, 6]_future_alpha_beta-[3, 5]",acc,random,0.0009765625,True
"n_students-50_n_skills-5_smoothing-0.3_current_alpha_beta-[2, 6]_future_alpha_beta-[3, 5]",acc,bayesian_network,0.5771484375,False
"n_students-50_n_skills-5_smoothing-0.3_current_alpha_beta-[2, 6]_future_alpha_beta-[4, 4]",acc,full_information,0.775390625,False
"n_students-50_n_skills-5_smoothing-0.3_current_alpha_beta-[2, 6]_future_alpha_beta-[4, 4]",acc,popularity,0.544921875,False
"n_students-50_n_skills-5_smoothing-0.3_current_alpha_beta-[2, 6]_future_alpha_beta-[4, 4]",acc,simple_markov,0.5,False
"n_students-50_n_skills-5_smoothing-0.3_current_alpha_beta-[2, 6]_future_alpha_beta-[4, 4]",acc,random,0.0029296875,True
"n_students-50_n_skills-5_smoothing-0.3_current_alpha_beta-[2, 6]_future_alpha_beta-[4, 4]",acc,bayesian_network,0.71484375,False
"n_students-50_n_skills-5_smoothing-0.3_current_alpha_beta-[2, 6]_future_alpha_beta-[5, 3]",acc,full_information,0.962890625,False
"n_students-50_n_skills-5_smoothing-0.3_current_alpha_beta-[2, 6]_future_alpha_beta-[5, 3]",acc,popularity,0.8515625,False
"n_students-50_n_skills-5_smoothing-0.3_current_alpha_beta-[2, 6]_future_alpha_beta-[5, 3]",acc,simple_markov,0.2783203125,False
"n_students-50_n_skills-5_smoothing-0.3_current_alpha_beta-[2, 6]_future_alpha_beta-[5, 3]",acc,random,0.0009765625,True
"n_students-50_n_skills-5_smoothing-0.3_current_alpha_beta-[2, 6]_future_alpha_beta-[5, 3]",acc,bayesian_network,0.3125,False
"n_students-50_n_skills-5_smoothing-0.3_current_alpha_beta-[2, 6]_future_alpha_beta-[6, 2]",acc,full_information,0.47265625,False
"n_students-50_n_skills-5_smoothing-0.3_current_alpha_beta-[2, 6]_future_alpha_beta-[6, 2]",acc,popularity,0.6328125,False
"n_students-50_n_skills-5_smoothing-0.3_current_alpha_beta-[2, 6]_future_alpha_beta-[6, 2]",acc,simple_markov,0.0654296875,False
"n_students-50_n_skills-5_smoothing-0.3_current_alpha_beta-[2, 6]_future_alpha_beta-[6, 2]",acc,random,0.0009765625,True
"n_students-50_n_skills-5_smoothing-0.3_current_alpha_beta-[2, 6]_future_alpha_beta-[6, 2]",acc,bayesian_network,0.1220703125,False
"n_students-50_n_skills-5_smoothing-0.3_current_alpha_beta-[3, 5]_future_alpha_beta-[2, 6]",acc,full_information,0.76171875,False
"n_students-50_n_skills-5_smoothing-0.3_current_alpha_beta-[3, 5]_future_alpha_beta-[2, 6]",acc,popularity,0.5390625,False
"n_students-50_n_skills-5_smoothing-0.3_current_alpha_beta-[3, 5]_future_alpha_beta-[2, 6]",acc,simple_markov,0.28515625,False
"n_students-50_n_skills-5_smoothing-0.3_current_alpha_beta-[3, 5]_future_alpha_beta-[2, 6]",acc,random,0.0009765625,True
"n_students-50_n_skills-5_smoothing-0.3_current_alpha_beta-[3, 5]_future_alpha_beta-[2, 6]",acc,bayesian_network,0.4609375,False
"n_students-50_n_skills-5_smoothing-0.3_current_alpha_beta-[3, 5]_future_alpha_beta-[3, 5]",acc,full_information,0.787109375,False
"n_students-50_n_skills-5_smoothing-0.3_current_alpha_beta-[3, 5]_future_alpha_beta-[3, 5]",acc,popularity,0.734375,False
"n_students-50_n_skills-5_smoothing-0.3_current_alpha_beta-[3, 5]_future_alpha_beta-[3, 5]",acc,simple_markov,0.0966796875,False
"n_students-50_n_skills-5_smoothing-0.3_current_alpha_beta-[3, 5]_future_alpha_beta-[3, 5]",acc,random,0.0009765625,True
"n_students-50_n_skills-5_smoothing-0.3_current_alpha_beta-[3, 5]_future_alpha_beta-[3, 5]",acc,bayesian_network,0.3125,False
"n_students-50_n_skills-5_smoothing-0.3_current_alpha_beta-[3, 5]_future_alpha_beta-[4, 4]",acc,full_information,0.34765625,False
"n_students-50_n_skills-5_smoothing-0.3_current_alpha_beta-[3, 5]_future_alpha_beta-[4, 4]",acc,popularity,0.2890625,False
"n_students-50_n_skills-5_smoothing-0.3_current_alpha_beta-[3, 5]_future_alpha_beta-[4, 4]",acc,simple_markov,0.0419921875,True
"n_students-50_n_skills-5_smoothing-0.3_current_alpha_beta-[3, 5]_future_alpha_beta-[4, 4]",acc,random,0.0009765625,True
"n_students-50_n_skills-5_smoothing-0.3_current_alpha_beta-[3, 5]_future_alpha_beta-[4, 4]",acc,bayesian_network,0.076171875,False
"n_students-50_n_skills-5_smoothing-0.3_current_alpha_beta-[3, 5]_future_alpha_beta-[5, 3]",acc,full_information,0.5,False
"n_students-50_n_skills-5_smoothing-0.3_current_alpha_beta-[3, 5]_future_alpha_beta-[5, 3]",acc,popularity,0.2265625,False
"n_students-50_n_skills-5_smoothing-0.3_current_alpha_beta-[3, 5]_future_alpha_beta-[5, 3]",acc,simple_markov,0.0654296875,False
"n_students-50_n_skills-5_smoothing-0.3_current_alpha_beta-[3, 5]_future_alpha_beta-[5, 3]",acc,random,0.0009765625,True
"n_students-50_n_skills-5_smoothing-0.3_current_alpha_beta-[3, 5]_future_alpha_beta-[5, 3]",acc,bayesian_network,0.0419921875,True
"n_students-50_n_skills-5_smoothing-0.3_current_alpha_beta-[3, 5]_future_alpha_beta-[6, 2]",acc,full_information,0.787109375,False
"n_students-50_n_skills-5_smoothing-0.3_current_alpha_beta-[3, 5]_future_alpha_beta-[6, 2]",acc,popularity,0.86328125,False
"n_students-50_n_skills-5_smoothing-0.3_current_alpha_beta-[3, 5]_future_alpha_beta-[6, 2]",acc,simple_markov,0.1875,False
"n_students-50_n_skills-5_smoothing-0.3_current_alpha_beta-[3, 5]_future_alpha_beta-[6, 2]",acc,random,0.001953125,True
"n_students-50_n_skills-5_smoothing-0.3_current_alpha_beta-[3, 5]_future_alpha_beta-[6, 2]",acc,bayesian_network,0.34765625,False
"n_students-50_n_skills-5_smoothing-0.3_current_alpha_beta-[4, 4]_future_alpha_beta-[2, 6]",acc,full_information,0.6328125,False
"n_students-50_n_skills-5_smoothing-0.3_current_alpha_beta-[4, 4]_future_alpha_beta-[2, 6]",acc,popularity,0.9375,False
"n_students-50_n_skills-5_smoothing-0.3_current_alpha_beta-[4, 4]_future_alpha_beta-[2, 6]",acc,simple_markov,0.375,False
"n_students-50_n_skills-5_smoothing-0.3_current_alpha_beta-[4, 4]_future_alpha_beta-[2, 6]",acc,random,0.0068359375,True
"n_students-50_n_skills-5_smoothing-0.3_current_alpha_beta-[4, 4]_future_alpha_beta-[2, 6]",acc,bayesian_network,0.931640625,False
"n_students-50_n_skills-5_smoothing-0.3_current_alpha_beta-[4, 4]_future_alpha_beta-[3, 5]",acc,full_information,0.326171875,False
"n_students-50_n_skills-5_smoothing-0.3_current_alpha_beta-[4, 4]_future_alpha_beta-[3, 5]",acc,popularity,0.71484375,False
"n_students-50_n_skills-5_smoothing-0.3_current_alpha_beta-[4, 4]_future_alpha_beta-[3, 5]",acc,simple_markov,0.14453125,False
"n_students-50_n_skills-5_smoothing-0.3_current_alpha_beta-[4, 4]_future_alpha_beta-[3, 5]",acc,random,0.0009765625,True
"n_students-50_n_skills-5_smoothing-0.3_current_alpha_beta-[4, 4]_future_alpha_beta-[3, 5]",acc,bayesian_network,0.15625,False
"n_students-50_n_skills-5_smoothing-0.3_current_alpha_beta-[4, 4]_future_alpha_beta-[4, 4]",acc,full_information,0.8359375,False
"n_students-50_n_skills-5_smoothing-0.3_current_alpha_beta-[4, 4]_future_alpha_beta-[4, 4]",acc,popularity,0.65625,False
"n_students-50_n_skills-5_smoothing-0.3_current_alpha_beta-[4, 4]_future_alpha_beta-[4, 4]",acc,simple_markov,0.28515625,False
"n_students-50_n_skills-5_smoothing-0.3_current_alpha_beta-[4, 4]_future_alpha_beta-[4, 4]",acc,random,0.001953125,True
"n_students-50_n_skills-5_smoothing-0.3_current_alpha_beta-[4, 4]_future_alpha_beta-[4, 4]",acc,bayesian_network,0.0419921875,True
"n_students-50_n_skills-5_smoothing-0.3_current_alpha_beta-[4, 4]_future_alpha_beta-[5, 3]",acc,full_information,0.3515625,False
"n_students-50_n_skills-5_smoothing-0.3_current_alpha_beta-[4, 4]_future_alpha_beta-[5, 3]",acc,popularity,0.578125,False
"n_students-50_n_skills-5_smoothing-0.3_current_alpha_beta-[4, 4]_future_alpha_beta-[5, 3]",acc,simple_markov,0.001953125,True
"n_students-50_n_skills-5_smoothing-0.3_current_alpha_beta-[4, 4]_future_alpha_beta-[5, 3]",acc,random,0.0029296875,True
"n_students-50_n_skills-5_smoothing-0.3_current_alpha_beta-[4, 4]_future_alpha_beta-[5, 3]",acc,bayesian_network,0.0966796875,False
"n_students-50_n_skills-5_smoothing-0.3_current_alpha_beta-[4, 4]_future_alpha_beta-[6, 2]",acc,full_information,0.47265625,False
"n_students-50_n_skills-5_smoothing-0.3_current_alpha_beta-[4, 4]_future_alpha_beta-[6, 2]",acc,popularity,0.59375,False
"n_students-50_n_skills-5_smoothing-0.3_current_alpha_beta-[4, 4]_future_alpha_beta-[6, 2]",acc,simple_markov,0.2236328125,False
"n_students-50_n_skills-5_smoothing-0.3_current_alpha_beta-[4, 4]_future_alpha_beta-[6, 2]",acc,random,0.0029296875,True
"n_students-50_n_skills-5_smoothing-0.3_current_alpha_beta-[4, 4]_future_alpha_beta-[6, 2]",acc,bayesian_network,0.421875,False
"n_students-50_n_skills-5_smoothing-0.3_current_alpha_beta-[5, 3]_future_alpha_beta-[2, 6]",acc,full_information,0.3203125,False
"n_students-50_n_skills-5_smoothing-0.3_current_alpha_beta-[5, 3]_future_alpha_beta-[2, 6]",acc,popularity,0.234375,False
"n_students-50_n_skills-5_smoothing-0.3_current_alpha_beta-[5, 3]_future_alpha_beta-[2, 6]",acc,simple_markov,0.326171875,False
"n_students-50_n_skills-5_smoothing-0.3_current_alpha_beta-[5, 3]_future_alpha_beta-[2, 6]",acc,random,0.0009765625,True
"n_students-50_n_skills-5_smoothing-0.3_current_alpha_beta-[5, 3]_future_alpha_beta-[2, 6]",acc,bayesian_network,0.64453125,False
"n_students-50_n_skills-5_smoothing-0.3_current_alpha_beta-[5, 3]_future_alpha_beta-[3, 5]",acc,full_information,0.41015625,False
"n_students-50_n_skills-5_smoothing-0.3_current_alpha_beta-[5, 3]_future_alpha_beta-[3, 5]",acc,popularity,0.890625,False
"n_students-50_n_skills-5_smoothing-0.3_current_alpha_beta-[5, 3]_future_alpha_beta-[3, 5]",acc,simple_markov,0.1318359375,False
"n_students-50_n_skills-5_smoothing-0.3_current_alpha_beta-[5, 3]_future_alpha_beta-[3, 5]",acc,random,0.0009765625,True
"n_students-50_n_skills-5_smoothing-0.3_current_alpha_beta-[5, 3]_future_alpha_beta-[3, 5]",acc,bayesian_network,0.27734375,False
"n_students-50_n_skills-5_smoothing-0.3_current_alpha_beta-[5, 3]_future_alpha_beta-[4, 4]",acc,full_information,0.90234375,False
"n_students-50_n_skills-5_smoothing-0.3_current_alpha_beta-[5, 3]_future_alpha_beta-[4, 4]",acc,popularity,0.99609375,False
"n_students-50_n_skills-5_smoothing-0.3_current_alpha_beta-[5, 3]_future_alpha_beta-[4, 4]",acc,simple_markov,0.673828125,False
"n_students-50_n_skills-5_smoothing-0.3_current_alpha_beta-[5, 3]_future_alpha_beta-[4, 4]",acc,random,0.0009765625,True
"n_students-50_n_skills-5_smoothing-0.3_current_alpha_beta-[5, 3]_future_alpha_beta-[4, 4]",acc,bayesian_network,0.4521484375,False
"n_students-50_n_skills-5_smoothing-0.3_current_alpha_beta-[5, 3]_future_alpha_beta-[5, 3]",acc,full_information,0.8671875,False
"n_students-50_n_skills-5_smoothing-0.3_current_alpha_beta-[5, 3]_future_alpha_beta-[5, 3]",acc,popularity,0.421875,False
"n_students-50_n_skills-5_smoothing-0.3_current_alpha_beta-[5, 3]_future_alpha_beta-[5, 3]",acc,simple_markov,0.3125,False
"n_students-50_n_skills-5_smoothing-0.3_current_alpha_beta-[5, 3]_future_alpha_beta-[5, 3]",acc,random,0.001953125,True
"n_students-50_n_skills-5_smoothing-0.3_current_alpha_beta-[5, 3]_future_alpha_beta-[5, 3]",acc,bayesian_network,0.7841796875,False
"n_students-50_n_skills-5_smoothing-0.3_current_alpha_beta-[5, 3]_future_alpha_beta-[6, 2]",acc,full_information,0.3125,False
"n_students-50_n_skills-5_smoothing-0.3_current_alpha_beta-[5, 3]_future_alpha_beta-[6, 2]",acc,popularity,0.84375,False
"n_students-50_n_skills-5_smoothing-0.3_current_alpha_beta-[5, 3]_future_alpha_beta-[6, 2]",acc,simple_markov,0.080078125,False
"n_students-50_n_skills-5_smoothing-0.3_current_alpha_beta-[5, 3]_future_alpha_beta-[6, 2]",acc,random,0.0009765625,True
"n_students-50_n_skills-5_smoothing-0.3_current_alpha_beta-[5, 3]_future_alpha_beta-[6, 2]",acc,bayesian_network,0.34375,False
"n_students-50_n_skills-5_smoothing-0.3_current_alpha_beta-[6, 2]_future_alpha_beta-[2, 6]",acc,full_information,0.5,False
"n_students-50_n_skills-5_smoothing-0.3_current_alpha_beta-[6, 2]_future_alpha_beta-[2, 6]",acc,popularity,0.171875,False
"n_students-50_n_skills-5_smoothing-0.3_current_alpha_beta-[6, 2]_future_alpha_beta-[2, 6]",acc,simple_markov,0.0849609375,False
"n_students-50_n_skills-5_smoothing-0.3_current_alpha_beta-[6, 2]_future_alpha_beta-[2, 6]",acc,random,0.009765625,True
"n_students-50_n_skills-5_smoothing-0.3_current_alpha_beta-[6, 2]_future_alpha_beta-[2, 6]",acc,bayesian_network,0.1376953125,False
"n_students-50_n_skills-5_smoothing-0.3_current_alpha_beta-[6, 2]_future_alpha_beta-[3, 5]",acc,full_information,0.265625,False
"n_students-50_n_skills-5_smoothing-0.3_current_alpha_beta-[6, 2]_future_alpha_beta-[3, 5]",acc,popularity,0.3125,False
"n_students-50_n_skills-5_smoothing-0.3_current_alpha_beta-[6, 2]_future_alpha_beta-[3, 5]",acc,simple_markov,0.076171875,False
"n_students-50_n_skills-5_smoothing-0.3_current_alpha_beta-[6, 2]_future_alpha_beta-[3, 5]",acc,random,0.0029296875,True
"n_students-50_n_skills-5_smoothing-0.3_current_alpha_beta-[6, 2]_future_alpha_beta-[3, 5]",acc,bayesian_network,0.34375,False
"n_students-50_n_skills-5_smoothing-0.3_current_alpha_beta-[6, 2]_future_alpha_beta-[4, 4]",acc,full_information,0.46484375,False
"n_students-50_n_skills-5_smoothing-0.3_current_alpha_beta-[6, 2]_future_alpha_beta-[4, 4]",acc,popularity,0.75,False
"n_students-50_n_skills-5_smoothing-0.3_current_alpha_beta-[6, 2]_future_alpha_beta-[4, 4]",acc,simple_markov,0.01953125,True
"n_students-50_n_skills-5_smoothing-0.3_current_alpha_beta-[6, 2]_future_alpha_beta-[4, 4]",acc,random,0.0029296875,True
"n_students-50_n_skills-5_smoothing-0.3_current_alpha_beta-[6, 2]_future_alpha_beta-[4, 4]",acc,bayesian_network,0.326171875,False
"n_students-50_n_skills-5_smoothing-0.3_current_alpha_beta-[6, 2]_future_alpha_beta-[5, 3]",acc,full_information,0.634765625,False
"n_students-50_n_skills-5_smoothing-0.3_current_alpha_beta-[6, 2]_future_alpha_beta-[5, 3]",acc,popularity,0.96875,False
"n_students-50_n_skills-5_smoothing-0.3_current_alpha_beta-[6, 2]_future_alpha_beta-[5, 3]",acc,simple_markov,0.1796875,False
"n_students-50_n_skills-5_smoothing-0.3_current_alpha_beta-[6, 2]_future_alpha_beta-[5, 3]",acc,random,0.001953125,True
"n_students-50_n_skills-5_smoothing-0.3_current_alpha_beta-[6, 2]_future_alpha_beta-[5, 3]",acc,bayesian_network,0.306640625,False
"n_students-50_n_skills-5_smoothing-0.3_current_alpha_beta-[6, 2]_future_alpha_beta-[6, 2]",acc,full_information,0.421875,False
"n_students-50_n_skills-5_smoothing-0.3_current_alpha_beta-[6, 2]_future_alpha_beta-[6, 2]",acc,popularity,0.125,False
"n_students-50_n_skills-5_smoothing-0.3_current_alpha_beta-[6, 2]_future_alpha_beta-[6, 2]",acc,simple_markov,0.021484375,True
"n_students-50_n_skills-5_smoothing-0.3_current_alpha_beta-[6, 2]_future_alpha_beta-[6, 2]",acc,random,0.00390625,True
"n_students-50_n_skills-5_smoothing-0.3_current_alpha_beta-[6, 2]_future_alpha_beta-[6, 2]",acc,bayesian_network,0.1796875,False
"n_students-50_n_skills-5_smoothing-0.5_current_alpha_beta-[2, 6]_future_alpha_beta-[2, 6]",acc,full_information,0.7763671875,False
"n_students-50_n_skills-5_smoothing-0.5_current_alpha_beta-[2, 6]_future_alpha_beta-[2, 6]",acc,popularity,0.68359375,False
"n_students-50_n_skills-5_smoothing-0.5_current_alpha_beta-[2, 6]_future_alpha_beta-[2, 6]",acc,simple_markov,0.2783203125,False
"n_students-50_n_skills-5_smoothing-0.5_current_alpha_beta-[2, 6]_future_alpha_beta-[2, 6]",acc,random,0.001953125,True
"n_students-50_n_skills-5_smoothing-0.5_current_alpha_beta-[2, 6]_future_alpha_beta-[2, 6]",acc,bayesian_network,0.5771484375,False
"n_students-50_n_skills-5_smoothing-0.5_current_alpha_beta-[2, 6]_future_alpha_beta-[3, 5]",acc,full_information,0.76953125,False
"n_students-50_n_skills-5_smoothing-0.5_current_alpha_beta-[2, 6]_future_alpha_beta-[3, 5]",acc,popularity,0.6328125,False
"n_students-50_n_skills-5_smoothing-0.5_current_alpha_beta-[2, 6]_future_alpha_beta-[3, 5]",acc,simple_markov,0.2158203125,False
"n_students-50_n_skills-5_smoothing-0.5_current_alpha_beta-[2, 6]_future_alpha_beta-[3, 5]",acc,random,0.0009765625,True
"n_students-50_n_skills-5_smoothing-0.5_current_alpha_beta-[2, 6]_future_alpha_beta-[3, 5]",acc,bayesian_network,0.384765625,False
"n_students-50_n_skills-5_smoothing-0.5_current_alpha_beta-[2, 6]_future_alpha_beta-[4, 4]",acc,full_information,0.412109375,False
"n_students-50_n_skills-5_smoothing-0.5_current_alpha_beta-[2, 6]_future_alpha_beta-[4, 4]",acc,popularity,0.787109375,False
"n_students-50_n_skills-5_smoothing-0.5_current_alpha_beta-[2, 6]_future_alpha_beta-[4, 4]",acc,simple_markov,0.3212890625,False
"n_students-50_n_skills-5_smoothing-0.5_current_alpha_beta-[2, 6]_future_alpha_beta-[4, 4]",acc,random,0.0068359375,True
"n_students-50_n_skills-5_smoothing-0.5_current_alpha_beta-[2, 6]_future_alpha_beta-[4, 4]",acc,bayesian_network,0.52734375,False
"n_students-50_n_skills-5_smoothing-0.5_current_alpha_beta-[2, 6]_future_alpha_beta-[5, 3]",acc,full_information,0.8193359375,False
"n_students-50_n_skills-5_smoothing-0.5_current_alpha_beta-[2, 6]_future_alpha_beta-[5, 3]",acc,popularity,0.984375,False
"n_students-50_n_skills-5_smoothing-0.5_current_alpha_beta-[2, 6]_future_alpha_beta-[5, 3]",acc,simple_markov,0.0966796875,False
"n_students-50_n_skills-5_smoothing-0.5_current_alpha_beta-[2, 6]_future_alpha_beta-[5, 3]",acc,random,0.0009765625,True
"n_students-50_n_skills-5_smoothing-0.5_current_alpha_beta-[2, 6]_future_alpha_beta-[5, 3]",acc,bayesian_network,0.5,False
"n_students-50_n_skills-5_smoothing-0.5_current_alpha_beta-[2, 6]_future_alpha_beta-[6, 2]",acc,full_information,0.5673828125,False
"n_students-50_n_skills-5_smoothing-0.5_current_alpha_beta-[2, 6]_future_alpha_beta-[6, 2]",acc,popularity,0.8623046875,False
"n_students-50_n_skills-5_smoothing-0.5_current_alpha_beta-[2, 6]_future_alpha_beta-[6, 2]",acc,simple_markov,0.0966796875,False
"n_students-50_n_skills-5_smoothing-0.5_current_alpha_beta-[2, 6]_future_alpha_beta-[6, 2]",acc,random,0.001953125,True
"n_students-50_n_skills-5_smoothing-0.5_current_alpha_beta-[2, 6]_future_alpha_beta-[6, 2]",acc,bayesian_network,0.7841796875,False
"n_students-50_n_skills-5_smoothing-0.5_current_alpha_beta-[3, 5]_future_alpha_beta-[2, 6]",acc,full_information,0.44140625,False
"n_students-50_n_skills-5_smoothing-0.5_current_alpha_beta-[3, 5]_future_alpha_beta-[2, 6]",acc,popularity,0.5869140625,False
"n_students-50_n_skills-5_smoothing-0.5_current_alpha_beta-[3, 5]_future_alpha_beta-[2, 6]",acc,simple_markov,0.384765625,False
"n_students-50_n_skills-5_smoothing-0.5_current_alpha_beta-[3, 5]_future_alpha_beta-[2, 6]",acc,random,0.009765625,True
"n_students-50_n_skills-5_smoothing-0.5_current_alpha_beta-[3, 5]_future_alpha_beta-[2, 6]",acc,bayesian_network,0.62109375,False
"n_students-50_n_skills-5_smoothing-0.5_current_alpha_beta-[3, 5]_future_alpha_beta-[3, 5]",acc,full_information,0.357421875,False
"n_students-50_n_skills-5_smoothing-0.5_current_alpha_beta-[3, 5]_future_alpha_beta-[3, 5]",acc,popularity,0.98046875,False
"n_students-50_n_skills-5_smoothing-0.5_current_alpha_beta-[3, 5]_future_alpha_beta-[3, 5]",acc,simple_markov,0.2783203125,False
"n_students-50_n_skills-5_smoothing-0.5_current_alpha_beta-[3, 5]_future_alpha_beta-[3, 5]",acc,random,0.0048828125,True
"n_students-50_n_skills-5_smoothing-0.5_current_alpha_beta-[3, 5]_future_alpha_beta-[3, 5]",acc,bayesian_network,0.615234375,False
"n_students-50_n_skills-5_smoothing-0.5_current_alpha_beta-[3, 5]_future_alpha_beta-[4, 4]",acc,full_information,0.9345703125,False
"n_students-50_n_skills-5_smoothing-0.5_current_alpha_beta-[3, 5]_future_alpha_beta-[4, 4]",acc,popularity,0.154296875,False
"n_students-50_n_skills-5_smoothing-0.5_current_alpha_beta-[3, 5]_future_alpha_beta-[4, 4]",acc,simple_markov,0.3125,False
"n_students-50_n_skills-5_smoothing-0.5_current_alpha_beta-[3, 5]_future_alpha_beta-[4, 4]",acc,random,0.0029296875,True
"n_students-50_n_skills-5_smoothing-0.5_current_alpha_beta-[3, 5]_future_alpha_beta-[4, 4]",acc,bayesian_network,0.7216796875,False
"n_students-50_n_skills-5_smoothing-0.5_current_alpha_beta-[3, 5]_future_alpha_beta-[5, 3]",acc,full_information,0.0849609375,False
"n_students-50_n_skills-5_smoothing-0.5_current_alpha_beta-[3, 5]_future_alpha_beta-[5, 3]",acc,popularity,0.30859375,False
"n_students-50_n_skills-5_smoothing-0.5_current_alpha_beta-[3, 5]_future_alpha_beta-[5, 3]",acc,simple_markov,0.0068359375,True
"n_students-50_n_skills-5_smoothing-0.5_current_alpha_beta-[3, 5]_future_alpha_beta-[5, 3]",acc,random,0.0009765625,True
"n_students-50_n_skills-5_smoothing-0.5_current_alpha_beta-[3, 5]_future_alpha_beta-[5, 3]",acc,bayesian_network,0.0185546875,True
"n_students-50_n_skills-5_smoothing-0.5_current_alpha_beta-[3, 5]_future_alpha_beta-[6, 2]",acc,full_information,0.8984375,False
"n_students-50_n_skills-5_smoothing-0.5_current_alpha_beta-[3, 5]_future_alpha_beta-[6, 2]",acc,popularity,0.849609375,False
"n_students-50_n_skills-5_smoothing-0.5_current_alpha_beta-[3, 5]_future_alpha_beta-[6, 2]",acc,simple_markov,0.005859375,True
"n_students-50_n_skills-5_smoothing-0.5_current_alpha_beta-[3, 5]_future_alpha_beta-[6, 2]",acc,random,0.0009765625,True
"n_students-50_n_skills-5_smoothing-0.5_current_alpha_beta-[3, 5]_future_alpha_beta-[6, 2]",acc,bayesian_network,0.0966796875,False
"n_students-50_n_skills-5_smoothing-0.5_current_alpha_beta-[4, 4]_future_alpha_beta-[2, 6]",acc,full_information,0.443359375,False
"n_students-50_n_skills-5_smoothing-0.5_current_alpha_beta-[4, 4]_future_alpha_beta-[2, 6]",acc,popularity,0.48828125,False
"n_students-50_n_skills-5_smoothing-0.5_current_alpha_beta-[4, 4]_future_alpha_beta-[2, 6]",acc,simple_markov,0.1376953125,False
"n_students-50_n_skills-5_smoothing-0.5_current_alpha_beta-[4, 4]_future_alpha_beta-[2, 6]",acc,random,0.0029296875,True
"n_students-50_n_skills-5_smoothing-0.5_current_alpha_beta-[4, 4]_future_alpha_beta-[2, 6]",acc,bayesian_network,0.326171875,False
"n_students-50_n_skills-5_smoothing-0.5_current_alpha_beta-[4, 4]_future_alpha_beta-[3, 5]",acc,full_information,0.515625,False
"n_students-50_n_skills-5_smoothing-0.5_current_alpha_beta-[4, 4]_future_alpha_beta-[3, 5]",acc,popularity,0.8203125,False
"n_students-50_n_skills-5_smoothing-0.5_current_alpha_beta-[4, 4]_future_alpha_beta-[3, 5]",acc,simple_markov,0.0126953125,True
"n_students-50_n_skills-5_smoothing-0.5_current_alpha_beta-[4, 4]_future_alpha_beta-[3, 5]",acc,random,0.0009765625,True
"n_students-50_n_skills-5_smoothing-0.5_current_alpha_beta-[4, 4]_future_alpha_beta-[3, 5]",acc,bayesian_network,0.5,False
"n_students-50_n_skills-5_smoothing-0.5_current_alpha_beta-[4, 4]_future_alpha_beta-[4, 4]",acc,full_information,0.01953125,True
"n_students-50_n_skills-5_smoothing-0.5_current_alpha_beta-[4, 4]_future_alpha_beta-[4, 4]",acc,popularity,0.705078125,False
"n_students-50_n_skills-5_smoothing-0.5_current_alpha_beta-[4, 4]_future_alpha_beta-[4, 4]",acc,simple_markov,0.1796875,False
"n_students-50_n_skills-5_smoothing-0.5_current_alpha_beta-[4, 4]_future_alpha_beta-[4, 4]",acc,random,0.001953125,True
"n_students-50_n_skills-5_smoothing-0.5_current_alpha_beta-[4, 4]_future_alpha_beta-[4, 4]",acc,bayesian_network,0.076171875,False
"n_students-50_n_skills-5_smoothing-0.5_current_alpha_beta-[4, 4]_future_alpha_beta-[5, 3]",acc,full_information,0.1376953125,False
"n_students-50_n_skills-5_smoothing-0.5_current_alpha_beta-[4, 4]_future_alpha_beta-[5, 3]",acc,popularity,0.109375,False
"n_students-50_n_skills-5_smoothing-0.5_current_alpha_beta-[4, 4]_future_alpha_beta-[5, 3]",acc,simple_markov,0.0029296875,True
"n_students-50_n_skills-5_smoothing-0.5_current_alpha_beta-[4, 4]_future_alpha_beta-[5, 3]",acc,random,0.0029296875,True
"n_students-50_n_skills-5_smoothing-0.5_current_alpha_beta-[4, 4]_future_alpha_beta-[5, 3]",acc,bayesian_network,0.1611328125,False
"n_students-50_n_skills-5_smoothing-0.5_current_alpha_beta-[4, 4]_future_alpha_beta-[6, 2]",acc,full_information,0.5,False
"n_students-50_n_skills-5_smoothing-0.5_current_alpha_beta-[4, 4]_future_alpha_beta-[6, 2]",acc,popularity,0.890625,False
"n_students-50_n_skills-5_smoothing-0.5_current_alpha_beta-[4, 4]_future_alpha_beta-[6, 2]",acc,simple_markov,0.2158203125,False
"n_students-50_n_skills-5_smoothing-0.5_current_alpha_beta-[4, 4]_future_alpha_beta-[6, 2]",acc,random,0.052734375,False
"n_students-50_n_skills-5_smoothing-0.5_current_alpha_beta-[4, 4]_future_alpha_beta-[6, 2]",acc,bayesian_network,0.5390625,False
"n_students-50_n_skills-5_smoothing-0.5_current_alpha_beta-[5, 3]_future_alpha_beta-[2, 6]",acc,full_information,0.765625,False
"n_students-50_n_skills-5_smoothing-0.5_current_alpha_beta-[5, 3]_future_alpha_beta-[2, 6]",acc,popularity,0.91796875,False
"n_students-50_n_skills-5_smoothing-0.5_current_alpha_beta-[5, 3]_future_alpha_beta-[2, 6]",acc,simple_markov,0.154296875,False
"n_students-50_n_skills-5_smoothing-0.5_current_alpha_beta-[5, 3]_future_alpha_beta-[2, 6]",acc,random,0.0029296875,True
"n_students-50_n_skills-5_smoothing-0.5_current_alpha_beta-[5, 3]_future_alpha_beta-[2, 6]",acc,bayesian_network,0.27734375,False
"n_students-50_n_skills-5_smoothing-0.5_current_alpha_beta-[5, 3]_future_alpha_beta-[3, 5]",acc,full_information,0.23046875,False
"n_students-50_n_skills-5_smoothing-0.5_current_alpha_beta-[5, 3]_future_alpha_beta-[3, 5]",acc,popularity,0.734375,False
"n_students-50_n_skills-5_smoothing-0.5_current_alpha_beta-[5, 3]_future_alpha_beta-[3, 5]",acc,simple_markov,0.080078125,False
"n_students-50_n_skills-5_smoothing-0.5_current_alpha_beta-[5, 3]_future_alpha_beta-[3, 5]",acc,random,0.0009765625,True
"n_students-50_n_skills-5_smoothing-0.5_current_alpha_beta-[5, 3]_future_alpha_beta-[3, 5]",acc,bayesian_network,0.4326171875,False
"n_students-50_n_skills-5_smoothing-0.5_current_alpha_beta-[5, 3]_future_alpha_beta-[4, 4]",acc,full_information,0.7109375,False
"n_students-50_n_skills-5_smoothing-0.5_current_alpha_beta-[5, 3]_future_alpha_beta-[4, 4]",acc,popularity,0.99609375,False
"n_students-50_n_skills-5_smoothing-0.5_current_alpha_beta-[5, 3]_future_alpha_beta-[4, 4]",acc,simple_markov,0.01953125,True
"n_students-50_n_skills-5_smoothing-0.5_current_alpha_beta-[5, 3]_future_alpha_beta-[4, 4]",acc,random,0.0048828125,True
"n_students-50_n_skills-5_smoothing-0.5_current_alpha_beta-[5, 3]_future_alpha_beta-[4, 4]",acc,bayesian_network,0.361328125,False
"n_students-50_n_skills-5_smoothing-0.5_current_alpha_beta-[5, 3]_future_alpha_beta-[5, 3]",acc,full_information,0.51171875,False
"n_students-50_n_skills-5_smoothing-0.5_current_alpha_beta-[5, 3]_future_alpha_beta-[5, 3]",acc,popularity,0.326171875,False
"n_students-50_n_skills-5_smoothing-0.5_current_alpha_beta-[5, 3]_future_alpha_beta-[5, 3]",acc,simple_markov,0.009765625,True
"n_students-50_n_skills-5_smoothing-0.5_current_alpha_beta-[5, 3]_future_alpha_beta-[5, 3]",acc,random,0.009765625,True
"n_students-50_n_skills-5_smoothing-0.5_current_alpha_beta-[5, 3]_future_alpha_beta-[5, 3]",acc,bayesian_network,0.1884765625,False
"n_students-50_n_skills-5_smoothing-0.5_current_alpha_beta-[5, 3]_future_alpha_beta-[6, 2]",acc,full_information,0.43359375,False
"n_students-50_n_skills-5_smoothing-0.5_current_alpha_beta-[5, 3]_future_alpha_beta-[6, 2]",acc,popularity,0.9921875,False
"n_students-50_n_skills-5_smoothing-0.5_current_alpha_beta-[5, 3]_future_alpha_beta-[6, 2]",acc,simple_markov,0.0654296875,False
"n_students-50_n_skills-5_smoothing-0.5_current_alpha_beta-[5, 3]_future_alpha_beta-[6, 2]",acc,random,0.00390625,True
"n_students-50_n_skills-5_smoothing-0.5_current_alpha_beta-[5, 3]_future_alpha_beta-[6, 2]",acc,bayesian_network,0.7109375,False
"n_students-50_n_skills-5_smoothing-0.5_current_alpha_beta-[6, 2]_future_alpha_beta-[2, 6]",acc,full_information,0.7451171875,False
"n_students-50_n_skills-5_smoothing-0.5_current_alpha_beta-[6, 2]_future_alpha_beta-[2, 6]",acc,popularity,0.9140625,False
"n_students-50_n_skills-5_smoothing-0.5_current_alpha_beta-[6, 2]_future_alpha_beta-[2, 6]",acc,simple_markov,0.3837890625,False
"n_students-50_n_skills-5_smoothing-0.5_current_alpha_beta-[6, 2]_future_alpha_beta-[2, 6]",acc,random,0.0029296875,True
"n_students-50_n_skills-5_smoothing-0.5_current_alpha_beta-[6, 2]_future_alpha_beta-[2, 6]",acc,bayesian_network,0.9296875,False
"n_students-50_n_skills-5_smoothing-0.5_current_alpha_beta-[6, 2]_future_alpha_beta-[3, 5]",acc,full_information,0.95703125,False
"n_students-50_n_skills-5_smoothing-0.5_current_alpha_beta-[6, 2]_future_alpha_beta-[3, 5]",acc,popularity,0.8359375,False
"n_students-50_n_skills-5_smoothing-0.5_current_alpha_beta-[6, 2]_future_alpha_beta-[3, 5]",acc,simple_markov,0.62109375,False
"n_students-50_n_skills-5_smoothing-0.5_current_alpha_beta-[6, 2]_future_alpha_beta-[3, 5]",acc,random,0.01171875,True
"n_students-50_n_skills-5_smoothing-0.5_current_alpha_beta-[6, 2]_future_alpha_beta-[3, 5]",acc,bayesian_network,0.646484375,False
"n_students-50_n_skills-5_smoothing-0.5_current_alpha_beta-[6, 2]_future_alpha_beta-[4, 4]",acc,full_information,0.4541015625,False
"n_students-50_n_skills-5_smoothing-0.5_current_alpha_beta-[6, 2]_future_alpha_beta-[4, 4]",acc,popularity,0.05859375,False
"n_students-50_n_skills-5_smoothing-0.5_current_alpha_beta-[6, 2]_future_alpha_beta-[4, 4]",acc,simple_markov,0.15625,False
"n_students-50_n_skills-5_smoothing-0.5_current_alpha_beta-[6, 2]_future_alpha_beta-[4, 4]",acc,random,0.076171875,False
"n_students-50_n_skills-5_smoothing-0.5_current_alpha_beta-[6, 2]_future_alpha_beta-[4, 4]",acc,bayesian_network,0.22265625,False
"n_students-50_n_skills-5_smoothing-0.5_current_alpha_beta-[6, 2]_future_alpha_beta-[5, 3]",acc,full_information,0.7490234375,False
"n_students-50_n_skills-5_smoothing-0.5_current_alpha_beta-[6, 2]_future_alpha_beta-[5, 3]",acc,popularity,0.890625,False
"n_students-50_n_skills-5_smoothing-0.5_current_alpha_beta-[6, 2]_future_alpha_beta-[5, 3]",acc,simple_markov,0.3779296875,False
"n_students-50_n_skills-5_smoothing-0.5_current_alpha_beta-[6, 2]_future_alpha_beta-[5, 3]",acc,random,0.0751953125,False
"n_students-50_n_skills-5_smoothing-0.5_current_alpha_beta-[6, 2]_future_alpha_beta-[5, 3]",acc,bayesian_network,0.89453125,False
"n_students-50_n_skills-5_smoothing-0.5_current_alpha_beta-[6, 2]_future_alpha_beta-[6, 2]",acc,full_information,0.75,False
"n_students-50_n_skills-5_smoothing-0.5_current_alpha_beta-[6, 2]_future_alpha_beta-[6, 2]",acc,popularity,0.234375,False
"n_students-50_n_skills-5_smoothing-0.5_current_alpha_beta-[6, 2]_future_alpha_beta-[6, 2]",acc,simple_markov,0.3583984375,False
"n_students-50_n_skills-5_smoothing-0.5_current_alpha_beta-[6, 2]_future_alpha_beta-[6, 2]",acc,random,0.1875,False
"n_students-50_n_skills-5_smoothing-0.5_current_alpha_beta-[6, 2]_future_alpha_beta-[6, 2]",acc,bayesian_network,0.5380859375,False
